[    1249ms] [WARNING] %c%s%c ⚠ metadataBase property in metadata export is not set for resolving social open graph or twitter images, using "http://localhost:4455". See https://nextjs.org/docs/app/api-reference/functions/generate-metadata#metadatabase background: #e6e6e6;background: light-dark(rgba(0,0,0,0.1), rgba(255,255,255,0.25));color: #000000;color: light-dark(#000000, #ffffff);border-radius: 2px  Server   @ http://localhost:4455/_next/static/chunks/41356_next_dist_bdce7b59._.js:2297
[    1479ms] [WARNING] Image with src "/logo.png" has either width or height modified, but not the other. If you use CSS to change the size of your image, also include the styles 'width: "auto"' or 'height: "auto"' to maintain the aspect ratio. @ http://localhost:4455/_next/static/chunks/41356_next_dist_bdce7b59._.js:2297
[ 3436459ms] [WARNING] Image with src "/logo.png" has either width or height modified, but not the other. If you use CSS to change the size of your image, also include the styles 'width: "auto"' or 'height: "auto"' to maintain the aspect ratio. @ http://localhost:4455/_next/static/chunks/41356_next_dist_bdce7b59._.js:2297
[38469185ms] [ERROR] %s is an async Client Component. Only Server Components can be async at the moment. This error is often caused by accidentally adding `'use client'` to a module that was originally written for the server. <Footer> @ http://localhost:4455/_next/static/chunks/41356_next_dist_bdce7b59._.js:3127
[38469260ms] [WARNING] [HMR] Invalid message: {"isTrusted":true}
TypeError: Cannot convert undefined or null to object
    at Object.keys (<anonymous>)
    at extractModulesFromTurbopackMessage (http://localhost:4455/_next/static/chunks/41356_next_dist_client_183710ad._.js:11210:39)
    at TurbopackHmr.onTurbopackMessage (http://localhost:4455/_next/static/chunks/41356_next_dist_client_183710ad._.js:11157:32)
    at processMessage (http://localhost:4455/_next/static/chunks/41356_next_dist_client_183710ad._.js:11589:30)
    at WebSocket.handleMessage (http://localhost:4455/_next/static/chunks/41356_next_dist_client_183710ad._.js:10914:52) @ http://localhost:4455/_next/static/chunks/41356_next_dist_bdce7b59._.js:2297
[38469339ms] Error: `getTranslations` is not supported in Client Components.
    at eval (http://localhost:4455/_next/static/chunks/41356_db1ab835._.js?id=%255Bproject%255D%252FDocuments%252FTest%252FAI%252FAI-Resume-Builder%252Ffrontend%252Fnode_modules%252Fnext-intl%252Fdist%252Fesm%252Fdevelopment%252Fserver%252Freact-client%252Findex.js+%255Bapp-client%255D+%2528ecmascript%2529:32:15)
    at Footer (http://localhost:4455/_next/static/chunks/Documents_Test_AI_AI-Resume-Builder_frontend_a56fb98e._.js?id=%255Bproject%255D%252FDocuments%252FTest%252FAI%252FAI-Resume-Builder%252Ffrontend%252Fcomponents%252FFooter.tsx+%255Bapp-client%255D+%2528ecmascript%2529:17:306)
    at Object.react_stack_bottom_frame (http://localhost:4455/_next/static/chunks/41356_next_dist_compiled_react-dom_fff4b597._.js:14826:24)
    at renderWithHooks (http://localhost:4455/_next/static/chunks/41356_next_dist_compiled_react-dom_fff4b597._.js:4651:24)
    at updateFunctionComponent (http://localhost:4455/_next/static/chunks/41356_next_dist_compiled_react-dom_fff4b597._.js:6112:21)
    at beginWork (http://localhost:4455/_next/static/chunks/41356_next_dist_compiled_react-dom_fff4b597._.js:6708:24)
    at runWithFiberInDEV (http://localhost:4455/_next/static/chunks/41356_next_dist_compiled_react-dom_fff4b597._.js:965:74)
    at performUnitOfWork (http://localhost:4455/_next/static/chunks/41356_next_dist_compiled_react-dom_fff4b597._.js:9562:97)
    at workLoopSync (http://localhost:4455/_next/static/chunks/41356_next_dist_compiled_react-dom_fff4b597._.js:9456:40)
    at renderRootSync (http://localhost:4455/_next/static/chunks/41356_next_dist_compiled_react-dom_fff4b597._.js:9440:13)
    at performWorkOnRoot (http://localhost:4455/_next/static/chunks/41356_next_dist_compiled_react-dom_fff4b597._.js:9068:186)
    at performSyncWorkOnRoot (http://localhost:4455/_next/static/chunks/41356_next_dist_compiled_react-dom_fff4b597._.js:10238:9)
    at flushSyncWorkAcrossRoots_impl (http://localhost:4455/_next/static/chunks/41356_next_dist_compiled_react-dom_fff4b597._.js:10154:316)
    at flushSyncWork$1 (http://localhost:4455/_next/static/chunks/41356_next_dist_compiled_react-dom_fff4b597._.js:9237:86)
    at Object.scheduleRefresh (http://localhost:4455/_next/static/chunks/41356_next_dist_compiled_react-dom_fff4b597._.js:299:13)
    at http://localhost:4455/_next/static/chunks/41356_next_dist_compiled_31ee47d2._.js:391:33
    at Set.forEach (<anonymous>)
    at Object.performReactRefresh (http://localhost:4455/_next/static/chunks/41356_next_dist_compiled_31ee47d2._.js:384:38)
    at applyUpdate (http://localhost:4455/_next/static/chunks/41356_next_dist_compiled_31ee47d2._.js:878:31)
    at http://localhost:4455/_next/static/chunks/41356_next_dist_compiled_31ee47d2._.js:886:13
[38469427ms] Error: `getTranslations` is not supported in Client Components.
    at eval (http://localhost:4455/_next/static/chunks/41356_db1ab835._.js?id=%255Bproject%255D%252FDocuments%252FTest%252FAI%252FAI-Resume-Builder%252Ffrontend%252Fnode_modules%252Fnext-intl%252Fdist%252Fesm%252Fdevelopment%252Fserver%252Freact-client%252Findex.js+%255Bapp-client%255D+%2528ecmascript%2529:32:15)
    at Footer (http://localhost:4455/_next/static/chunks/Documents_Test_AI_AI-Resume-Builder_frontend_a56fb98e._.js?id=%255Bproject%255D%252FDocuments%252FTest%252FAI%252FAI-Resume-Builder%252Ffrontend%252Fcomponents%252FFooter.tsx+%255Bapp-client%255D+%2528ecmascript%2529:17:306)
    at Object.react_stack_bottom_frame (http://localhost:4455/_next/static/chunks/41356_next_dist_compiled_react-dom_fff4b597._.js:14826:24)
    at renderWithHooks (http://localhost:4455/_next/static/chunks/41356_next_dist_compiled_react-dom_fff4b597._.js:4651:24)
    at updateFunctionComponent (http://localhost:4455/_next/static/chunks/41356_next_dist_compiled_react-dom_fff4b597._.js:6112:21)
    at beginWork (http://localhost:4455/_next/static/chunks/41356_next_dist_compiled_react-dom_fff4b597._.js:6708:24)
    at runWithFiberInDEV (http://localhost:4455/_next/static/chunks/41356_next_dist_compiled_react-dom_fff4b597._.js:965:74)
    at performUnitOfWork (http://localhost:4455/_next/static/chunks/41356_next_dist_compiled_react-dom_fff4b597._.js:9562:97)
    at workLoopSync (http://localhost:4455/_next/static/chunks/41356_next_dist_compiled_react-dom_fff4b597._.js:9456:40)
    at renderRootSync (http://localhost:4455/_next/static/chunks/41356_next_dist_compiled_react-dom_fff4b597._.js:9440:13)
    at performWorkOnRoot (http://localhost:4455/_next/static/chunks/41356_next_dist_compiled_react-dom_fff4b597._.js:9068:186)
    at performSyncWorkOnRoot (http://localhost:4455/_next/static/chunks/41356_next_dist_compiled_react-dom_fff4b597._.js:10238:9)
    at flushSyncWorkAcrossRoots_impl (http://localhost:4455/_next/static/chunks/41356_next_dist_compiled_react-dom_fff4b597._.js:10154:316)
    at processRootScheduleInMicrotask (http://localhost:4455/_next/static/chunks/41356_next_dist_compiled_react-dom_fff4b597._.js:10175:106)
    at http://localhost:4455/_next/static/chunks/41356_next_dist_compiled_react-dom_fff4b597._.js:10249:158
[38469432ms] Error: `getTranslations` is not supported in Client Components.
    at eval (http://localhost:4455/_next/static/chunks/41356_db1ab835._.js?id=%255Bproject%255D%252FDocuments%252FTest%252FAI%252FAI-Resume-Builder%252Ffrontend%252Fnode_modules%252Fnext-intl%252Fdist%252Fesm%252Fdevelopment%252Fserver%252Freact-client%252Findex.js+%255Bapp-client%255D+%2528ecmascript%2529:32:15)
    at Footer (http://localhost:4455/_next/static/chunks/Documents_Test_AI_AI-Resume-Builder_frontend_a56fb98e._.js?id=%255Bproject%255D%252FDocuments%252FTest%252FAI%252FAI-Resume-Builder%252Ffrontend%252Fcomponents%252FFooter.tsx+%255Bapp-client%255D+%2528ecmascript%2529:17:306)
    at Object.react_stack_bottom_frame (http://localhost:4455/_next/static/chunks/41356_next_dist_compiled_react-dom_fff4b597._.js:14826:24)
    at renderWithHooks (http://localhost:4455/_next/static/chunks/41356_next_dist_compiled_react-dom_fff4b597._.js:4651:24)
    at updateFunctionComponent (http://localhost:4455/_next/static/chunks/41356_next_dist_compiled_react-dom_fff4b597._.js:6112:21)
    at beginWork (http://localhost:4455/_next/static/chunks/41356_next_dist_compiled_react-dom_fff4b597._.js:6708:24)
    at runWithFiberInDEV (http://localhost:4455/_next/static/chunks/41356_next_dist_compiled_react-dom_fff4b597._.js:965:74)
    at performUnitOfWork (http://localhost:4455/_next/static/chunks/41356_next_dist_compiled_react-dom_fff4b597._.js:9562:97)
    at workLoopSync (http://localhost:4455/_next/static/chunks/41356_next_dist_compiled_react-dom_fff4b597._.js:9456:40)
    at renderRootSync (http://localhost:4455/_next/static/chunks/41356_next_dist_compiled_react-dom_fff4b597._.js:9440:13)
    at performWorkOnRoot (http://localhost:4455/_next/static/chunks/41356_next_dist_compiled_react-dom_fff4b597._.js:9068:186)
    at performSyncWorkOnRoot (http://localhost:4455/_next/static/chunks/41356_next_dist_compiled_react-dom_fff4b597._.js:10238:9)
    at flushSyncWorkAcrossRoots_impl (http://localhost:4455/_next/static/chunks/41356_next_dist_compiled_react-dom_fff4b597._.js:10154:316)
    at processRootScheduleInMicrotask (http://localhost:4455/_next/static/chunks/41356_next_dist_compiled_react-dom_fff4b597._.js:10175:106)
    at http://localhost:4455/_next/static/chunks/41356_next_dist_compiled_react-dom_fff4b597._.js:10249:158
[38469434ms] Error: `getTranslations` is not supported in Client Components.
    at eval (http://localhost:4455/_next/static/chunks/41356_db1ab835._.js?id=%255Bproject%255D%252FDocuments%252FTest%252FAI%252FAI-Resume-Builder%252Ffrontend%252Fnode_modules%252Fnext-intl%252Fdist%252Fesm%252Fdevelopment%252Fserver%252Freact-client%252Findex.js+%255Bapp-client%255D+%2528ecmascript%2529:32:15)
    at Footer (http://localhost:4455/_next/static/chunks/Documents_Test_AI_AI-Resume-Builder_frontend_a56fb98e._.js?id=%255Bproject%255D%252FDocuments%252FTest%252FAI%252FAI-Resume-Builder%252Ffrontend%252Fcomponents%252FFooter.tsx+%255Bapp-client%255D+%2528ecmascript%2529:17:306)
    at Object.react_stack_bottom_frame (http://localhost:4455/_next/static/chunks/41356_next_dist_compiled_react-dom_fff4b597._.js:14826:24)
    at renderWithHooks (http://localhost:4455/_next/static/chunks/41356_next_dist_compiled_react-dom_fff4b597._.js:4651:24)
    at updateFunctionComponent (http://localhost:4455/_next/static/chunks/41356_next_dist_compiled_react-dom_fff4b597._.js:6112:21)
    at beginWork (http://localhost:4455/_next/static/chunks/41356_next_dist_compiled_react-dom_fff4b597._.js:6708:24)
    at runWithFiberInDEV (http://localhost:4455/_next/static/chunks/41356_next_dist_compiled_react-dom_fff4b597._.js:965:74)
    at performUnitOfWork (http://localhost:4455/_next/static/chunks/41356_next_dist_compiled_react-dom_fff4b597._.js:9562:97)
    at workLoopSync (http://localhost:4455/_next/static/chunks/41356_next_dist_compiled_react-dom_fff4b597._.js:9456:40)
    at renderRootSync (http://localhost:4455/_next/static/chunks/41356_next_dist_compiled_react-dom_fff4b597._.js:9440:13)
    at performWorkOnRoot (http://localhost:4455/_next/static/chunks/41356_next_dist_compiled_react-dom_fff4b597._.js:9068:186)
    at performSyncWorkOnRoot (http://localhost:4455/_next/static/chunks/41356_next_dist_compiled_react-dom_fff4b597._.js:10238:9)
    at flushSyncWorkAcrossRoots_impl (http://localhost:4455/_next/static/chunks/41356_next_dist_compiled_react-dom_fff4b597._.js:10154:316)
    at processRootScheduleInMicrotask (http://localhost:4455/_next/static/chunks/41356_next_dist_compiled_react-dom_fff4b597._.js:10175:106)
    at http://localhost:4455/_next/static/chunks/41356_next_dist_compiled_react-dom_fff4b597._.js:10249:158
[38469435ms] Error: `getTranslations` is not supported in Client Components.
    at eval (http://localhost:4455/_next/static/chunks/41356_db1ab835._.js?id=%255Bproject%255D%252FDocuments%252FTest%252FAI%252FAI-Resume-Builder%252Ffrontend%252Fnode_modules%252Fnext-intl%252Fdist%252Fesm%252Fdevelopment%252Fserver%252Freact-client%252Findex.js+%255Bapp-client%255D+%2528ecmascript%2529:32:15)
    at Footer (http://localhost:4455/_next/static/chunks/Documents_Test_AI_AI-Resume-Builder_frontend_a56fb98e._.js?id=%255Bproject%255D%252FDocuments%252FTest%252FAI%252FAI-Resume-Builder%252Ffrontend%252Fcomponents%252FFooter.tsx+%255Bapp-client%255D+%2528ecmascript%2529:17:306)
    at Object.react_stack_bottom_frame (http://localhost:4455/_next/static/chunks/41356_next_dist_compiled_react-dom_fff4b597._.js:14826:24)
    at renderWithHooks (http://localhost:4455/_next/static/chunks/41356_next_dist_compiled_react-dom_fff4b597._.js:4651:24)
    at updateFunctionComponent (http://localhost:4455/_next/static/chunks/41356_next_dist_compiled_react-dom_fff4b597._.js:6112:21)
    at beginWork (http://localhost:4455/_next/static/chunks/41356_next_dist_compiled_react-dom_fff4b597._.js:6708:24)
    at runWithFiberInDEV (http://localhost:4455/_next/static/chunks/41356_next_dist_compiled_react-dom_fff4b597._.js:965:74)
    at performUnitOfWork (http://localhost:4455/_next/static/chunks/41356_next_dist_compiled_react-dom_fff4b597._.js:9562:97)
    at workLoopSync (http://localhost:4455/_next/static/chunks/41356_next_dist_compiled_react-dom_fff4b597._.js:9456:40)
    at renderRootSync (http://localhost:4455/_next/static/chunks/41356_next_dist_compiled_react-dom_fff4b597._.js:9440:13)
    at performWorkOnRoot (http://localhost:4455/_next/static/chunks/41356_next_dist_compiled_react-dom_fff4b597._.js:9068:186)
    at performSyncWorkOnRoot (http://localhost:4455/_next/static/chunks/41356_next_dist_compiled_react-dom_fff4b597._.js:10238:9)
    at flushSyncWorkAcrossRoots_impl (http://localhost:4455/_next/static/chunks/41356_next_dist_compiled_react-dom_fff4b597._.js:10154:316)
    at processRootScheduleInMicrotask (http://localhost:4455/_next/static/chunks/41356_next_dist_compiled_react-dom_fff4b597._.js:10175:106)
    at http://localhost:4455/_next/static/chunks/41356_next_dist_compiled_react-dom_fff4b597._.js:10249:158
[38469436ms] Error: `getTranslations` is not supported in Client Components.
    at eval (http://localhost:4455/_next/static/chunks/41356_db1ab835._.js?id=%255Bproject%255D%252FDocuments%252FTest%252FAI%252FAI-Resume-Builder%252Ffrontend%252Fnode_modules%252Fnext-intl%252Fdist%252Fesm%252Fdevelopment%252Fserver%252Freact-client%252Findex.js+%255Bapp-client%255D+%2528ecmascript%2529:32:15)
    at Footer (http://localhost:4455/_next/static/chunks/Documents_Test_AI_AI-Resume-Builder_frontend_a56fb98e._.js?id=%255Bproject%255D%252FDocuments%252FTest%252FAI%252FAI-Resume-Builder%252Ffrontend%252Fcomponents%252FFooter.tsx+%255Bapp-client%255D+%2528ecmascript%2529:17:306)
    at Object.react_stack_bottom_frame (http://localhost:4455/_next/static/chunks/41356_next_dist_compiled_react-dom_fff4b597._.js:14826:24)
    at renderWithHooks (http://localhost:4455/_next/static/chunks/41356_next_dist_compiled_react-dom_fff4b597._.js:4651:24)
    at updateFunctionComponent (http://localhost:4455/_next/static/chunks/41356_next_dist_compiled_react-dom_fff4b597._.js:6112:21)
    at beginWork (http://localhost:4455/_next/static/chunks/41356_next_dist_compiled_react-dom_fff4b597._.js:6708:24)
    at runWithFiberInDEV (http://localhost:4455/_next/static/chunks/41356_next_dist_compiled_react-dom_fff4b597._.js:965:74)
    at performUnitOfWork (http://localhost:4455/_next/static/chunks/41356_next_dist_compiled_react-dom_fff4b597._.js:9562:97)
    at workLoopSync (http://localhost:4455/_next/static/chunks/41356_next_dist_compiled_react-dom_fff4b597._.js:9456:40)
    at renderRootSync (http://localhost:4455/_next/static/chunks/41356_next_dist_compiled_react-dom_fff4b597._.js:9440:13)
    at performWorkOnRoot (http://localhost:4455/_next/static/chunks/41356_next_dist_compiled_react-dom_fff4b597._.js:9068:186)
    at performSyncWorkOnRoot (http://localhost:4455/_next/static/chunks/41356_next_dist_compiled_react-dom_fff4b597._.js:10238:9)
    at flushSyncWorkAcrossRoots_impl (http://localhost:4455/_next/static/chunks/41356_next_dist_compiled_react-dom_fff4b597._.js:10154:316)
    at processRootScheduleInMicrotask (http://localhost:4455/_next/static/chunks/41356_next_dist_compiled_react-dom_fff4b597._.js:10175:106)
    at http://localhost:4455/_next/static/chunks/41356_next_dist_compiled_react-dom_fff4b597._.js:10249:158
[38469439ms] Error: `getTranslations` is not supported in Client Components.
    at eval (http://localhost:4455/_next/static/chunks/41356_db1ab835._.js?id=%255Bproject%255D%252FDocuments%252FTest%252FAI%252FAI-Resume-Builder%252Ffrontend%252Fnode_modules%252Fnext-intl%252Fdist%252Fesm%252Fdevelopment%252Fserver%252Freact-client%252Findex.js+%255Bapp-client%255D+%2528ecmascript%2529:32:15)
    at Footer (http://localhost:4455/_next/static/chunks/Documents_Test_AI_AI-Resume-Builder_frontend_a56fb98e._.js?id=%255Bproject%255D%252FDocuments%252FTest%252FAI%252FAI-Resume-Builder%252Ffrontend%252Fcomponents%252FFooter.tsx+%255Bapp-client%255D+%2528ecmascript%2529:17:306)
    at Object.react_stack_bottom_frame (http://localhost:4455/_next/static/chunks/41356_next_dist_compiled_react-dom_fff4b597._.js:14826:24)
    at renderWithHooks (http://localhost:4455/_next/static/chunks/41356_next_dist_compiled_react-dom_fff4b597._.js:4651:24)
    at updateFunctionComponent (http://localhost:4455/_next/static/chunks/41356_next_dist_compiled_react-dom_fff4b597._.js:6112:21)
    at beginWork (http://localhost:4455/_next/static/chunks/41356_next_dist_compiled_react-dom_fff4b597._.js:6708:24)
    at runWithFiberInDEV (http://localhost:4455/_next/static/chunks/41356_next_dist_compiled_react-dom_fff4b597._.js:965:74)
    at performUnitOfWork (http://localhost:4455/_next/static/chunks/41356_next_dist_compiled_react-dom_fff4b597._.js:9562:97)
    at workLoopSync (http://localhost:4455/_next/static/chunks/41356_next_dist_compiled_react-dom_fff4b597._.js:9456:40)
    at renderRootSync (http://localhost:4455/_next/static/chunks/41356_next_dist_compiled_react-dom_fff4b597._.js:9440:13)
    at performWorkOnRoot (http://localhost:4455/_next/static/chunks/41356_next_dist_compiled_react-dom_fff4b597._.js:9068:186)
    at performSyncWorkOnRoot (http://localhost:4455/_next/static/chunks/41356_next_dist_compiled_react-dom_fff4b597._.js:10238:9)
    at flushSyncWorkAcrossRoots_impl (http://localhost:4455/_next/static/chunks/41356_next_dist_compiled_react-dom_fff4b597._.js:10154:316)
    at processRootScheduleInMicrotask (http://localhost:4455/_next/static/chunks/41356_next_dist_compiled_react-dom_fff4b597._.js:10175:106)
    at http://localhost:4455/_next/static/chunks/41356_next_dist_compiled_react-dom_fff4b597._.js:10249:158
[38469441ms] Error: `getTranslations` is not supported in Client Components.
    at eval (http://localhost:4455/_next/static/chunks/41356_db1ab835._.js?id=%255Bproject%255D%252FDocuments%252FTest%252FAI%252FAI-Resume-Builder%252Ffrontend%252Fnode_modules%252Fnext-intl%252Fdist%252Fesm%252Fdevelopment%252Fserver%252Freact-client%252Findex.js+%255Bapp-client%255D+%2528ecmascript%2529:32:15)
    at Footer (http://localhost:4455/_next/static/chunks/Documents_Test_AI_AI-Resume-Builder_frontend_a56fb98e._.js?id=%255Bproject%255D%252FDocuments%252FTest%252FAI%252FAI-Resume-Builder%252Ffrontend%252Fcomponents%252FFooter.tsx+%255Bapp-client%255D+%2528ecmascript%2529:17:306)
    at Object.react_stack_bottom_frame (http://localhost:4455/_next/static/chunks/41356_next_dist_compiled_react-dom_fff4b597._.js:14826:24)
    at renderWithHooks (http://localhost:4455/_next/static/chunks/41356_next_dist_compiled_react-dom_fff4b597._.js:4651:24)
    at updateFunctionComponent (http://localhost:4455/_next/static/chunks/41356_next_dist_compiled_react-dom_fff4b597._.js:6112:21)
    at beginWork (http://localhost:4455/_next/static/chunks/41356_next_dist_compiled_react-dom_fff4b597._.js:6708:24)
    at runWithFiberInDEV (http://localhost:4455/_next/static/chunks/41356_next_dist_compiled_react-dom_fff4b597._.js:965:74)
    at performUnitOfWork (http://localhost:4455/_next/static/chunks/41356_next_dist_compiled_react-dom_fff4b597._.js:9562:97)
    at workLoopSync (http://localhost:4455/_next/static/chunks/41356_next_dist_compiled_react-dom_fff4b597._.js:9456:40)
    at renderRootSync (http://localhost:4455/_next/static/chunks/41356_next_dist_compiled_react-dom_fff4b597._.js:9440:13)
    at performWorkOnRoot (http://localhost:4455/_next/static/chunks/41356_next_dist_compiled_react-dom_fff4b597._.js:9068:186)
    at performSyncWorkOnRoot (http://localhost:4455/_next/static/chunks/41356_next_dist_compiled_react-dom_fff4b597._.js:10238:9)
    at flushSyncWorkAcrossRoots_impl (http://localhost:4455/_next/static/chunks/41356_next_dist_compiled_react-dom_fff4b597._.js:10154:316)
    at processRootScheduleInMicrotask (http://localhost:4455/_next/static/chunks/41356_next_dist_compiled_react-dom_fff4b597._.js:10175:106)
    at http://localhost:4455/_next/static/chunks/41356_next_dist_compiled_react-dom_fff4b597._.js:10249:158
[38469442ms] Error: `getTranslations` is not supported in Client Components.
    at eval (http://localhost:4455/_next/static/chunks/41356_db1ab835._.js?id=%255Bproject%255D%252FDocuments%252FTest%252FAI%252FAI-Resume-Builder%252Ffrontend%252Fnode_modules%252Fnext-intl%252Fdist%252Fesm%252Fdevelopment%252Fserver%252Freact-client%252Findex.js+%255Bapp-client%255D+%2528ecmascript%2529:32:15)
    at Footer (http://localhost:4455/_next/static/chunks/Documents_Test_AI_AI-Resume-Builder_frontend_a56fb98e._.js?id=%255Bproject%255D%252FDocuments%252FTest%252FAI%252FAI-Resume-Builder%252Ffrontend%252Fcomponents%252FFooter.tsx+%255Bapp-client%255D+%2528ecmascript%2529:17:306)
    at Object.react_stack_bottom_frame (http://localhost:4455/_next/static/chunks/41356_next_dist_compiled_react-dom_fff4b597._.js:14826:24)
    at renderWithHooks (http://localhost:4455/_next/static/chunks/41356_next_dist_compiled_react-dom_fff4b597._.js:4651:24)
    at updateFunctionComponent (http://localhost:4455/_next/static/chunks/41356_next_dist_compiled_react-dom_fff4b597._.js:6112:21)
    at beginWork (http://localhost:4455/_next/static/chunks/41356_next_dist_compiled_react-dom_fff4b597._.js:6708:24)
    at runWithFiberInDEV (http://localhost:4455/_next/static/chunks/41356_next_dist_compiled_react-dom_fff4b597._.js:965:74)
    at performUnitOfWork (http://localhost:4455/_next/static/chunks/41356_next_dist_compiled_react-dom_fff4b597._.js:9562:97)
    at workLoopSync (http://localhost:4455/_next/static/chunks/41356_next_dist_compiled_react-dom_fff4b597._.js:9456:40)
    at renderRootSync (http://localhost:4455/_next/static/chunks/41356_next_dist_compiled_react-dom_fff4b597._.js:9440:13)
    at performWorkOnRoot (http://localhost:4455/_next/static/chunks/41356_next_dist_compiled_react-dom_fff4b597._.js:9068:186)
    at performSyncWorkOnRoot (http://localhost:4455/_next/static/chunks/41356_next_dist_compiled_react-dom_fff4b597._.js:10238:9)
    at flushSyncWorkAcrossRoots_impl (http://localhost:4455/_next/static/chunks/41356_next_dist_compiled_react-dom_fff4b597._.js:10154:316)
    at processRootScheduleInMicrotask (http://localhost:4455/_next/static/chunks/41356_next_dist_compiled_react-dom_fff4b597._.js:10175:106)
    at http://localhost:4455/_next/static/chunks/41356_next_dist_compiled_react-dom_fff4b597._.js:10249:158
[38469444ms] Error: `getTranslations` is not supported in Client Components.
    at eval (http://localhost:4455/_next/static/chunks/41356_db1ab835._.js?id=%255Bproject%255D%252FDocuments%252FTest%252FAI%252FAI-Resume-Builder%252Ffrontend%252Fnode_modules%252Fnext-intl%252Fdist%252Fesm%252Fdevelopment%252Fserver%252Freact-client%252Findex.js+%255Bapp-client%255D+%2528ecmascript%2529:32:15)
    at Footer (http://localhost:4455/_next/static/chunks/Documents_Test_AI_AI-Resume-Builder_frontend_a56fb98e._.js?id=%255Bproject%255D%252FDocuments%252FTest%252FAI%252FAI-Resume-Builder%252Ffrontend%252Fcomponents%252FFooter.tsx+%255Bapp-client%255D+%2528ecmascript%2529:17:306)
    at Object.react_stack_bottom_frame (http://localhost:4455/_next/static/chunks/41356_next_dist_compiled_react-dom_fff4b597._.js:14826:24)
    at renderWithHooks (http://localhost:4455/_next/static/chunks/41356_next_dist_compiled_react-dom_fff4b597._.js:4651:24)
    at updateFunctionComponent (http://localhost:4455/_next/static/chunks/41356_next_dist_compiled_react-dom_fff4b597._.js:6112:21)
    at beginWork (http://localhost:4455/_next/static/chunks/41356_next_dist_compiled_react-dom_fff4b597._.js:6708:24)
    at runWithFiberInDEV (http://localhost:4455/_next/static/chunks/41356_next_dist_compiled_react-dom_fff4b597._.js:965:74)
    at performUnitOfWork (http://localhost:4455/_next/static/chunks/41356_next_dist_compiled_react-dom_fff4b597._.js:9562:97)
    at workLoopSync (http://localhost:4455/_next/static/chunks/41356_next_dist_compiled_react-dom_fff4b597._.js:9456:40)
    at renderRootSync (http://localhost:4455/_next/static/chunks/41356_next_dist_compiled_react-dom_fff4b597._.js:9440:13)
    at performWorkOnRoot (http://localhost:4455/_next/static/chunks/41356_next_dist_compiled_react-dom_fff4b597._.js:9068:186)
    at performSyncWorkOnRoot (http://localhost:4455/_next/static/chunks/41356_next_dist_compiled_react-dom_fff4b597._.js:10238:9)
    at flushSyncWorkAcrossRoots_impl (http://localhost:4455/_next/static/chunks/41356_next_dist_compiled_react-dom_fff4b597._.js:10154:316)
    at processRootScheduleInMicrotask (http://localhost:4455/_next/static/chunks/41356_next_dist_compiled_react-dom_fff4b597._.js:10175:106)
    at http://localhost:4455/_next/static/chunks/41356_next_dist_compiled_react-dom_fff4b597._.js:10249:158
[38469445ms] Error: `getTranslations` is not supported in Client Components.
    at eval (http://localhost:4455/_next/static/chunks/41356_db1ab835._.js?id=%255Bproject%255D%252FDocuments%252FTest%252FAI%252FAI-Resume-Builder%252Ffrontend%252Fnode_modules%252Fnext-intl%252Fdist%252Fesm%252Fdevelopment%252Fserver%252Freact-client%252Findex.js+%255Bapp-client%255D+%2528ecmascript%2529:32:15)
    at Footer (http://localhost:4455/_next/static/chunks/Documents_Test_AI_AI-Resume-Builder_frontend_a56fb98e._.js?id=%255Bproject%255D%252FDocuments%252FTest%252FAI%252FAI-Resume-Builder%252Ffrontend%252Fcomponents%252FFooter.tsx+%255Bapp-client%255D+%2528ecmascript%2529:17:306)
    at Object.react_stack_bottom_frame (http://localhost:4455/_next/static/chunks/41356_next_dist_compiled_react-dom_fff4b597._.js:14826:24)
    at renderWithHooks (http://localhost:4455/_next/static/chunks/41356_next_dist_compiled_react-dom_fff4b597._.js:4651:24)
    at updateFunctionComponent (http://localhost:4455/_next/static/chunks/41356_next_dist_compiled_react-dom_fff4b597._.js:6112:21)
    at beginWork (http://localhost:4455/_next/static/chunks/41356_next_dist_compiled_react-dom_fff4b597._.js:6708:24)
    at runWithFiberInDEV (http://localhost:4455/_next/static/chunks/41356_next_dist_compiled_react-dom_fff4b597._.js:965:74)
    at performUnitOfWork (http://localhost:4455/_next/static/chunks/41356_next_dist_compiled_react-dom_fff4b597._.js:9562:97)
    at workLoopSync (http://localhost:4455/_next/static/chunks/41356_next_dist_compiled_react-dom_fff4b597._.js:9456:40)
    at renderRootSync (http://localhost:4455/_next/static/chunks/41356_next_dist_compiled_react-dom_fff4b597._.js:9440:13)
    at performWorkOnRoot (http://localhost:4455/_next/static/chunks/41356_next_dist_compiled_react-dom_fff4b597._.js:9068:186)
    at performSyncWorkOnRoot (http://localhost:4455/_next/static/chunks/41356_next_dist_compiled_react-dom_fff4b597._.js:10238:9)
    at flushSyncWorkAcrossRoots_impl (http://localhost:4455/_next/static/chunks/41356_next_dist_compiled_react-dom_fff4b597._.js:10154:316)
    at processRootScheduleInMicrotask (http://localhost:4455/_next/static/chunks/41356_next_dist_compiled_react-dom_fff4b597._.js:10175:106)
    at http://localhost:4455/_next/static/chunks/41356_next_dist_compiled_react-dom_fff4b597._.js:10249:158
[38469446ms] Error: `getTranslations` is not supported in Client Components.
    at eval (http://localhost:4455/_next/static/chunks/41356_db1ab835._.js?id=%255Bproject%255D%252FDocuments%252FTest%252FAI%252FAI-Resume-Builder%252Ffrontend%252Fnode_modules%252Fnext-intl%252Fdist%252Fesm%252Fdevelopment%252Fserver%252Freact-client%252Findex.js+%255Bapp-client%255D+%2528ecmascript%2529:32:15)
    at Footer (http://localhost:4455/_next/static/chunks/Documents_Test_AI_AI-Resume-Builder_frontend_a56fb98e._.js?id=%255Bproject%255D%252FDocuments%252FTest%252FAI%252FAI-Resume-Builder%252Ffrontend%252Fcomponents%252FFooter.tsx+%255Bapp-client%255D+%2528ecmascript%2529:17:306)
    at Object.react_stack_bottom_frame (http://localhost:4455/_next/static/chunks/41356_next_dist_compiled_react-dom_fff4b597._.js:14826:24)
    at renderWithHooks (http://localhost:4455/_next/static/chunks/41356_next_dist_compiled_react-dom_fff4b597._.js:4651:24)
    at updateFunctionComponent (http://localhost:4455/_next/static/chunks/41356_next_dist_compiled_react-dom_fff4b597._.js:6112:21)
    at beginWork (http://localhost:4455/_next/static/chunks/41356_next_dist_compiled_react-dom_fff4b597._.js:6708:24)
    at runWithFiberInDEV (http://localhost:4455/_next/static/chunks/41356_next_dist_compiled_react-dom_fff4b597._.js:965:74)
    at performUnitOfWork (http://localhost:4455/_next/static/chunks/41356_next_dist_compiled_react-dom_fff4b597._.js:9562:97)
    at workLoopSync (http://localhost:4455/_next/static/chunks/41356_next_dist_compiled_react-dom_fff4b597._.js:9456:40)
    at renderRootSync (http://localhost:4455/_next/static/chunks/41356_next_dist_compiled_react-dom_fff4b597._.js:9440:13)
    at performWorkOnRoot (http://localhost:4455/_next/static/chunks/41356_next_dist_compiled_react-dom_fff4b597._.js:9068:186)
    at performSyncWorkOnRoot (http://localhost:4455/_next/static/chunks/41356_next_dist_compiled_react-dom_fff4b597._.js:10238:9)
    at flushSyncWorkAcrossRoots_impl (http://localhost:4455/_next/static/chunks/41356_next_dist_compiled_react-dom_fff4b597._.js:10154:316)
    at processRootScheduleInMicrotask (http://localhost:4455/_next/static/chunks/41356_next_dist_compiled_react-dom_fff4b597._.js:10175:106)
    at http://localhost:4455/_next/static/chunks/41356_next_dist_compiled_react-dom_fff4b597._.js:10249:158
[38469447ms] Error: `getTranslations` is not supported in Client Components.
    at eval (http://localhost:4455/_next/static/chunks/41356_db1ab835._.js?id=%255Bproject%255D%252FDocuments%252FTest%252FAI%252FAI-Resume-Builder%252Ffrontend%252Fnode_modules%252Fnext-intl%252Fdist%252Fesm%252Fdevelopment%252Fserver%252Freact-client%252Findex.js+%255Bapp-client%255D+%2528ecmascript%2529:32:15)
    at Footer (http://localhost:4455/_next/static/chunks/Documents_Test_AI_AI-Resume-Builder_frontend_a56fb98e._.js?id=%255Bproject%255D%252FDocuments%252FTest%252FAI%252FAI-Resume-Builder%252Ffrontend%252Fcomponents%252FFooter.tsx+%255Bapp-client%255D+%2528ecmascript%2529:17:306)
    at Object.react_stack_bottom_frame (http://localhost:4455/_next/static/chunks/41356_next_dist_compiled_react-dom_fff4b597._.js:14826:24)
    at renderWithHooks (http://localhost:4455/_next/static/chunks/41356_next_dist_compiled_react-dom_fff4b597._.js:4651:24)
    at updateFunctionComponent (http://localhost:4455/_next/static/chunks/41356_next_dist_compiled_react-dom_fff4b597._.js:6112:21)
    at beginWork (http://localhost:4455/_next/static/chunks/41356_next_dist_compiled_react-dom_fff4b597._.js:6708:24)
    at runWithFiberInDEV (http://localhost:4455/_next/static/chunks/41356_next_dist_compiled_react-dom_fff4b597._.js:965:74)
    at performUnitOfWork (http://localhost:4455/_next/static/chunks/41356_next_dist_compiled_react-dom_fff4b597._.js:9562:97)
    at workLoopSync (http://localhost:4455/_next/static/chunks/41356_next_dist_compiled_react-dom_fff4b597._.js:9456:40)
    at renderRootSync (http://localhost:4455/_next/static/chunks/41356_next_dist_compiled_react-dom_fff4b597._.js:9440:13)
    at performWorkOnRoot (http://localhost:4455/_next/static/chunks/41356_next_dist_compiled_react-dom_fff4b597._.js:9068:186)
    at performSyncWorkOnRoot (http://localhost:4455/_next/static/chunks/41356_next_dist_compiled_react-dom_fff4b597._.js:10238:9)
    at flushSyncWorkAcrossRoots_impl (http://localhost:4455/_next/static/chunks/41356_next_dist_compiled_react-dom_fff4b597._.js:10154:316)
    at processRootScheduleInMicrotask (http://localhost:4455/_next/static/chunks/41356_next_dist_compiled_react-dom_fff4b597._.js:10175:106)
    at http://localhost:4455/_next/static/chunks/41356_next_dist_compiled_react-dom_fff4b597._.js:10249:158
[38469448ms] Error: `getTranslations` is not supported in Client Components.
    at eval (http://localhost:4455/_next/static/chunks/41356_db1ab835._.js?id=%255Bproject%255D%252FDocuments%252FTest%252FAI%252FAI-Resume-Builder%252Ffrontend%252Fnode_modules%252Fnext-intl%252Fdist%252Fesm%252Fdevelopment%252Fserver%252Freact-client%252Findex.js+%255Bapp-client%255D+%2528ecmascript%2529:32:15)
    at Footer (http://localhost:4455/_next/static/chunks/Documents_Test_AI_AI-Resume-Builder_frontend_a56fb98e._.js?id=%255Bproject%255D%252FDocuments%252FTest%252FAI%252FAI-Resume-Builder%252Ffrontend%252Fcomponents%252FFooter.tsx+%255Bapp-client%255D+%2528ecmascript%2529:17:306)
    at Object.react_stack_bottom_frame (http://localhost:4455/_next/static/chunks/41356_next_dist_compiled_react-dom_fff4b597._.js:14826:24)
    at renderWithHooks (http://localhost:4455/_next/static/chunks/41356_next_dist_compiled_react-dom_fff4b597._.js:4651:24)
    at updateFunctionComponent (http://localhost:4455/_next/static/chunks/41356_next_dist_compiled_react-dom_fff4b597._.js:6112:21)
    at beginWork (http://localhost:4455/_next/static/chunks/41356_next_dist_compiled_react-dom_fff4b597._.js:6708:24)
    at runWithFiberInDEV (http://localhost:4455/_next/static/chunks/41356_next_dist_compiled_react-dom_fff4b597._.js:965:74)
    at performUnitOfWork (http://localhost:4455/_next/static/chunks/41356_next_dist_compiled_react-dom_fff4b597._.js:9562:97)
    at workLoopSync (http://localhost:4455/_next/static/chunks/41356_next_dist_compiled_react-dom_fff4b597._.js:9456:40)
    at renderRootSync (http://localhost:4455/_next/static/chunks/41356_next_dist_compiled_react-dom_fff4b597._.js:9440:13)
    at performWorkOnRoot (http://localhost:4455/_next/static/chunks/41356_next_dist_compiled_react-dom_fff4b597._.js:9068:186)
    at performSyncWorkOnRoot (http://localhost:4455/_next/static/chunks/41356_next_dist_compiled_react-dom_fff4b597._.js:10238:9)
    at flushSyncWorkAcrossRoots_impl (http://localhost:4455/_next/static/chunks/41356_next_dist_compiled_react-dom_fff4b597._.js:10154:316)
    at processRootScheduleInMicrotask (http://localhost:4455/_next/static/chunks/41356_next_dist_compiled_react-dom_fff4b597._.js:10175:106)
    at http://localhost:4455/_next/static/chunks/41356_next_dist_compiled_react-dom_fff4b597._.js:10249:158
[38469449ms] Error: `getTranslations` is not supported in Client Components.
    at eval (http://localhost:4455/_next/static/chunks/41356_db1ab835._.js?id=%255Bproject%255D%252FDocuments%252FTest%252FAI%252FAI-Resume-Builder%252Ffrontend%252Fnode_modules%252Fnext-intl%252Fdist%252Fesm%252Fdevelopment%252Fserver%252Freact-client%252Findex.js+%255Bapp-client%255D+%2528ecmascript%2529:32:15)
    at Footer (http://localhost:4455/_next/static/chunks/Documents_Test_AI_AI-Resume-Builder_frontend_a56fb98e._.js?id=%255Bproject%255D%252FDocuments%252FTest%252FAI%252FAI-Resume-Builder%252Ffrontend%252Fcomponents%252FFooter.tsx+%255Bapp-client%255D+%2528ecmascript%2529:17:306)
    at Object.react_stack_bottom_frame (http://localhost:4455/_next/static/chunks/41356_next_dist_compiled_react-dom_fff4b597._.js:14826:24)
    at renderWithHooks (http://localhost:4455/_next/static/chunks/41356_next_dist_compiled_react-dom_fff4b597._.js:4651:24)
    at updateFunctionComponent (http://localhost:4455/_next/static/chunks/41356_next_dist_compiled_react-dom_fff4b597._.js:6112:21)
    at beginWork (http://localhost:4455/_next/static/chunks/41356_next_dist_compiled_react-dom_fff4b597._.js:6708:24)
    at runWithFiberInDEV (http://localhost:4455/_next/static/chunks/41356_next_dist_compiled_react-dom_fff4b597._.js:965:74)
    at performUnitOfWork (http://localhost:4455/_next/static/chunks/41356_next_dist_compiled_react-dom_fff4b597._.js:9562:97)
    at workLoopSync (http://localhost:4455/_next/static/chunks/41356_next_dist_compiled_react-dom_fff4b597._.js:9456:40)
    at renderRootSync (http://localhost:4455/_next/static/chunks/41356_next_dist_compiled_react-dom_fff4b597._.js:9440:13)
    at performWorkOnRoot (http://localhost:4455/_next/static/chunks/41356_next_dist_compiled_react-dom_fff4b597._.js:9068:186)
    at performSyncWorkOnRoot (http://localhost:4455/_next/static/chunks/41356_next_dist_compiled_react-dom_fff4b597._.js:10238:9)
    at flushSyncWorkAcrossRoots_impl (http://localhost:4455/_next/static/chunks/41356_next_dist_compiled_react-dom_fff4b597._.js:10154:316)
    at processRootScheduleInMicrotask (http://localhost:4455/_next/static/chunks/41356_next_dist_compiled_react-dom_fff4b597._.js:10175:106)
    at http://localhost:4455/_next/static/chunks/41356_next_dist_compiled_react-dom_fff4b597._.js:10249:158
[38469449ms] Error: `getTranslations` is not supported in Client Components.
    at eval (http://localhost:4455/_next/static/chunks/41356_db1ab835._.js?id=%255Bproject%255D%252FDocuments%252FTest%252FAI%252FAI-Resume-Builder%252Ffrontend%252Fnode_modules%252Fnext-intl%252Fdist%252Fesm%252Fdevelopment%252Fserver%252Freact-client%252Findex.js+%255Bapp-client%255D+%2528ecmascript%2529:32:15)
    at Footer (http://localhost:4455/_next/static/chunks/Documents_Test_AI_AI-Resume-Builder_frontend_a56fb98e._.js?id=%255Bproject%255D%252FDocuments%252FTest%252FAI%252FAI-Resume-Builder%252Ffrontend%252Fcomponents%252FFooter.tsx+%255Bapp-client%255D+%2528ecmascript%2529:17:306)
    at Object.react_stack_bottom_frame (http://localhost:4455/_next/static/chunks/41356_next_dist_compiled_react-dom_fff4b597._.js:14826:24)
    at renderWithHooks (http://localhost:4455/_next/static/chunks/41356_next_dist_compiled_react-dom_fff4b597._.js:4651:24)
    at updateFunctionComponent (http://localhost:4455/_next/static/chunks/41356_next_dist_compiled_react-dom_fff4b597._.js:6112:21)
    at beginWork (http://localhost:4455/_next/static/chunks/41356_next_dist_compiled_react-dom_fff4b597._.js:6708:24)
    at runWithFiberInDEV (http://localhost:4455/_next/static/chunks/41356_next_dist_compiled_react-dom_fff4b597._.js:965:74)
    at performUnitOfWork (http://localhost:4455/_next/static/chunks/41356_next_dist_compiled_react-dom_fff4b597._.js:9562:97)
    at workLoopSync (http://localhost:4455/_next/static/chunks/41356_next_dist_compiled_react-dom_fff4b597._.js:9456:40)
    at renderRootSync (http://localhost:4455/_next/static/chunks/41356_next_dist_compiled_react-dom_fff4b597._.js:9440:13)
    at performWorkOnRoot (http://localhost:4455/_next/static/chunks/41356_next_dist_compiled_react-dom_fff4b597._.js:9068:186)
    at performSyncWorkOnRoot (http://localhost:4455/_next/static/chunks/41356_next_dist_compiled_react-dom_fff4b597._.js:10238:9)
    at flushSyncWorkAcrossRoots_impl (http://localhost:4455/_next/static/chunks/41356_next_dist_compiled_react-dom_fff4b597._.js:10154:316)
    at processRootScheduleInMicrotask (http://localhost:4455/_next/static/chunks/41356_next_dist_compiled_react-dom_fff4b597._.js:10175:106)
    at http://localhost:4455/_next/static/chunks/41356_next_dist_compiled_react-dom_fff4b597._.js:10249:158
[38469451ms] Error: `getTranslations` is not supported in Client Components.
    at eval (http://localhost:4455/_next/static/chunks/41356_db1ab835._.js?id=%255Bproject%255D%252FDocuments%252FTest%252FAI%252FAI-Resume-Builder%252Ffrontend%252Fnode_modules%252Fnext-intl%252Fdist%252Fesm%252Fdevelopment%252Fserver%252Freact-client%252Findex.js+%255Bapp-client%255D+%2528ecmascript%2529:32:15)
    at Footer (http://localhost:4455/_next/static/chunks/Documents_Test_AI_AI-Resume-Builder_frontend_a56fb98e._.js?id=%255Bproject%255D%252FDocuments%252FTest%252FAI%252FAI-Resume-Builder%252Ffrontend%252Fcomponents%252FFooter.tsx+%255Bapp-client%255D+%2528ecmascript%2529:17:306)
    at Object.react_stack_bottom_frame (http://localhost:4455/_next/static/chunks/41356_next_dist_compiled_react-dom_fff4b597._.js:14826:24)
    at renderWithHooks (http://localhost:4455/_next/static/chunks/41356_next_dist_compiled_react-dom_fff4b597._.js:4651:24)
    at updateFunctionComponent (http://localhost:4455/_next/static/chunks/41356_next_dist_compiled_react-dom_fff4b597._.js:6112:21)
    at beginWork (http://localhost:4455/_next/static/chunks/41356_next_dist_compiled_react-dom_fff4b597._.js:6708:24)
    at runWithFiberInDEV (http://localhost:4455/_next/static/chunks/41356_next_dist_compiled_react-dom_fff4b597._.js:965:74)
    at performUnitOfWork (http://localhost:4455/_next/static/chunks/41356_next_dist_compiled_react-dom_fff4b597._.js:9562:97)
    at workLoopSync (http://localhost:4455/_next/static/chunks/41356_next_dist_compiled_react-dom_fff4b597._.js:9456:40)
    at renderRootSync (http://localhost:4455/_next/static/chunks/41356_next_dist_compiled_react-dom_fff4b597._.js:9440:13)
    at performWorkOnRoot (http://localhost:4455/_next/static/chunks/41356_next_dist_compiled_react-dom_fff4b597._.js:9068:186)
    at performSyncWorkOnRoot (http://localhost:4455/_next/static/chunks/41356_next_dist_compiled_react-dom_fff4b597._.js:10238:9)
    at flushSyncWorkAcrossRoots_impl (http://localhost:4455/_next/static/chunks/41356_next_dist_compiled_react-dom_fff4b597._.js:10154:316)
    at processRootScheduleInMicrotask (http://localhost:4455/_next/static/chunks/41356_next_dist_compiled_react-dom_fff4b597._.js:10175:106)
    at http://localhost:4455/_next/static/chunks/41356_next_dist_compiled_react-dom_fff4b597._.js:10249:158
[38469454ms] Error: `getTranslations` is not supported in Client Components.
    at eval (http://localhost:4455/_next/static/chunks/41356_db1ab835._.js?id=%255Bproject%255D%252FDocuments%252FTest%252FAI%252FAI-Resume-Builder%252Ffrontend%252Fnode_modules%252Fnext-intl%252Fdist%252Fesm%252Fdevelopment%252Fserver%252Freact-client%252Findex.js+%255Bapp-client%255D+%2528ecmascript%2529:32:15)
    at Footer (http://localhost:4455/_next/static/chunks/Documents_Test_AI_AI-Resume-Builder_frontend_a56fb98e._.js?id=%255Bproject%255D%252FDocuments%252FTest%252FAI%252FAI-Resume-Builder%252Ffrontend%252Fcomponents%252FFooter.tsx+%255Bapp-client%255D+%2528ecmascript%2529:17:306)
    at Object.react_stack_bottom_frame (http://localhost:4455/_next/static/chunks/41356_next_dist_compiled_react-dom_fff4b597._.js:14826:24)
    at renderWithHooks (http://localhost:4455/_next/static/chunks/41356_next_dist_compiled_react-dom_fff4b597._.js:4651:24)
    at updateFunctionComponent (http://localhost:4455/_next/static/chunks/41356_next_dist_compiled_react-dom_fff4b597._.js:6112:21)
    at beginWork (http://localhost:4455/_next/static/chunks/41356_next_dist_compiled_react-dom_fff4b597._.js:6708:24)
    at runWithFiberInDEV (http://localhost:4455/_next/static/chunks/41356_next_dist_compiled_react-dom_fff4b597._.js:965:74)
    at performUnitOfWork (http://localhost:4455/_next/static/chunks/41356_next_dist_compiled_react-dom_fff4b597._.js:9562:97)
    at workLoopSync (http://localhost:4455/_next/static/chunks/41356_next_dist_compiled_react-dom_fff4b597._.js:9456:40)
    at renderRootSync (http://localhost:4455/_next/static/chunks/41356_next_dist_compiled_react-dom_fff4b597._.js:9440:13)
    at performWorkOnRoot (http://localhost:4455/_next/static/chunks/41356_next_dist_compiled_react-dom_fff4b597._.js:9068:186)
    at performSyncWorkOnRoot (http://localhost:4455/_next/static/chunks/41356_next_dist_compiled_react-dom_fff4b597._.js:10238:9)
    at flushSyncWorkAcrossRoots_impl (http://localhost:4455/_next/static/chunks/41356_next_dist_compiled_react-dom_fff4b597._.js:10154:316)
    at processRootScheduleInMicrotask (http://localhost:4455/_next/static/chunks/41356_next_dist_compiled_react-dom_fff4b597._.js:10175:106)
    at http://localhost:4455/_next/static/chunks/41356_next_dist_compiled_react-dom_fff4b597._.js:10249:158
[38469455ms] Error: `getTranslations` is not supported in Client Components.
    at eval (http://localhost:4455/_next/static/chunks/41356_db1ab835._.js?id=%255Bproject%255D%252FDocuments%252FTest%252FAI%252FAI-Resume-Builder%252Ffrontend%252Fnode_modules%252Fnext-intl%252Fdist%252Fesm%252Fdevelopment%252Fserver%252Freact-client%252Findex.js+%255Bapp-client%255D+%2528ecmascript%2529:32:15)
    at Footer (http://localhost:4455/_next/static/chunks/Documents_Test_AI_AI-Resume-Builder_frontend_a56fb98e._.js?id=%255Bproject%255D%252FDocuments%252FTest%252FAI%252FAI-Resume-Builder%252Ffrontend%252Fcomponents%252FFooter.tsx+%255Bapp-client%255D+%2528ecmascript%2529:17:306)
    at Object.react_stack_bottom_frame (http://localhost:4455/_next/static/chunks/41356_next_dist_compiled_react-dom_fff4b597._.js:14826:24)
    at renderWithHooks (http://localhost:4455/_next/static/chunks/41356_next_dist_compiled_react-dom_fff4b597._.js:4651:24)
    at updateFunctionComponent (http://localhost:4455/_next/static/chunks/41356_next_dist_compiled_react-dom_fff4b597._.js:6112:21)
    at beginWork (http://localhost:4455/_next/static/chunks/41356_next_dist_compiled_react-dom_fff4b597._.js:6708:24)
    at runWithFiberInDEV (http://localhost:4455/_next/static/chunks/41356_next_dist_compiled_react-dom_fff4b597._.js:965:74)
    at performUnitOfWork (http://localhost:4455/_next/static/chunks/41356_next_dist_compiled_react-dom_fff4b597._.js:9562:97)
    at workLoopSync (http://localhost:4455/_next/static/chunks/41356_next_dist_compiled_react-dom_fff4b597._.js:9456:40)
    at renderRootSync (http://localhost:4455/_next/static/chunks/41356_next_dist_compiled_react-dom_fff4b597._.js:9440:13)
    at performWorkOnRoot (http://localhost:4455/_next/static/chunks/41356_next_dist_compiled_react-dom_fff4b597._.js:9068:186)
    at performSyncWorkOnRoot (http://localhost:4455/_next/static/chunks/41356_next_dist_compiled_react-dom_fff4b597._.js:10238:9)
    at flushSyncWorkAcrossRoots_impl (http://localhost:4455/_next/static/chunks/41356_next_dist_compiled_react-dom_fff4b597._.js:10154:316)
    at processRootScheduleInMicrotask (http://localhost:4455/_next/static/chunks/41356_next_dist_compiled_react-dom_fff4b597._.js:10175:106)
    at http://localhost:4455/_next/static/chunks/41356_next_dist_compiled_react-dom_fff4b597._.js:10249:158
[38469456ms] Error: `getTranslations` is not supported in Client Components.
    at eval (http://localhost:4455/_next/static/chunks/41356_db1ab835._.js?id=%255Bproject%255D%252FDocuments%252FTest%252FAI%252FAI-Resume-Builder%252Ffrontend%252Fnode_modules%252Fnext-intl%252Fdist%252Fesm%252Fdevelopment%252Fserver%252Freact-client%252Findex.js+%255Bapp-client%255D+%2528ecmascript%2529:32:15)
    at Footer (http://localhost:4455/_next/static/chunks/Documents_Test_AI_AI-Resume-Builder_frontend_a56fb98e._.js?id=%255Bproject%255D%252FDocuments%252FTest%252FAI%252FAI-Resume-Builder%252Ffrontend%252Fcomponents%252FFooter.tsx+%255Bapp-client%255D+%2528ecmascript%2529:17:306)
    at Object.react_stack_bottom_frame (http://localhost:4455/_next/static/chunks/41356_next_dist_compiled_react-dom_fff4b597._.js:14826:24)
    at renderWithHooks (http://localhost:4455/_next/static/chunks/41356_next_dist_compiled_react-dom_fff4b597._.js:4651:24)
    at updateFunctionComponent (http://localhost:4455/_next/static/chunks/41356_next_dist_compiled_react-dom_fff4b597._.js:6112:21)
    at beginWork (http://localhost:4455/_next/static/chunks/41356_next_dist_compiled_react-dom_fff4b597._.js:6708:24)
    at runWithFiberInDEV (http://localhost:4455/_next/static/chunks/41356_next_dist_compiled_react-dom_fff4b597._.js:965:74)
    at performUnitOfWork (http://localhost:4455/_next/static/chunks/41356_next_dist_compiled_react-dom_fff4b597._.js:9562:97)
    at workLoopSync (http://localhost:4455/_next/static/chunks/41356_next_dist_compiled_react-dom_fff4b597._.js:9456:40)
    at renderRootSync (http://localhost:4455/_next/static/chunks/41356_next_dist_compiled_react-dom_fff4b597._.js:9440:13)
    at performWorkOnRoot (http://localhost:4455/_next/static/chunks/41356_next_dist_compiled_react-dom_fff4b597._.js:9068:186)
    at performSyncWorkOnRoot (http://localhost:4455/_next/static/chunks/41356_next_dist_compiled_react-dom_fff4b597._.js:10238:9)
    at flushSyncWorkAcrossRoots_impl (http://localhost:4455/_next/static/chunks/41356_next_dist_compiled_react-dom_fff4b597._.js:10154:316)
    at processRootScheduleInMicrotask (http://localhost:4455/_next/static/chunks/41356_next_dist_compiled_react-dom_fff4b597._.js:10175:106)
    at http://localhost:4455/_next/static/chunks/41356_next_dist_compiled_react-dom_fff4b597._.js:10249:158
[38469457ms] Error: `getTranslations` is not supported in Client Components.
    at eval (http://localhost:4455/_next/static/chunks/41356_db1ab835._.js?id=%255Bproject%255D%252FDocuments%252FTest%252FAI%252FAI-Resume-Builder%252Ffrontend%252Fnode_modules%252Fnext-intl%252Fdist%252Fesm%252Fdevelopment%252Fserver%252Freact-client%252Findex.js+%255Bapp-client%255D+%2528ecmascript%2529:32:15)
    at Footer (http://localhost:4455/_next/static/chunks/Documents_Test_AI_AI-Resume-Builder_frontend_a56fb98e._.js?id=%255Bproject%255D%252FDocuments%252FTest%252FAI%252FAI-Resume-Builder%252Ffrontend%252Fcomponents%252FFooter.tsx+%255Bapp-client%255D+%2528ecmascript%2529:17:306)
    at Object.react_stack_bottom_frame (http://localhost:4455/_next/static/chunks/41356_next_dist_compiled_react-dom_fff4b597._.js:14826:24)
    at renderWithHooks (http://localhost:4455/_next/static/chunks/41356_next_dist_compiled_react-dom_fff4b597._.js:4651:24)
    at updateFunctionComponent (http://localhost:4455/_next/static/chunks/41356_next_dist_compiled_react-dom_fff4b597._.js:6112:21)
    at beginWork (http://localhost:4455/_next/static/chunks/41356_next_dist_compiled_react-dom_fff4b597._.js:6708:24)
    at runWithFiberInDEV (http://localhost:4455/_next/static/chunks/41356_next_dist_compiled_react-dom_fff4b597._.js:965:74)
    at performUnitOfWork (http://localhost:4455/_next/static/chunks/41356_next_dist_compiled_react-dom_fff4b597._.js:9562:97)
    at workLoopSync (http://localhost:4455/_next/static/chunks/41356_next_dist_compiled_react-dom_fff4b597._.js:9456:40)
    at renderRootSync (http://localhost:4455/_next/static/chunks/41356_next_dist_compiled_react-dom_fff4b597._.js:9440:13)
    at performWorkOnRoot (http://localhost:4455/_next/static/chunks/41356_next_dist_compiled_react-dom_fff4b597._.js:9068:186)
    at performSyncWorkOnRoot (http://localhost:4455/_next/static/chunks/41356_next_dist_compiled_react-dom_fff4b597._.js:10238:9)
    at flushSyncWorkAcrossRoots_impl (http://localhost:4455/_next/static/chunks/41356_next_dist_compiled_react-dom_fff4b597._.js:10154:316)
    at processRootScheduleInMicrotask (http://localhost:4455/_next/static/chunks/41356_next_dist_compiled_react-dom_fff4b597._.js:10175:106)
    at http://localhost:4455/_next/static/chunks/41356_next_dist_compiled_react-dom_fff4b597._.js:10249:158
[38469458ms] Error: `getTranslations` is not supported in Client Components.
    at eval (http://localhost:4455/_next/static/chunks/41356_db1ab835._.js?id=%255Bproject%255D%252FDocuments%252FTest%252FAI%252FAI-Resume-Builder%252Ffrontend%252Fnode_modules%252Fnext-intl%252Fdist%252Fesm%252Fdevelopment%252Fserver%252Freact-client%252Findex.js+%255Bapp-client%255D+%2528ecmascript%2529:32:15)
    at Footer (http://localhost:4455/_next/static/chunks/Documents_Test_AI_AI-Resume-Builder_frontend_a56fb98e._.js?id=%255Bproject%255D%252FDocuments%252FTest%252FAI%252FAI-Resume-Builder%252Ffrontend%252Fcomponents%252FFooter.tsx+%255Bapp-client%255D+%2528ecmascript%2529:17:306)
    at Object.react_stack_bottom_frame (http://localhost:4455/_next/static/chunks/41356_next_dist_compiled_react-dom_fff4b597._.js:14826:24)
    at renderWithHooks (http://localhost:4455/_next/static/chunks/41356_next_dist_compiled_react-dom_fff4b597._.js:4651:24)
    at updateFunctionComponent (http://localhost:4455/_next/static/chunks/41356_next_dist_compiled_react-dom_fff4b597._.js:6112:21)
    at beginWork (http://localhost:4455/_next/static/chunks/41356_next_dist_compiled_react-dom_fff4b597._.js:6708:24)
    at runWithFiberInDEV (http://localhost:4455/_next/static/chunks/41356_next_dist_compiled_react-dom_fff4b597._.js:965:74)
    at performUnitOfWork (http://localhost:4455/_next/static/chunks/41356_next_dist_compiled_react-dom_fff4b597._.js:9562:97)
    at workLoopSync (http://localhost:4455/_next/static/chunks/41356_next_dist_compiled_react-dom_fff4b597._.js:9456:40)
    at renderRootSync (http://localhost:4455/_next/static/chunks/41356_next_dist_compiled_react-dom_fff4b597._.js:9440:13)
    at performWorkOnRoot (http://localhost:4455/_next/static/chunks/41356_next_dist_compiled_react-dom_fff4b597._.js:9068:186)
    at performSyncWorkOnRoot (http://localhost:4455/_next/static/chunks/41356_next_dist_compiled_react-dom_fff4b597._.js:10238:9)
    at flushSyncWorkAcrossRoots_impl (http://localhost:4455/_next/static/chunks/41356_next_dist_compiled_react-dom_fff4b597._.js:10154:316)
    at processRootScheduleInMicrotask (http://localhost:4455/_next/static/chunks/41356_next_dist_compiled_react-dom_fff4b597._.js:10175:106)
    at http://localhost:4455/_next/static/chunks/41356_next_dist_compiled_react-dom_fff4b597._.js:10249:158
[38469458ms] Error: `getTranslations` is not supported in Client Components.
    at eval (http://localhost:4455/_next/static/chunks/41356_db1ab835._.js?id=%255Bproject%255D%252FDocuments%252FTest%252FAI%252FAI-Resume-Builder%252Ffrontend%252Fnode_modules%252Fnext-intl%252Fdist%252Fesm%252Fdevelopment%252Fserver%252Freact-client%252Findex.js+%255Bapp-client%255D+%2528ecmascript%2529:32:15)
    at Footer (http://localhost:4455/_next/static/chunks/Documents_Test_AI_AI-Resume-Builder_frontend_a56fb98e._.js?id=%255Bproject%255D%252FDocuments%252FTest%252FAI%252FAI-Resume-Builder%252Ffrontend%252Fcomponents%252FFooter.tsx+%255Bapp-client%255D+%2528ecmascript%2529:17:306)
    at Object.react_stack_bottom_frame (http://localhost:4455/_next/static/chunks/41356_next_dist_compiled_react-dom_fff4b597._.js:14826:24)
    at renderWithHooks (http://localhost:4455/_next/static/chunks/41356_next_dist_compiled_react-dom_fff4b597._.js:4651:24)
    at updateFunctionComponent (http://localhost:4455/_next/static/chunks/41356_next_dist_compiled_react-dom_fff4b597._.js:6112:21)
    at beginWork (http://localhost:4455/_next/static/chunks/41356_next_dist_compiled_react-dom_fff4b597._.js:6708:24)
    at runWithFiberInDEV (http://localhost:4455/_next/static/chunks/41356_next_dist_compiled_react-dom_fff4b597._.js:965:74)
    at performUnitOfWork (http://localhost:4455/_next/static/chunks/41356_next_dist_compiled_react-dom_fff4b597._.js:9562:97)
    at workLoopSync (http://localhost:4455/_next/static/chunks/41356_next_dist_compiled_react-dom_fff4b597._.js:9456:40)
    at renderRootSync (http://localhost:4455/_next/static/chunks/41356_next_dist_compiled_react-dom_fff4b597._.js:9440:13)
    at performWorkOnRoot (http://localhost:4455/_next/static/chunks/41356_next_dist_compiled_react-dom_fff4b597._.js:9068:186)
    at performSyncWorkOnRoot (http://localhost:4455/_next/static/chunks/41356_next_dist_compiled_react-dom_fff4b597._.js:10238:9)
    at flushSyncWorkAcrossRoots_impl (http://localhost:4455/_next/static/chunks/41356_next_dist_compiled_react-dom_fff4b597._.js:10154:316)
    at processRootScheduleInMicrotask (http://localhost:4455/_next/static/chunks/41356_next_dist_compiled_react-dom_fff4b597._.js:10175:106)
    at http://localhost:4455/_next/static/chunks/41356_next_dist_compiled_react-dom_fff4b597._.js:10249:158
[38469460ms] Error: `getTranslations` is not supported in Client Components.
    at eval (http://localhost:4455/_next/static/chunks/41356_db1ab835._.js?id=%255Bproject%255D%252FDocuments%252FTest%252FAI%252FAI-Resume-Builder%252Ffrontend%252Fnode_modules%252Fnext-intl%252Fdist%252Fesm%252Fdevelopment%252Fserver%252Freact-client%252Findex.js+%255Bapp-client%255D+%2528ecmascript%2529:32:15)
    at Footer (http://localhost:4455/_next/static/chunks/Documents_Test_AI_AI-Resume-Builder_frontend_a56fb98e._.js?id=%255Bproject%255D%252FDocuments%252FTest%252FAI%252FAI-Resume-Builder%252Ffrontend%252Fcomponents%252FFooter.tsx+%255Bapp-client%255D+%2528ecmascript%2529:17:306)
    at Object.react_stack_bottom_frame (http://localhost:4455/_next/static/chunks/41356_next_dist_compiled_react-dom_fff4b597._.js:14826:24)
    at renderWithHooks (http://localhost:4455/_next/static/chunks/41356_next_dist_compiled_react-dom_fff4b597._.js:4651:24)
    at updateFunctionComponent (http://localhost:4455/_next/static/chunks/41356_next_dist_compiled_react-dom_fff4b597._.js:6112:21)
    at beginWork (http://localhost:4455/_next/static/chunks/41356_next_dist_compiled_react-dom_fff4b597._.js:6708:24)
    at runWithFiberInDEV (http://localhost:4455/_next/static/chunks/41356_next_dist_compiled_react-dom_fff4b597._.js:965:74)
    at performUnitOfWork (http://localhost:4455/_next/static/chunks/41356_next_dist_compiled_react-dom_fff4b597._.js:9562:97)
    at workLoopSync (http://localhost:4455/_next/static/chunks/41356_next_dist_compiled_react-dom_fff4b597._.js:9456:40)
    at renderRootSync (http://localhost:4455/_next/static/chunks/41356_next_dist_compiled_react-dom_fff4b597._.js:9440:13)
    at performWorkOnRoot (http://localhost:4455/_next/static/chunks/41356_next_dist_compiled_react-dom_fff4b597._.js:9068:186)
    at performSyncWorkOnRoot (http://localhost:4455/_next/static/chunks/41356_next_dist_compiled_react-dom_fff4b597._.js:10238:9)
    at flushSyncWorkAcrossRoots_impl (http://localhost:4455/_next/static/chunks/41356_next_dist_compiled_react-dom_fff4b597._.js:10154:316)
    at processRootScheduleInMicrotask (http://localhost:4455/_next/static/chunks/41356_next_dist_compiled_react-dom_fff4b597._.js:10175:106)
    at http://localhost:4455/_next/static/chunks/41356_next_dist_compiled_react-dom_fff4b597._.js:10249:158
[38469462ms] Error: `getTranslations` is not supported in Client Components.
    at eval (http://localhost:4455/_next/static/chunks/41356_db1ab835._.js?id=%255Bproject%255D%252FDocuments%252FTest%252FAI%252FAI-Resume-Builder%252Ffrontend%252Fnode_modules%252Fnext-intl%252Fdist%252Fesm%252Fdevelopment%252Fserver%252Freact-client%252Findex.js+%255Bapp-client%255D+%2528ecmascript%2529:32:15)
    at Footer (http://localhost:4455/_next/static/chunks/Documents_Test_AI_AI-Resume-Builder_frontend_a56fb98e._.js?id=%255Bproject%255D%252FDocuments%252FTest%252FAI%252FAI-Resume-Builder%252Ffrontend%252Fcomponents%252FFooter.tsx+%255Bapp-client%255D+%2528ecmascript%2529:17:306)
    at Object.react_stack_bottom_frame (http://localhost:4455/_next/static/chunks/41356_next_dist_compiled_react-dom_fff4b597._.js:14826:24)
    at renderWithHooks (http://localhost:4455/_next/static/chunks/41356_next_dist_compiled_react-dom_fff4b597._.js:4651:24)
    at updateFunctionComponent (http://localhost:4455/_next/static/chunks/41356_next_dist_compiled_react-dom_fff4b597._.js:6112:21)
    at beginWork (http://localhost:4455/_next/static/chunks/41356_next_dist_compiled_react-dom_fff4b597._.js:6708:24)
    at runWithFiberInDEV (http://localhost:4455/_next/static/chunks/41356_next_dist_compiled_react-dom_fff4b597._.js:965:74)
    at performUnitOfWork (http://localhost:4455/_next/static/chunks/41356_next_dist_compiled_react-dom_fff4b597._.js:9562:97)
    at workLoopSync (http://localhost:4455/_next/static/chunks/41356_next_dist_compiled_react-dom_fff4b597._.js:9456:40)
    at renderRootSync (http://localhost:4455/_next/static/chunks/41356_next_dist_compiled_react-dom_fff4b597._.js:9440:13)
    at performWorkOnRoot (http://localhost:4455/_next/static/chunks/41356_next_dist_compiled_react-dom_fff4b597._.js:9068:186)
    at performSyncWorkOnRoot (http://localhost:4455/_next/static/chunks/41356_next_dist_compiled_react-dom_fff4b597._.js:10238:9)
    at flushSyncWorkAcrossRoots_impl (http://localhost:4455/_next/static/chunks/41356_next_dist_compiled_react-dom_fff4b597._.js:10154:316)
    at processRootScheduleInMicrotask (http://localhost:4455/_next/static/chunks/41356_next_dist_compiled_react-dom_fff4b597._.js:10175:106)
    at http://localhost:4455/_next/static/chunks/41356_next_dist_compiled_react-dom_fff4b597._.js:10249:158
[38469465ms] Error: `getTranslations` is not supported in Client Components.
    at eval (http://localhost:4455/_next/static/chunks/41356_db1ab835._.js?id=%255Bproject%255D%252FDocuments%252FTest%252FAI%252FAI-Resume-Builder%252Ffrontend%252Fnode_modules%252Fnext-intl%252Fdist%252Fesm%252Fdevelopment%252Fserver%252Freact-client%252Findex.js+%255Bapp-client%255D+%2528ecmascript%2529:32:15)
    at Footer (http://localhost:4455/_next/static/chunks/Documents_Test_AI_AI-Resume-Builder_frontend_a56fb98e._.js?id=%255Bproject%255D%252FDocuments%252FTest%252FAI%252FAI-Resume-Builder%252Ffrontend%252Fcomponents%252FFooter.tsx+%255Bapp-client%255D+%2528ecmascript%2529:17:306)
    at Object.react_stack_bottom_frame (http://localhost:4455/_next/static/chunks/41356_next_dist_compiled_react-dom_fff4b597._.js:14826:24)
    at renderWithHooks (http://localhost:4455/_next/static/chunks/41356_next_dist_compiled_react-dom_fff4b597._.js:4651:24)
    at updateFunctionComponent (http://localhost:4455/_next/static/chunks/41356_next_dist_compiled_react-dom_fff4b597._.js:6112:21)
    at beginWork (http://localhost:4455/_next/static/chunks/41356_next_dist_compiled_react-dom_fff4b597._.js:6708:24)
    at runWithFiberInDEV (http://localhost:4455/_next/static/chunks/41356_next_dist_compiled_react-dom_fff4b597._.js:965:74)
    at performUnitOfWork (http://localhost:4455/_next/static/chunks/41356_next_dist_compiled_react-dom_fff4b597._.js:9562:97)
    at workLoopSync (http://localhost:4455/_next/static/chunks/41356_next_dist_compiled_react-dom_fff4b597._.js:9456:40)
    at renderRootSync (http://localhost:4455/_next/static/chunks/41356_next_dist_compiled_react-dom_fff4b597._.js:9440:13)
    at performWorkOnRoot (http://localhost:4455/_next/static/chunks/41356_next_dist_compiled_react-dom_fff4b597._.js:9068:186)
    at performSyncWorkOnRoot (http://localhost:4455/_next/static/chunks/41356_next_dist_compiled_react-dom_fff4b597._.js:10238:9)
    at flushSyncWorkAcrossRoots_impl (http://localhost:4455/_next/static/chunks/41356_next_dist_compiled_react-dom_fff4b597._.js:10154:316)
    at processRootScheduleInMicrotask (http://localhost:4455/_next/static/chunks/41356_next_dist_compiled_react-dom_fff4b597._.js:10175:106)
    at http://localhost:4455/_next/static/chunks/41356_next_dist_compiled_react-dom_fff4b597._.js:10249:158
[38469471ms] Error: `getTranslations` is not supported in Client Components.
    at eval (http://localhost:4455/_next/static/chunks/41356_db1ab835._.js?id=%255Bproject%255D%252FDocuments%252FTest%252FAI%252FAI-Resume-Builder%252Ffrontend%252Fnode_modules%252Fnext-intl%252Fdist%252Fesm%252Fdevelopment%252Fserver%252Freact-client%252Findex.js+%255Bapp-client%255D+%2528ecmascript%2529:32:15)
    at Footer (http://localhost:4455/_next/static/chunks/Documents_Test_AI_AI-Resume-Builder_frontend_a56fb98e._.js?id=%255Bproject%255D%252FDocuments%252FTest%252FAI%252FAI-Resume-Builder%252Ffrontend%252Fcomponents%252FFooter.tsx+%255Bapp-client%255D+%2528ecmascript%2529:17:306)
    at Object.react_stack_bottom_frame (http://localhost:4455/_next/static/chunks/41356_next_dist_compiled_react-dom_fff4b597._.js:14826:24)
    at renderWithHooks (http://localhost:4455/_next/static/chunks/41356_next_dist_compiled_react-dom_fff4b597._.js:4651:24)
    at updateFunctionComponent (http://localhost:4455/_next/static/chunks/41356_next_dist_compiled_react-dom_fff4b597._.js:6112:21)
    at beginWork (http://localhost:4455/_next/static/chunks/41356_next_dist_compiled_react-dom_fff4b597._.js:6708:24)
    at runWithFiberInDEV (http://localhost:4455/_next/static/chunks/41356_next_dist_compiled_react-dom_fff4b597._.js:965:74)
    at performUnitOfWork (http://localhost:4455/_next/static/chunks/41356_next_dist_compiled_react-dom_fff4b597._.js:9562:97)
    at workLoopSync (http://localhost:4455/_next/static/chunks/41356_next_dist_compiled_react-dom_fff4b597._.js:9456:40)
    at renderRootSync (http://localhost:4455/_next/static/chunks/41356_next_dist_compiled_react-dom_fff4b597._.js:9440:13)
    at performWorkOnRoot (http://localhost:4455/_next/static/chunks/41356_next_dist_compiled_react-dom_fff4b597._.js:9068:186)
    at performSyncWorkOnRoot (http://localhost:4455/_next/static/chunks/41356_next_dist_compiled_react-dom_fff4b597._.js:10238:9)
    at flushSyncWorkAcrossRoots_impl (http://localhost:4455/_next/static/chunks/41356_next_dist_compiled_react-dom_fff4b597._.js:10154:316)
    at processRootScheduleInMicrotask (http://localhost:4455/_next/static/chunks/41356_next_dist_compiled_react-dom_fff4b597._.js:10175:106)
    at http://localhost:4455/_next/static/chunks/41356_next_dist_compiled_react-dom_fff4b597._.js:10249:158
[38469472ms] Error: `getTranslations` is not supported in Client Components.
    at eval (http://localhost:4455/_next/static/chunks/41356_db1ab835._.js?id=%255Bproject%255D%252FDocuments%252FTest%252FAI%252FAI-Resume-Builder%252Ffrontend%252Fnode_modules%252Fnext-intl%252Fdist%252Fesm%252Fdevelopment%252Fserver%252Freact-client%252Findex.js+%255Bapp-client%255D+%2528ecmascript%2529:32:15)
    at Footer (http://localhost:4455/_next/static/chunks/Documents_Test_AI_AI-Resume-Builder_frontend_a56fb98e._.js?id=%255Bproject%255D%252FDocuments%252FTest%252FAI%252FAI-Resume-Builder%252Ffrontend%252Fcomponents%252FFooter.tsx+%255Bapp-client%255D+%2528ecmascript%2529:17:306)
    at Object.react_stack_bottom_frame (http://localhost:4455/_next/static/chunks/41356_next_dist_compiled_react-dom_fff4b597._.js:14826:24)
    at renderWithHooks (http://localhost:4455/_next/static/chunks/41356_next_dist_compiled_react-dom_fff4b597._.js:4651:24)
    at updateFunctionComponent (http://localhost:4455/_next/static/chunks/41356_next_dist_compiled_react-dom_fff4b597._.js:6112:21)
    at beginWork (http://localhost:4455/_next/static/chunks/41356_next_dist_compiled_react-dom_fff4b597._.js:6708:24)
    at runWithFiberInDEV (http://localhost:4455/_next/static/chunks/41356_next_dist_compiled_react-dom_fff4b597._.js:965:74)
    at performUnitOfWork (http://localhost:4455/_next/static/chunks/41356_next_dist_compiled_react-dom_fff4b597._.js:9562:97)
    at workLoopSync (http://localhost:4455/_next/static/chunks/41356_next_dist_compiled_react-dom_fff4b597._.js:9456:40)
    at renderRootSync (http://localhost:4455/_next/static/chunks/41356_next_dist_compiled_react-dom_fff4b597._.js:9440:13)
    at performWorkOnRoot (http://localhost:4455/_next/static/chunks/41356_next_dist_compiled_react-dom_fff4b597._.js:9068:186)
    at performSyncWorkOnRoot (http://localhost:4455/_next/static/chunks/41356_next_dist_compiled_react-dom_fff4b597._.js:10238:9)
    at flushSyncWorkAcrossRoots_impl (http://localhost:4455/_next/static/chunks/41356_next_dist_compiled_react-dom_fff4b597._.js:10154:316)
    at processRootScheduleInMicrotask (http://localhost:4455/_next/static/chunks/41356_next_dist_compiled_react-dom_fff4b597._.js:10175:106)
    at http://localhost:4455/_next/static/chunks/41356_next_dist_compiled_react-dom_fff4b597._.js:10249:158
[38469475ms] Error: `getTranslations` is not supported in Client Components.
    at eval (http://localhost:4455/_next/static/chunks/41356_db1ab835._.js?id=%255Bproject%255D%252FDocuments%252FTest%252FAI%252FAI-Resume-Builder%252Ffrontend%252Fnode_modules%252Fnext-intl%252Fdist%252Fesm%252Fdevelopment%252Fserver%252Freact-client%252Findex.js+%255Bapp-client%255D+%2528ecmascript%2529:32:15)
    at Footer (http://localhost:4455/_next/static/chunks/Documents_Test_AI_AI-Resume-Builder_frontend_a56fb98e._.js?id=%255Bproject%255D%252FDocuments%252FTest%252FAI%252FAI-Resume-Builder%252Ffrontend%252Fcomponents%252FFooter.tsx+%255Bapp-client%255D+%2528ecmascript%2529:17:306)
    at Object.react_stack_bottom_frame (http://localhost:4455/_next/static/chunks/41356_next_dist_compiled_react-dom_fff4b597._.js:14826:24)
    at renderWithHooks (http://localhost:4455/_next/static/chunks/41356_next_dist_compiled_react-dom_fff4b597._.js:4651:24)
    at updateFunctionComponent (http://localhost:4455/_next/static/chunks/41356_next_dist_compiled_react-dom_fff4b597._.js:6112:21)
    at beginWork (http://localhost:4455/_next/static/chunks/41356_next_dist_compiled_react-dom_fff4b597._.js:6708:24)
    at runWithFiberInDEV (http://localhost:4455/_next/static/chunks/41356_next_dist_compiled_react-dom_fff4b597._.js:965:74)
    at performUnitOfWork (http://localhost:4455/_next/static/chunks/41356_next_dist_compiled_react-dom_fff4b597._.js:9562:97)
    at workLoopSync (http://localhost:4455/_next/static/chunks/41356_next_dist_compiled_react-dom_fff4b597._.js:9456:40)
    at renderRootSync (http://localhost:4455/_next/static/chunks/41356_next_dist_compiled_react-dom_fff4b597._.js:9440:13)
    at performWorkOnRoot (http://localhost:4455/_next/static/chunks/41356_next_dist_compiled_react-dom_fff4b597._.js:9068:186)
    at performSyncWorkOnRoot (http://localhost:4455/_next/static/chunks/41356_next_dist_compiled_react-dom_fff4b597._.js:10238:9)
    at flushSyncWorkAcrossRoots_impl (http://localhost:4455/_next/static/chunks/41356_next_dist_compiled_react-dom_fff4b597._.js:10154:316)
    at processRootScheduleInMicrotask (http://localhost:4455/_next/static/chunks/41356_next_dist_compiled_react-dom_fff4b597._.js:10175:106)
    at http://localhost:4455/_next/static/chunks/41356_next_dist_compiled_react-dom_fff4b597._.js:10249:158
[38469477ms] Error: `getTranslations` is not supported in Client Components.
    at eval (http://localhost:4455/_next/static/chunks/41356_db1ab835._.js?id=%255Bproject%255D%252FDocuments%252FTest%252FAI%252FAI-Resume-Builder%252Ffrontend%252Fnode_modules%252Fnext-intl%252Fdist%252Fesm%252Fdevelopment%252Fserver%252Freact-client%252Findex.js+%255Bapp-client%255D+%2528ecmascript%2529:32:15)
    at Footer (http://localhost:4455/_next/static/chunks/Documents_Test_AI_AI-Resume-Builder_frontend_a56fb98e._.js?id=%255Bproject%255D%252FDocuments%252FTest%252FAI%252FAI-Resume-Builder%252Ffrontend%252Fcomponents%252FFooter.tsx+%255Bapp-client%255D+%2528ecmascript%2529:17:306)
    at Object.react_stack_bottom_frame (http://localhost:4455/_next/static/chunks/41356_next_dist_compiled_react-dom_fff4b597._.js:14826:24)
    at renderWithHooks (http://localhost:4455/_next/static/chunks/41356_next_dist_compiled_react-dom_fff4b597._.js:4651:24)
    at updateFunctionComponent (http://localhost:4455/_next/static/chunks/41356_next_dist_compiled_react-dom_fff4b597._.js:6112:21)
    at beginWork (http://localhost:4455/_next/static/chunks/41356_next_dist_compiled_react-dom_fff4b597._.js:6708:24)
    at runWithFiberInDEV (http://localhost:4455/_next/static/chunks/41356_next_dist_compiled_react-dom_fff4b597._.js:965:74)
    at performUnitOfWork (http://localhost:4455/_next/static/chunks/41356_next_dist_compiled_react-dom_fff4b597._.js:9562:97)
    at workLoopSync (http://localhost:4455/_next/static/chunks/41356_next_dist_compiled_react-dom_fff4b597._.js:9456:40)
    at renderRootSync (http://localhost:4455/_next/static/chunks/41356_next_dist_compiled_react-dom_fff4b597._.js:9440:13)
    at performWorkOnRoot (http://localhost:4455/_next/static/chunks/41356_next_dist_compiled_react-dom_fff4b597._.js:9068:186)
    at performSyncWorkOnRoot (http://localhost:4455/_next/static/chunks/41356_next_dist_compiled_react-dom_fff4b597._.js:10238:9)
    at flushSyncWorkAcrossRoots_impl (http://localhost:4455/_next/static/chunks/41356_next_dist_compiled_react-dom_fff4b597._.js:10154:316)
    at processRootScheduleInMicrotask (http://localhost:4455/_next/static/chunks/41356_next_dist_compiled_react-dom_fff4b597._.js:10175:106)
    at http://localhost:4455/_next/static/chunks/41356_next_dist_compiled_react-dom_fff4b597._.js:10249:158
[38469480ms] Error: `getTranslations` is not supported in Client Components.
    at eval (http://localhost:4455/_next/static/chunks/41356_db1ab835._.js?id=%255Bproject%255D%252FDocuments%252FTest%252FAI%252FAI-Resume-Builder%252Ffrontend%252Fnode_modules%252Fnext-intl%252Fdist%252Fesm%252Fdevelopment%252Fserver%252Freact-client%252Findex.js+%255Bapp-client%255D+%2528ecmascript%2529:32:15)
    at Footer (http://localhost:4455/_next/static/chunks/Documents_Test_AI_AI-Resume-Builder_frontend_a56fb98e._.js?id=%255Bproject%255D%252FDocuments%252FTest%252FAI%252FAI-Resume-Builder%252Ffrontend%252Fcomponents%252FFooter.tsx+%255Bapp-client%255D+%2528ecmascript%2529:17:306)
    at Object.react_stack_bottom_frame (http://localhost:4455/_next/static/chunks/41356_next_dist_compiled_react-dom_fff4b597._.js:14826:24)
    at renderWithHooks (http://localhost:4455/_next/static/chunks/41356_next_dist_compiled_react-dom_fff4b597._.js:4651:24)
    at updateFunctionComponent (http://localhost:4455/_next/static/chunks/41356_next_dist_compiled_react-dom_fff4b597._.js:6112:21)
    at beginWork (http://localhost:4455/_next/static/chunks/41356_next_dist_compiled_react-dom_fff4b597._.js:6708:24)
    at runWithFiberInDEV (http://localhost:4455/_next/static/chunks/41356_next_dist_compiled_react-dom_fff4b597._.js:965:74)
    at performUnitOfWork (http://localhost:4455/_next/static/chunks/41356_next_dist_compiled_react-dom_fff4b597._.js:9562:97)
    at workLoopSync (http://localhost:4455/_next/static/chunks/41356_next_dist_compiled_react-dom_fff4b597._.js:9456:40)
    at renderRootSync (http://localhost:4455/_next/static/chunks/41356_next_dist_compiled_react-dom_fff4b597._.js:9440:13)
    at performWorkOnRoot (http://localhost:4455/_next/static/chunks/41356_next_dist_compiled_react-dom_fff4b597._.js:9068:186)
    at performSyncWorkOnRoot (http://localhost:4455/_next/static/chunks/41356_next_dist_compiled_react-dom_fff4b597._.js:10238:9)
    at flushSyncWorkAcrossRoots_impl (http://localhost:4455/_next/static/chunks/41356_next_dist_compiled_react-dom_fff4b597._.js:10154:316)
    at processRootScheduleInMicrotask (http://localhost:4455/_next/static/chunks/41356_next_dist_compiled_react-dom_fff4b597._.js:10175:106)
    at http://localhost:4455/_next/static/chunks/41356_next_dist_compiled_react-dom_fff4b597._.js:10249:158
[38469493ms] Error: `getTranslations` is not supported in Client Components.
    at eval (http://localhost:4455/_next/static/chunks/41356_db1ab835._.js?id=%255Bproject%255D%252FDocuments%252FTest%252FAI%252FAI-Resume-Builder%252Ffrontend%252Fnode_modules%252Fnext-intl%252Fdist%252Fesm%252Fdevelopment%252Fserver%252Freact-client%252Findex.js+%255Bapp-client%255D+%2528ecmascript%2529:32:15)
    at Footer (http://localhost:4455/_next/static/chunks/Documents_Test_AI_AI-Resume-Builder_frontend_a56fb98e._.js?id=%255Bproject%255D%252FDocuments%252FTest%252FAI%252FAI-Resume-Builder%252Ffrontend%252Fcomponents%252FFooter.tsx+%255Bapp-client%255D+%2528ecmascript%2529:17:306)
    at Object.react_stack_bottom_frame (http://localhost:4455/_next/static/chunks/41356_next_dist_compiled_react-dom_fff4b597._.js:14826:24)
    at renderWithHooks (http://localhost:4455/_next/static/chunks/41356_next_dist_compiled_react-dom_fff4b597._.js:4651:24)
    at updateFunctionComponent (http://localhost:4455/_next/static/chunks/41356_next_dist_compiled_react-dom_fff4b597._.js:6112:21)
    at beginWork (http://localhost:4455/_next/static/chunks/41356_next_dist_compiled_react-dom_fff4b597._.js:6708:24)
    at runWithFiberInDEV (http://localhost:4455/_next/static/chunks/41356_next_dist_compiled_react-dom_fff4b597._.js:965:74)
    at performUnitOfWork (http://localhost:4455/_next/static/chunks/41356_next_dist_compiled_react-dom_fff4b597._.js:9562:97)
    at workLoopSync (http://localhost:4455/_next/static/chunks/41356_next_dist_compiled_react-dom_fff4b597._.js:9456:40)
    at renderRootSync (http://localhost:4455/_next/static/chunks/41356_next_dist_compiled_react-dom_fff4b597._.js:9440:13)
    at performWorkOnRoot (http://localhost:4455/_next/static/chunks/41356_next_dist_compiled_react-dom_fff4b597._.js:9068:186)
    at performSyncWorkOnRoot (http://localhost:4455/_next/static/chunks/41356_next_dist_compiled_react-dom_fff4b597._.js:10238:9)
    at flushSyncWorkAcrossRoots_impl (http://localhost:4455/_next/static/chunks/41356_next_dist_compiled_react-dom_fff4b597._.js:10154:316)
    at processRootScheduleInMicrotask (http://localhost:4455/_next/static/chunks/41356_next_dist_compiled_react-dom_fff4b597._.js:10175:106)
    at http://localhost:4455/_next/static/chunks/41356_next_dist_compiled_react-dom_fff4b597._.js:10249:158
[38469501ms] Error: `getTranslations` is not supported in Client Components.
    at eval (http://localhost:4455/_next/static/chunks/41356_db1ab835._.js?id=%255Bproject%255D%252FDocuments%252FTest%252FAI%252FAI-Resume-Builder%252Ffrontend%252Fnode_modules%252Fnext-intl%252Fdist%252Fesm%252Fdevelopment%252Fserver%252Freact-client%252Findex.js+%255Bapp-client%255D+%2528ecmascript%2529:32:15)
    at Footer (http://localhost:4455/_next/static/chunks/Documents_Test_AI_AI-Resume-Builder_frontend_a56fb98e._.js?id=%255Bproject%255D%252FDocuments%252FTest%252FAI%252FAI-Resume-Builder%252Ffrontend%252Fcomponents%252FFooter.tsx+%255Bapp-client%255D+%2528ecmascript%2529:17:306)
    at Object.react_stack_bottom_frame (http://localhost:4455/_next/static/chunks/41356_next_dist_compiled_react-dom_fff4b597._.js:14826:24)
    at renderWithHooks (http://localhost:4455/_next/static/chunks/41356_next_dist_compiled_react-dom_fff4b597._.js:4651:24)
    at updateFunctionComponent (http://localhost:4455/_next/static/chunks/41356_next_dist_compiled_react-dom_fff4b597._.js:6112:21)
    at beginWork (http://localhost:4455/_next/static/chunks/41356_next_dist_compiled_react-dom_fff4b597._.js:6708:24)
    at runWithFiberInDEV (http://localhost:4455/_next/static/chunks/41356_next_dist_compiled_react-dom_fff4b597._.js:965:74)
    at performUnitOfWork (http://localhost:4455/_next/static/chunks/41356_next_dist_compiled_react-dom_fff4b597._.js:9562:97)
    at workLoopSync (http://localhost:4455/_next/static/chunks/41356_next_dist_compiled_react-dom_fff4b597._.js:9456:40)
    at renderRootSync (http://localhost:4455/_next/static/chunks/41356_next_dist_compiled_react-dom_fff4b597._.js:9440:13)
    at performWorkOnRoot (http://localhost:4455/_next/static/chunks/41356_next_dist_compiled_react-dom_fff4b597._.js:9068:186)
    at performSyncWorkOnRoot (http://localhost:4455/_next/static/chunks/41356_next_dist_compiled_react-dom_fff4b597._.js:10238:9)
    at flushSyncWorkAcrossRoots_impl (http://localhost:4455/_next/static/chunks/41356_next_dist_compiled_react-dom_fff4b597._.js:10154:316)
    at processRootScheduleInMicrotask (http://localhost:4455/_next/static/chunks/41356_next_dist_compiled_react-dom_fff4b597._.js:10175:106)
    at http://localhost:4455/_next/static/chunks/41356_next_dist_compiled_react-dom_fff4b597._.js:10249:158
[38469509ms] Error: `getTranslations` is not supported in Client Components.
    at eval (http://localhost:4455/_next/static/chunks/41356_db1ab835._.js?id=%255Bproject%255D%252FDocuments%252FTest%252FAI%252FAI-Resume-Builder%252Ffrontend%252Fnode_modules%252Fnext-intl%252Fdist%252Fesm%252Fdevelopment%252Fserver%252Freact-client%252Findex.js+%255Bapp-client%255D+%2528ecmascript%2529:32:15)
    at Footer (http://localhost:4455/_next/static/chunks/Documents_Test_AI_AI-Resume-Builder_frontend_a56fb98e._.js?id=%255Bproject%255D%252FDocuments%252FTest%252FAI%252FAI-Resume-Builder%252Ffrontend%252Fcomponents%252FFooter.tsx+%255Bapp-client%255D+%2528ecmascript%2529:17:306)
    at Object.react_stack_bottom_frame (http://localhost:4455/_next/static/chunks/41356_next_dist_compiled_react-dom_fff4b597._.js:14826:24)
    at renderWithHooks (http://localhost:4455/_next/static/chunks/41356_next_dist_compiled_react-dom_fff4b597._.js:4651:24)
    at updateFunctionComponent (http://localhost:4455/_next/static/chunks/41356_next_dist_compiled_react-dom_fff4b597._.js:6112:21)
    at beginWork (http://localhost:4455/_next/static/chunks/41356_next_dist_compiled_react-dom_fff4b597._.js:6708:24)
    at runWithFiberInDEV (http://localhost:4455/_next/static/chunks/41356_next_dist_compiled_react-dom_fff4b597._.js:965:74)
    at performUnitOfWork (http://localhost:4455/_next/static/chunks/41356_next_dist_compiled_react-dom_fff4b597._.js:9562:97)
    at workLoopSync (http://localhost:4455/_next/static/chunks/41356_next_dist_compiled_react-dom_fff4b597._.js:9456:40)
    at renderRootSync (http://localhost:4455/_next/static/chunks/41356_next_dist_compiled_react-dom_fff4b597._.js:9440:13)
    at performWorkOnRoot (http://localhost:4455/_next/static/chunks/41356_next_dist_compiled_react-dom_fff4b597._.js:9068:186)
    at performSyncWorkOnRoot (http://localhost:4455/_next/static/chunks/41356_next_dist_compiled_react-dom_fff4b597._.js:10238:9)
    at flushSyncWorkAcrossRoots_impl (http://localhost:4455/_next/static/chunks/41356_next_dist_compiled_react-dom_fff4b597._.js:10154:316)
    at processRootScheduleInMicrotask (http://localhost:4455/_next/static/chunks/41356_next_dist_compiled_react-dom_fff4b597._.js:10175:106)
    at http://localhost:4455/_next/static/chunks/41356_next_dist_compiled_react-dom_fff4b597._.js:10249:158
[38469511ms] Error: `getTranslations` is not supported in Client Components.
    at eval (http://localhost:4455/_next/static/chunks/41356_db1ab835._.js?id=%255Bproject%255D%252FDocuments%252FTest%252FAI%252FAI-Resume-Builder%252Ffrontend%252Fnode_modules%252Fnext-intl%252Fdist%252Fesm%252Fdevelopment%252Fserver%252Freact-client%252Findex.js+%255Bapp-client%255D+%2528ecmascript%2529:32:15)
    at Footer (http://localhost:4455/_next/static/chunks/Documents_Test_AI_AI-Resume-Builder_frontend_a56fb98e._.js?id=%255Bproject%255D%252FDocuments%252FTest%252FAI%252FAI-Resume-Builder%252Ffrontend%252Fcomponents%252FFooter.tsx+%255Bapp-client%255D+%2528ecmascript%2529:17:306)
    at Object.react_stack_bottom_frame (http://localhost:4455/_next/static/chunks/41356_next_dist_compiled_react-dom_fff4b597._.js:14826:24)
    at renderWithHooks (http://localhost:4455/_next/static/chunks/41356_next_dist_compiled_react-dom_fff4b597._.js:4651:24)
    at updateFunctionComponent (http://localhost:4455/_next/static/chunks/41356_next_dist_compiled_react-dom_fff4b597._.js:6112:21)
    at beginWork (http://localhost:4455/_next/static/chunks/41356_next_dist_compiled_react-dom_fff4b597._.js:6708:24)
    at runWithFiberInDEV (http://localhost:4455/_next/static/chunks/41356_next_dist_compiled_react-dom_fff4b597._.js:965:74)
    at performUnitOfWork (http://localhost:4455/_next/static/chunks/41356_next_dist_compiled_react-dom_fff4b597._.js:9562:97)
    at workLoopSync (http://localhost:4455/_next/static/chunks/41356_next_dist_compiled_react-dom_fff4b597._.js:9456:40)
    at renderRootSync (http://localhost:4455/_next/static/chunks/41356_next_dist_compiled_react-dom_fff4b597._.js:9440:13)
    at performWorkOnRoot (http://localhost:4455/_next/static/chunks/41356_next_dist_compiled_react-dom_fff4b597._.js:9068:186)
    at performSyncWorkOnRoot (http://localhost:4455/_next/static/chunks/41356_next_dist_compiled_react-dom_fff4b597._.js:10238:9)
    at flushSyncWorkAcrossRoots_impl (http://localhost:4455/_next/static/chunks/41356_next_dist_compiled_react-dom_fff4b597._.js:10154:316)
    at processRootScheduleInMicrotask (http://localhost:4455/_next/static/chunks/41356_next_dist_compiled_react-dom_fff4b597._.js:10175:106)
    at http://localhost:4455/_next/static/chunks/41356_next_dist_compiled_react-dom_fff4b597._.js:10249:158
[38469514ms] Error: `getTranslations` is not supported in Client Components.
    at eval (http://localhost:4455/_next/static/chunks/41356_db1ab835._.js?id=%255Bproject%255D%252FDocuments%252FTest%252FAI%252FAI-Resume-Builder%252Ffrontend%252Fnode_modules%252Fnext-intl%252Fdist%252Fesm%252Fdevelopment%252Fserver%252Freact-client%252Findex.js+%255Bapp-client%255D+%2528ecmascript%2529:32:15)
    at Footer (http://localhost:4455/_next/static/chunks/Documents_Test_AI_AI-Resume-Builder_frontend_a56fb98e._.js?id=%255Bproject%255D%252FDocuments%252FTest%252FAI%252FAI-Resume-Builder%252Ffrontend%252Fcomponents%252FFooter.tsx+%255Bapp-client%255D+%2528ecmascript%2529:17:306)
    at Object.react_stack_bottom_frame (http://localhost:4455/_next/static/chunks/41356_next_dist_compiled_react-dom_fff4b597._.js:14826:24)
    at renderWithHooks (http://localhost:4455/_next/static/chunks/41356_next_dist_compiled_react-dom_fff4b597._.js:4651:24)
    at updateFunctionComponent (http://localhost:4455/_next/static/chunks/41356_next_dist_compiled_react-dom_fff4b597._.js:6112:21)
    at beginWork (http://localhost:4455/_next/static/chunks/41356_next_dist_compiled_react-dom_fff4b597._.js:6708:24)
    at runWithFiberInDEV (http://localhost:4455/_next/static/chunks/41356_next_dist_compiled_react-dom_fff4b597._.js:965:74)
    at performUnitOfWork (http://localhost:4455/_next/static/chunks/41356_next_dist_compiled_react-dom_fff4b597._.js:9562:97)
    at workLoopSync (http://localhost:4455/_next/static/chunks/41356_next_dist_compiled_react-dom_fff4b597._.js:9456:40)
    at renderRootSync (http://localhost:4455/_next/static/chunks/41356_next_dist_compiled_react-dom_fff4b597._.js:9440:13)
    at performWorkOnRoot (http://localhost:4455/_next/static/chunks/41356_next_dist_compiled_react-dom_fff4b597._.js:9068:186)
    at performSyncWorkOnRoot (http://localhost:4455/_next/static/chunks/41356_next_dist_compiled_react-dom_fff4b597._.js:10238:9)
    at flushSyncWorkAcrossRoots_impl (http://localhost:4455/_next/static/chunks/41356_next_dist_compiled_react-dom_fff4b597._.js:10154:316)
    at processRootScheduleInMicrotask (http://localhost:4455/_next/static/chunks/41356_next_dist_compiled_react-dom_fff4b597._.js:10175:106)
    at http://localhost:4455/_next/static/chunks/41356_next_dist_compiled_react-dom_fff4b597._.js:10249:158
[38469520ms] Error: `getTranslations` is not supported in Client Components.
    at eval (http://localhost:4455/_next/static/chunks/41356_db1ab835._.js?id=%255Bproject%255D%252FDocuments%252FTest%252FAI%252FAI-Resume-Builder%252Ffrontend%252Fnode_modules%252Fnext-intl%252Fdist%252Fesm%252Fdevelopment%252Fserver%252Freact-client%252Findex.js+%255Bapp-client%255D+%2528ecmascript%2529:32:15)
    at Footer (http://localhost:4455/_next/static/chunks/Documents_Test_AI_AI-Resume-Builder_frontend_a56fb98e._.js?id=%255Bproject%255D%252FDocuments%252FTest%252FAI%252FAI-Resume-Builder%252Ffrontend%252Fcomponents%252FFooter.tsx+%255Bapp-client%255D+%2528ecmascript%2529:17:306)
    at Object.react_stack_bottom_frame (http://localhost:4455/_next/static/chunks/41356_next_dist_compiled_react-dom_fff4b597._.js:14826:24)
    at renderWithHooks (http://localhost:4455/_next/static/chunks/41356_next_dist_compiled_react-dom_fff4b597._.js:4651:24)
    at updateFunctionComponent (http://localhost:4455/_next/static/chunks/41356_next_dist_compiled_react-dom_fff4b597._.js:6112:21)
    at beginWork (http://localhost:4455/_next/static/chunks/41356_next_dist_compiled_react-dom_fff4b597._.js:6708:24)
    at runWithFiberInDEV (http://localhost:4455/_next/static/chunks/41356_next_dist_compiled_react-dom_fff4b597._.js:965:74)
    at performUnitOfWork (http://localhost:4455/_next/static/chunks/41356_next_dist_compiled_react-dom_fff4b597._.js:9562:97)
    at workLoopSync (http://localhost:4455/_next/static/chunks/41356_next_dist_compiled_react-dom_fff4b597._.js:9456:40)
    at renderRootSync (http://localhost:4455/_next/static/chunks/41356_next_dist_compiled_react-dom_fff4b597._.js:9440:13)
    at performWorkOnRoot (http://localhost:4455/_next/static/chunks/41356_next_dist_compiled_react-dom_fff4b597._.js:9068:186)
    at performSyncWorkOnRoot (http://localhost:4455/_next/static/chunks/41356_next_dist_compiled_react-dom_fff4b597._.js:10238:9)
    at flushSyncWorkAcrossRoots_impl (http://localhost:4455/_next/static/chunks/41356_next_dist_compiled_react-dom_fff4b597._.js:10154:316)
    at processRootScheduleInMicrotask (http://localhost:4455/_next/static/chunks/41356_next_dist_compiled_react-dom_fff4b597._.js:10175:106)
    at http://localhost:4455/_next/static/chunks/41356_next_dist_compiled_react-dom_fff4b597._.js:10249:158
[38469523ms] Error: `getTranslations` is not supported in Client Components.
    at eval (http://localhost:4455/_next/static/chunks/41356_db1ab835._.js?id=%255Bproject%255D%252FDocuments%252FTest%252FAI%252FAI-Resume-Builder%252Ffrontend%252Fnode_modules%252Fnext-intl%252Fdist%252Fesm%252Fdevelopment%252Fserver%252Freact-client%252Findex.js+%255Bapp-client%255D+%2528ecmascript%2529:32:15)
    at Footer (http://localhost:4455/_next/static/chunks/Documents_Test_AI_AI-Resume-Builder_frontend_a56fb98e._.js?id=%255Bproject%255D%252FDocuments%252FTest%252FAI%252FAI-Resume-Builder%252Ffrontend%252Fcomponents%252FFooter.tsx+%255Bapp-client%255D+%2528ecmascript%2529:17:306)
    at Object.react_stack_bottom_frame (http://localhost:4455/_next/static/chunks/41356_next_dist_compiled_react-dom_fff4b597._.js:14826:24)
    at renderWithHooks (http://localhost:4455/_next/static/chunks/41356_next_dist_compiled_react-dom_fff4b597._.js:4651:24)
    at updateFunctionComponent (http://localhost:4455/_next/static/chunks/41356_next_dist_compiled_react-dom_fff4b597._.js:6112:21)
    at beginWork (http://localhost:4455/_next/static/chunks/41356_next_dist_compiled_react-dom_fff4b597._.js:6708:24)
    at runWithFiberInDEV (http://localhost:4455/_next/static/chunks/41356_next_dist_compiled_react-dom_fff4b597._.js:965:74)
    at performUnitOfWork (http://localhost:4455/_next/static/chunks/41356_next_dist_compiled_react-dom_fff4b597._.js:9562:97)
    at workLoopSync (http://localhost:4455/_next/static/chunks/41356_next_dist_compiled_react-dom_fff4b597._.js:9456:40)
    at renderRootSync (http://localhost:4455/_next/static/chunks/41356_next_dist_compiled_react-dom_fff4b597._.js:9440:13)
    at performWorkOnRoot (http://localhost:4455/_next/static/chunks/41356_next_dist_compiled_react-dom_fff4b597._.js:9068:186)
    at performSyncWorkOnRoot (http://localhost:4455/_next/static/chunks/41356_next_dist_compiled_react-dom_fff4b597._.js:10238:9)
    at flushSyncWorkAcrossRoots_impl (http://localhost:4455/_next/static/chunks/41356_next_dist_compiled_react-dom_fff4b597._.js:10154:316)
    at processRootScheduleInMicrotask (http://localhost:4455/_next/static/chunks/41356_next_dist_compiled_react-dom_fff4b597._.js:10175:106)
    at http://localhost:4455/_next/static/chunks/41356_next_dist_compiled_react-dom_fff4b597._.js:10249:158
[38469529ms] Error: `getTranslations` is not supported in Client Components.
    at eval (http://localhost:4455/_next/static/chunks/41356_db1ab835._.js?id=%255Bproject%255D%252FDocuments%252FTest%252FAI%252FAI-Resume-Builder%252Ffrontend%252Fnode_modules%252Fnext-intl%252Fdist%252Fesm%252Fdevelopment%252Fserver%252Freact-client%252Findex.js+%255Bapp-client%255D+%2528ecmascript%2529:32:15)
    at Footer (http://localhost:4455/_next/static/chunks/Documents_Test_AI_AI-Resume-Builder_frontend_a56fb98e._.js?id=%255Bproject%255D%252FDocuments%252FTest%252FAI%252FAI-Resume-Builder%252Ffrontend%252Fcomponents%252FFooter.tsx+%255Bapp-client%255D+%2528ecmascript%2529:17:306)
    at Object.react_stack_bottom_frame (http://localhost:4455/_next/static/chunks/41356_next_dist_compiled_react-dom_fff4b597._.js:14826:24)
    at renderWithHooks (http://localhost:4455/_next/static/chunks/41356_next_dist_compiled_react-dom_fff4b597._.js:4651:24)
    at updateFunctionComponent (http://localhost:4455/_next/static/chunks/41356_next_dist_compiled_react-dom_fff4b597._.js:6112:21)
    at beginWork (http://localhost:4455/_next/static/chunks/41356_next_dist_compiled_react-dom_fff4b597._.js:6708:24)
    at runWithFiberInDEV (http://localhost:4455/_next/static/chunks/41356_next_dist_compiled_react-dom_fff4b597._.js:965:74)
    at performUnitOfWork (http://localhost:4455/_next/static/chunks/41356_next_dist_compiled_react-dom_fff4b597._.js:9562:97)
    at workLoopSync (http://localhost:4455/_next/static/chunks/41356_next_dist_compiled_react-dom_fff4b597._.js:9456:40)
    at renderRootSync (http://localhost:4455/_next/static/chunks/41356_next_dist_compiled_react-dom_fff4b597._.js:9440:13)
    at performWorkOnRoot (http://localhost:4455/_next/static/chunks/41356_next_dist_compiled_react-dom_fff4b597._.js:9068:186)
    at performSyncWorkOnRoot (http://localhost:4455/_next/static/chunks/41356_next_dist_compiled_react-dom_fff4b597._.js:10238:9)
    at flushSyncWorkAcrossRoots_impl (http://localhost:4455/_next/static/chunks/41356_next_dist_compiled_react-dom_fff4b597._.js:10154:316)
    at processRootScheduleInMicrotask (http://localhost:4455/_next/static/chunks/41356_next_dist_compiled_react-dom_fff4b597._.js:10175:106)
    at http://localhost:4455/_next/static/chunks/41356_next_dist_compiled_react-dom_fff4b597._.js:10249:158
[38469535ms] Error: `getTranslations` is not supported in Client Components.
    at eval (http://localhost:4455/_next/static/chunks/41356_db1ab835._.js?id=%255Bproject%255D%252FDocuments%252FTest%252FAI%252FAI-Resume-Builder%252Ffrontend%252Fnode_modules%252Fnext-intl%252Fdist%252Fesm%252Fdevelopment%252Fserver%252Freact-client%252Findex.js+%255Bapp-client%255D+%2528ecmascript%2529:32:15)
    at Footer (http://localhost:4455/_next/static/chunks/Documents_Test_AI_AI-Resume-Builder_frontend_a56fb98e._.js?id=%255Bproject%255D%252FDocuments%252FTest%252FAI%252FAI-Resume-Builder%252Ffrontend%252Fcomponents%252FFooter.tsx+%255Bapp-client%255D+%2528ecmascript%2529:17:306)
    at Object.react_stack_bottom_frame (http://localhost:4455/_next/static/chunks/41356_next_dist_compiled_react-dom_fff4b597._.js:14826:24)
    at renderWithHooks (http://localhost:4455/_next/static/chunks/41356_next_dist_compiled_react-dom_fff4b597._.js:4651:24)
    at updateFunctionComponent (http://localhost:4455/_next/static/chunks/41356_next_dist_compiled_react-dom_fff4b597._.js:6112:21)
    at beginWork (http://localhost:4455/_next/static/chunks/41356_next_dist_compiled_react-dom_fff4b597._.js:6708:24)
    at runWithFiberInDEV (http://localhost:4455/_next/static/chunks/41356_next_dist_compiled_react-dom_fff4b597._.js:965:74)
    at performUnitOfWork (http://localhost:4455/_next/static/chunks/41356_next_dist_compiled_react-dom_fff4b597._.js:9562:97)
    at workLoopSync (http://localhost:4455/_next/static/chunks/41356_next_dist_compiled_react-dom_fff4b597._.js:9456:40)
    at renderRootSync (http://localhost:4455/_next/static/chunks/41356_next_dist_compiled_react-dom_fff4b597._.js:9440:13)
    at performWorkOnRoot (http://localhost:4455/_next/static/chunks/41356_next_dist_compiled_react-dom_fff4b597._.js:9068:186)
    at performSyncWorkOnRoot (http://localhost:4455/_next/static/chunks/41356_next_dist_compiled_react-dom_fff4b597._.js:10238:9)
    at flushSyncWorkAcrossRoots_impl (http://localhost:4455/_next/static/chunks/41356_next_dist_compiled_react-dom_fff4b597._.js:10154:316)
    at processRootScheduleInMicrotask (http://localhost:4455/_next/static/chunks/41356_next_dist_compiled_react-dom_fff4b597._.js:10175:106)
    at http://localhost:4455/_next/static/chunks/41356_next_dist_compiled_react-dom_fff4b597._.js:10249:158
[38469544ms] Error: `getTranslations` is not supported in Client Components.
    at eval (http://localhost:4455/_next/static/chunks/41356_db1ab835._.js?id=%255Bproject%255D%252FDocuments%252FTest%252FAI%252FAI-Resume-Builder%252Ffrontend%252Fnode_modules%252Fnext-intl%252Fdist%252Fesm%252Fdevelopment%252Fserver%252Freact-client%252Findex.js+%255Bapp-client%255D+%2528ecmascript%2529:32:15)
    at Footer (http://localhost:4455/_next/static/chunks/Documents_Test_AI_AI-Resume-Builder_frontend_a56fb98e._.js?id=%255Bproject%255D%252FDocuments%252FTest%252FAI%252FAI-Resume-Builder%252Ffrontend%252Fcomponents%252FFooter.tsx+%255Bapp-client%255D+%2528ecmascript%2529:17:306)
    at Object.react_stack_bottom_frame (http://localhost:4455/_next/static/chunks/41356_next_dist_compiled_react-dom_fff4b597._.js:14826:24)
    at renderWithHooks (http://localhost:4455/_next/static/chunks/41356_next_dist_compiled_react-dom_fff4b597._.js:4651:24)
    at updateFunctionComponent (http://localhost:4455/_next/static/chunks/41356_next_dist_compiled_react-dom_fff4b597._.js:6112:21)
    at beginWork (http://localhost:4455/_next/static/chunks/41356_next_dist_compiled_react-dom_fff4b597._.js:6708:24)
    at runWithFiberInDEV (http://localhost:4455/_next/static/chunks/41356_next_dist_compiled_react-dom_fff4b597._.js:965:74)
    at performUnitOfWork (http://localhost:4455/_next/static/chunks/41356_next_dist_compiled_react-dom_fff4b597._.js:9562:97)
    at workLoopSync (http://localhost:4455/_next/static/chunks/41356_next_dist_compiled_react-dom_fff4b597._.js:9456:40)
    at renderRootSync (http://localhost:4455/_next/static/chunks/41356_next_dist_compiled_react-dom_fff4b597._.js:9440:13)
    at performWorkOnRoot (http://localhost:4455/_next/static/chunks/41356_next_dist_compiled_react-dom_fff4b597._.js:9068:186)
    at performSyncWorkOnRoot (http://localhost:4455/_next/static/chunks/41356_next_dist_compiled_react-dom_fff4b597._.js:10238:9)
    at flushSyncWorkAcrossRoots_impl (http://localhost:4455/_next/static/chunks/41356_next_dist_compiled_react-dom_fff4b597._.js:10154:316)
    at processRootScheduleInMicrotask (http://localhost:4455/_next/static/chunks/41356_next_dist_compiled_react-dom_fff4b597._.js:10175:106)
    at http://localhost:4455/_next/static/chunks/41356_next_dist_compiled_react-dom_fff4b597._.js:10249:158
[38469544ms] Error: `getTranslations` is not supported in Client Components.
    at eval (http://localhost:4455/_next/static/chunks/41356_db1ab835._.js?id=%255Bproject%255D%252FDocuments%252FTest%252FAI%252FAI-Resume-Builder%252Ffrontend%252Fnode_modules%252Fnext-intl%252Fdist%252Fesm%252Fdevelopment%252Fserver%252Freact-client%252Findex.js+%255Bapp-client%255D+%2528ecmascript%2529:32:15)
    at Footer (http://localhost:4455/_next/static/chunks/Documents_Test_AI_AI-Resume-Builder_frontend_a56fb98e._.js?id=%255Bproject%255D%252FDocuments%252FTest%252FAI%252FAI-Resume-Builder%252Ffrontend%252Fcomponents%252FFooter.tsx+%255Bapp-client%255D+%2528ecmascript%2529:17:306)
    at Object.react_stack_bottom_frame (http://localhost:4455/_next/static/chunks/41356_next_dist_compiled_react-dom_fff4b597._.js:14826:24)
    at renderWithHooks (http://localhost:4455/_next/static/chunks/41356_next_dist_compiled_react-dom_fff4b597._.js:4651:24)
    at updateFunctionComponent (http://localhost:4455/_next/static/chunks/41356_next_dist_compiled_react-dom_fff4b597._.js:6112:21)
    at beginWork (http://localhost:4455/_next/static/chunks/41356_next_dist_compiled_react-dom_fff4b597._.js:6708:24)
    at runWithFiberInDEV (http://localhost:4455/_next/static/chunks/41356_next_dist_compiled_react-dom_fff4b597._.js:965:74)
    at performUnitOfWork (http://localhost:4455/_next/static/chunks/41356_next_dist_compiled_react-dom_fff4b597._.js:9562:97)
    at workLoopSync (http://localhost:4455/_next/static/chunks/41356_next_dist_compiled_react-dom_fff4b597._.js:9456:40)
    at renderRootSync (http://localhost:4455/_next/static/chunks/41356_next_dist_compiled_react-dom_fff4b597._.js:9440:13)
    at performWorkOnRoot (http://localhost:4455/_next/static/chunks/41356_next_dist_compiled_react-dom_fff4b597._.js:9068:186)
    at performSyncWorkOnRoot (http://localhost:4455/_next/static/chunks/41356_next_dist_compiled_react-dom_fff4b597._.js:10238:9)
    at flushSyncWorkAcrossRoots_impl (http://localhost:4455/_next/static/chunks/41356_next_dist_compiled_react-dom_fff4b597._.js:10154:316)
    at processRootScheduleInMicrotask (http://localhost:4455/_next/static/chunks/41356_next_dist_compiled_react-dom_fff4b597._.js:10175:106)
    at http://localhost:4455/_next/static/chunks/41356_next_dist_compiled_react-dom_fff4b597._.js:10249:158
[38469545ms] Error: `getTranslations` is not supported in Client Components.
    at eval (http://localhost:4455/_next/static/chunks/41356_db1ab835._.js?id=%255Bproject%255D%252FDocuments%252FTest%252FAI%252FAI-Resume-Builder%252Ffrontend%252Fnode_modules%252Fnext-intl%252Fdist%252Fesm%252Fdevelopment%252Fserver%252Freact-client%252Findex.js+%255Bapp-client%255D+%2528ecmascript%2529:32:15)
    at Footer (http://localhost:4455/_next/static/chunks/Documents_Test_AI_AI-Resume-Builder_frontend_a56fb98e._.js?id=%255Bproject%255D%252FDocuments%252FTest%252FAI%252FAI-Resume-Builder%252Ffrontend%252Fcomponents%252FFooter.tsx+%255Bapp-client%255D+%2528ecmascript%2529:17:306)
    at Object.react_stack_bottom_frame (http://localhost:4455/_next/static/chunks/41356_next_dist_compiled_react-dom_fff4b597._.js:14826:24)
    at renderWithHooks (http://localhost:4455/_next/static/chunks/41356_next_dist_compiled_react-dom_fff4b597._.js:4651:24)
    at updateFunctionComponent (http://localhost:4455/_next/static/chunks/41356_next_dist_compiled_react-dom_fff4b597._.js:6112:21)
    at beginWork (http://localhost:4455/_next/static/chunks/41356_next_dist_compiled_react-dom_fff4b597._.js:6708:24)
    at runWithFiberInDEV (http://localhost:4455/_next/static/chunks/41356_next_dist_compiled_react-dom_fff4b597._.js:965:74)
    at performUnitOfWork (http://localhost:4455/_next/static/chunks/41356_next_dist_compiled_react-dom_fff4b597._.js:9562:97)
    at workLoopSync (http://localhost:4455/_next/static/chunks/41356_next_dist_compiled_react-dom_fff4b597._.js:9456:40)
    at renderRootSync (http://localhost:4455/_next/static/chunks/41356_next_dist_compiled_react-dom_fff4b597._.js:9440:13)
    at performWorkOnRoot (http://localhost:4455/_next/static/chunks/41356_next_dist_compiled_react-dom_fff4b597._.js:9068:186)
    at performSyncWorkOnRoot (http://localhost:4455/_next/static/chunks/41356_next_dist_compiled_react-dom_fff4b597._.js:10238:9)
    at flushSyncWorkAcrossRoots_impl (http://localhost:4455/_next/static/chunks/41356_next_dist_compiled_react-dom_fff4b597._.js:10154:316)
    at processRootScheduleInMicrotask (http://localhost:4455/_next/static/chunks/41356_next_dist_compiled_react-dom_fff4b597._.js:10175:106)
    at http://localhost:4455/_next/static/chunks/41356_next_dist_compiled_react-dom_fff4b597._.js:10249:158
[38469545ms] Error: `getTranslations` is not supported in Client Components.
    at eval (http://localhost:4455/_next/static/chunks/41356_db1ab835._.js?id=%255Bproject%255D%252FDocuments%252FTest%252FAI%252FAI-Resume-Builder%252Ffrontend%252Fnode_modules%252Fnext-intl%252Fdist%252Fesm%252Fdevelopment%252Fserver%252Freact-client%252Findex.js+%255Bapp-client%255D+%2528ecmascript%2529:32:15)
    at Footer (http://localhost:4455/_next/static/chunks/Documents_Test_AI_AI-Resume-Builder_frontend_a56fb98e._.js?id=%255Bproject%255D%252FDocuments%252FTest%252FAI%252FAI-Resume-Builder%252Ffrontend%252Fcomponents%252FFooter.tsx+%255Bapp-client%255D+%2528ecmascript%2529:17:306)
    at Object.react_stack_bottom_frame (http://localhost:4455/_next/static/chunks/41356_next_dist_compiled_react-dom_fff4b597._.js:14826:24)
    at renderWithHooks (http://localhost:4455/_next/static/chunks/41356_next_dist_compiled_react-dom_fff4b597._.js:4651:24)
    at updateFunctionComponent (http://localhost:4455/_next/static/chunks/41356_next_dist_compiled_react-dom_fff4b597._.js:6112:21)
    at beginWork (http://localhost:4455/_next/static/chunks/41356_next_dist_compiled_react-dom_fff4b597._.js:6708:24)
    at runWithFiberInDEV (http://localhost:4455/_next/static/chunks/41356_next_dist_compiled_react-dom_fff4b597._.js:965:74)
    at performUnitOfWork (http://localhost:4455/_next/static/chunks/41356_next_dist_compiled_react-dom_fff4b597._.js:9562:97)
    at workLoopSync (http://localhost:4455/_next/static/chunks/41356_next_dist_compiled_react-dom_fff4b597._.js:9456:40)
    at renderRootSync (http://localhost:4455/_next/static/chunks/41356_next_dist_compiled_react-dom_fff4b597._.js:9440:13)
    at performWorkOnRoot (http://localhost:4455/_next/static/chunks/41356_next_dist_compiled_react-dom_fff4b597._.js:9068:186)
    at performSyncWorkOnRoot (http://localhost:4455/_next/static/chunks/41356_next_dist_compiled_react-dom_fff4b597._.js:10238:9)
    at flushSyncWorkAcrossRoots_impl (http://localhost:4455/_next/static/chunks/41356_next_dist_compiled_react-dom_fff4b597._.js:10154:316)
    at processRootScheduleInMicrotask (http://localhost:4455/_next/static/chunks/41356_next_dist_compiled_react-dom_fff4b597._.js:10175:106)
    at http://localhost:4455/_next/static/chunks/41356_next_dist_compiled_react-dom_fff4b597._.js:10249:158
[38469546ms] Error: `getTranslations` is not supported in Client Components.
    at eval (http://localhost:4455/_next/static/chunks/41356_db1ab835._.js?id=%255Bproject%255D%252FDocuments%252FTest%252FAI%252FAI-Resume-Builder%252Ffrontend%252Fnode_modules%252Fnext-intl%252Fdist%252Fesm%252Fdevelopment%252Fserver%252Freact-client%252Findex.js+%255Bapp-client%255D+%2528ecmascript%2529:32:15)
    at Footer (http://localhost:4455/_next/static/chunks/Documents_Test_AI_AI-Resume-Builder_frontend_a56fb98e._.js?id=%255Bproject%255D%252FDocuments%252FTest%252FAI%252FAI-Resume-Builder%252Ffrontend%252Fcomponents%252FFooter.tsx+%255Bapp-client%255D+%2528ecmascript%2529:17:306)
    at Object.react_stack_bottom_frame (http://localhost:4455/_next/static/chunks/41356_next_dist_compiled_react-dom_fff4b597._.js:14826:24)
    at renderWithHooks (http://localhost:4455/_next/static/chunks/41356_next_dist_compiled_react-dom_fff4b597._.js:4651:24)
    at updateFunctionComponent (http://localhost:4455/_next/static/chunks/41356_next_dist_compiled_react-dom_fff4b597._.js:6112:21)
    at beginWork (http://localhost:4455/_next/static/chunks/41356_next_dist_compiled_react-dom_fff4b597._.js:6708:24)
    at runWithFiberInDEV (http://localhost:4455/_next/static/chunks/41356_next_dist_compiled_react-dom_fff4b597._.js:965:74)
    at performUnitOfWork (http://localhost:4455/_next/static/chunks/41356_next_dist_compiled_react-dom_fff4b597._.js:9562:97)
    at workLoopSync (http://localhost:4455/_next/static/chunks/41356_next_dist_compiled_react-dom_fff4b597._.js:9456:40)
    at renderRootSync (http://localhost:4455/_next/static/chunks/41356_next_dist_compiled_react-dom_fff4b597._.js:9440:13)
    at performWorkOnRoot (http://localhost:4455/_next/static/chunks/41356_next_dist_compiled_react-dom_fff4b597._.js:9068:186)
    at performSyncWorkOnRoot (http://localhost:4455/_next/static/chunks/41356_next_dist_compiled_react-dom_fff4b597._.js:10238:9)
    at flushSyncWorkAcrossRoots_impl (http://localhost:4455/_next/static/chunks/41356_next_dist_compiled_react-dom_fff4b597._.js:10154:316)
    at processRootScheduleInMicrotask (http://localhost:4455/_next/static/chunks/41356_next_dist_compiled_react-dom_fff4b597._.js:10175:106)
    at http://localhost:4455/_next/static/chunks/41356_next_dist_compiled_react-dom_fff4b597._.js:10249:158
[38469547ms] Error: `getTranslations` is not supported in Client Components.
    at eval (http://localhost:4455/_next/static/chunks/41356_db1ab835._.js?id=%255Bproject%255D%252FDocuments%252FTest%252FAI%252FAI-Resume-Builder%252Ffrontend%252Fnode_modules%252Fnext-intl%252Fdist%252Fesm%252Fdevelopment%252Fserver%252Freact-client%252Findex.js+%255Bapp-client%255D+%2528ecmascript%2529:32:15)
    at Footer (http://localhost:4455/_next/static/chunks/Documents_Test_AI_AI-Resume-Builder_frontend_a56fb98e._.js?id=%255Bproject%255D%252FDocuments%252FTest%252FAI%252FAI-Resume-Builder%252Ffrontend%252Fcomponents%252FFooter.tsx+%255Bapp-client%255D+%2528ecmascript%2529:17:306)
    at Object.react_stack_bottom_frame (http://localhost:4455/_next/static/chunks/41356_next_dist_compiled_react-dom_fff4b597._.js:14826:24)
    at renderWithHooks (http://localhost:4455/_next/static/chunks/41356_next_dist_compiled_react-dom_fff4b597._.js:4651:24)
    at updateFunctionComponent (http://localhost:4455/_next/static/chunks/41356_next_dist_compiled_react-dom_fff4b597._.js:6112:21)
    at beginWork (http://localhost:4455/_next/static/chunks/41356_next_dist_compiled_react-dom_fff4b597._.js:6708:24)
    at runWithFiberInDEV (http://localhost:4455/_next/static/chunks/41356_next_dist_compiled_react-dom_fff4b597._.js:965:74)
    at performUnitOfWork (http://localhost:4455/_next/static/chunks/41356_next_dist_compiled_react-dom_fff4b597._.js:9562:97)
    at workLoopSync (http://localhost:4455/_next/static/chunks/41356_next_dist_compiled_react-dom_fff4b597._.js:9456:40)
    at renderRootSync (http://localhost:4455/_next/static/chunks/41356_next_dist_compiled_react-dom_fff4b597._.js:9440:13)
    at performWorkOnRoot (http://localhost:4455/_next/static/chunks/41356_next_dist_compiled_react-dom_fff4b597._.js:9068:186)
    at performSyncWorkOnRoot (http://localhost:4455/_next/static/chunks/41356_next_dist_compiled_react-dom_fff4b597._.js:10238:9)
    at flushSyncWorkAcrossRoots_impl (http://localhost:4455/_next/static/chunks/41356_next_dist_compiled_react-dom_fff4b597._.js:10154:316)
    at processRootScheduleInMicrotask (http://localhost:4455/_next/static/chunks/41356_next_dist_compiled_react-dom_fff4b597._.js:10175:106)
    at http://localhost:4455/_next/static/chunks/41356_next_dist_compiled_react-dom_fff4b597._.js:10249:158
[38469547ms] Error: `getTranslations` is not supported in Client Components.
    at eval (http://localhost:4455/_next/static/chunks/41356_db1ab835._.js?id=%255Bproject%255D%252FDocuments%252FTest%252FAI%252FAI-Resume-Builder%252Ffrontend%252Fnode_modules%252Fnext-intl%252Fdist%252Fesm%252Fdevelopment%252Fserver%252Freact-client%252Findex.js+%255Bapp-client%255D+%2528ecmascript%2529:32:15)
    at Footer (http://localhost:4455/_next/static/chunks/Documents_Test_AI_AI-Resume-Builder_frontend_a56fb98e._.js?id=%255Bproject%255D%252FDocuments%252FTest%252FAI%252FAI-Resume-Builder%252Ffrontend%252Fcomponents%252FFooter.tsx+%255Bapp-client%255D+%2528ecmascript%2529:17:306)
    at Object.react_stack_bottom_frame (http://localhost:4455/_next/static/chunks/41356_next_dist_compiled_react-dom_fff4b597._.js:14826:24)
    at renderWithHooks (http://localhost:4455/_next/static/chunks/41356_next_dist_compiled_react-dom_fff4b597._.js:4651:24)
    at updateFunctionComponent (http://localhost:4455/_next/static/chunks/41356_next_dist_compiled_react-dom_fff4b597._.js:6112:21)
    at beginWork (http://localhost:4455/_next/static/chunks/41356_next_dist_compiled_react-dom_fff4b597._.js:6708:24)
    at runWithFiberInDEV (http://localhost:4455/_next/static/chunks/41356_next_dist_compiled_react-dom_fff4b597._.js:965:74)
    at performUnitOfWork (http://localhost:4455/_next/static/chunks/41356_next_dist_compiled_react-dom_fff4b597._.js:9562:97)
    at workLoopSync (http://localhost:4455/_next/static/chunks/41356_next_dist_compiled_react-dom_fff4b597._.js:9456:40)
    at renderRootSync (http://localhost:4455/_next/static/chunks/41356_next_dist_compiled_react-dom_fff4b597._.js:9440:13)
    at performWorkOnRoot (http://localhost:4455/_next/static/chunks/41356_next_dist_compiled_react-dom_fff4b597._.js:9068:186)
    at performSyncWorkOnRoot (http://localhost:4455/_next/static/chunks/41356_next_dist_compiled_react-dom_fff4b597._.js:10238:9)
    at flushSyncWorkAcrossRoots_impl (http://localhost:4455/_next/static/chunks/41356_next_dist_compiled_react-dom_fff4b597._.js:10154:316)
    at processRootScheduleInMicrotask (http://localhost:4455/_next/static/chunks/41356_next_dist_compiled_react-dom_fff4b597._.js:10175:106)
    at http://localhost:4455/_next/static/chunks/41356_next_dist_compiled_react-dom_fff4b597._.js:10249:158
[38469548ms] Error: `getTranslations` is not supported in Client Components.
    at eval (http://localhost:4455/_next/static/chunks/41356_db1ab835._.js?id=%255Bproject%255D%252FDocuments%252FTest%252FAI%252FAI-Resume-Builder%252Ffrontend%252Fnode_modules%252Fnext-intl%252Fdist%252Fesm%252Fdevelopment%252Fserver%252Freact-client%252Findex.js+%255Bapp-client%255D+%2528ecmascript%2529:32:15)
    at Footer (http://localhost:4455/_next/static/chunks/Documents_Test_AI_AI-Resume-Builder_frontend_a56fb98e._.js?id=%255Bproject%255D%252FDocuments%252FTest%252FAI%252FAI-Resume-Builder%252Ffrontend%252Fcomponents%252FFooter.tsx+%255Bapp-client%255D+%2528ecmascript%2529:17:306)
    at Object.react_stack_bottom_frame (http://localhost:4455/_next/static/chunks/41356_next_dist_compiled_react-dom_fff4b597._.js:14826:24)
    at renderWithHooks (http://localhost:4455/_next/static/chunks/41356_next_dist_compiled_react-dom_fff4b597._.js:4651:24)
    at updateFunctionComponent (http://localhost:4455/_next/static/chunks/41356_next_dist_compiled_react-dom_fff4b597._.js:6112:21)
    at beginWork (http://localhost:4455/_next/static/chunks/41356_next_dist_compiled_react-dom_fff4b597._.js:6708:24)
    at runWithFiberInDEV (http://localhost:4455/_next/static/chunks/41356_next_dist_compiled_react-dom_fff4b597._.js:965:74)
    at performUnitOfWork (http://localhost:4455/_next/static/chunks/41356_next_dist_compiled_react-dom_fff4b597._.js:9562:97)
    at workLoopSync (http://localhost:4455/_next/static/chunks/41356_next_dist_compiled_react-dom_fff4b597._.js:9456:40)
    at renderRootSync (http://localhost:4455/_next/static/chunks/41356_next_dist_compiled_react-dom_fff4b597._.js:9440:13)
    at performWorkOnRoot (http://localhost:4455/_next/static/chunks/41356_next_dist_compiled_react-dom_fff4b597._.js:9068:186)
    at performSyncWorkOnRoot (http://localhost:4455/_next/static/chunks/41356_next_dist_compiled_react-dom_fff4b597._.js:10238:9)
    at flushSyncWorkAcrossRoots_impl (http://localhost:4455/_next/static/chunks/41356_next_dist_compiled_react-dom_fff4b597._.js:10154:316)
    at processRootScheduleInMicrotask (http://localhost:4455/_next/static/chunks/41356_next_dist_compiled_react-dom_fff4b597._.js:10175:106)
    at http://localhost:4455/_next/static/chunks/41356_next_dist_compiled_react-dom_fff4b597._.js:10249:158
[38469548ms] Error: `getTranslations` is not supported in Client Components.
    at eval (http://localhost:4455/_next/static/chunks/41356_db1ab835._.js?id=%255Bproject%255D%252FDocuments%252FTest%252FAI%252FAI-Resume-Builder%252Ffrontend%252Fnode_modules%252Fnext-intl%252Fdist%252Fesm%252Fdevelopment%252Fserver%252Freact-client%252Findex.js+%255Bapp-client%255D+%2528ecmascript%2529:32:15)
    at Footer (http://localhost:4455/_next/static/chunks/Documents_Test_AI_AI-Resume-Builder_frontend_a56fb98e._.js?id=%255Bproject%255D%252FDocuments%252FTest%252FAI%252FAI-Resume-Builder%252Ffrontend%252Fcomponents%252FFooter.tsx+%255Bapp-client%255D+%2528ecmascript%2529:17:306)
    at Object.react_stack_bottom_frame (http://localhost:4455/_next/static/chunks/41356_next_dist_compiled_react-dom_fff4b597._.js:14826:24)
    at renderWithHooks (http://localhost:4455/_next/static/chunks/41356_next_dist_compiled_react-dom_fff4b597._.js:4651:24)
    at updateFunctionComponent (http://localhost:4455/_next/static/chunks/41356_next_dist_compiled_react-dom_fff4b597._.js:6112:21)
    at beginWork (http://localhost:4455/_next/static/chunks/41356_next_dist_compiled_react-dom_fff4b597._.js:6708:24)
    at runWithFiberInDEV (http://localhost:4455/_next/static/chunks/41356_next_dist_compiled_react-dom_fff4b597._.js:965:74)
    at performUnitOfWork (http://localhost:4455/_next/static/chunks/41356_next_dist_compiled_react-dom_fff4b597._.js:9562:97)
    at workLoopSync (http://localhost:4455/_next/static/chunks/41356_next_dist_compiled_react-dom_fff4b597._.js:9456:40)
    at renderRootSync (http://localhost:4455/_next/static/chunks/41356_next_dist_compiled_react-dom_fff4b597._.js:9440:13)
    at performWorkOnRoot (http://localhost:4455/_next/static/chunks/41356_next_dist_compiled_react-dom_fff4b597._.js:9068:186)
    at performSyncWorkOnRoot (http://localhost:4455/_next/static/chunks/41356_next_dist_compiled_react-dom_fff4b597._.js:10238:9)
    at flushSyncWorkAcrossRoots_impl (http://localhost:4455/_next/static/chunks/41356_next_dist_compiled_react-dom_fff4b597._.js:10154:316)
    at processRootScheduleInMicrotask (http://localhost:4455/_next/static/chunks/41356_next_dist_compiled_react-dom_fff4b597._.js:10175:106)
    at http://localhost:4455/_next/static/chunks/41356_next_dist_compiled_react-dom_fff4b597._.js:10249:158
[38469549ms] Error: `getTranslations` is not supported in Client Components.
    at eval (http://localhost:4455/_next/static/chunks/41356_db1ab835._.js?id=%255Bproject%255D%252FDocuments%252FTest%252FAI%252FAI-Resume-Builder%252Ffrontend%252Fnode_modules%252Fnext-intl%252Fdist%252Fesm%252Fdevelopment%252Fserver%252Freact-client%252Findex.js+%255Bapp-client%255D+%2528ecmascript%2529:32:15)
    at Footer (http://localhost:4455/_next/static/chunks/Documents_Test_AI_AI-Resume-Builder_frontend_a56fb98e._.js?id=%255Bproject%255D%252FDocuments%252FTest%252FAI%252FAI-Resume-Builder%252Ffrontend%252Fcomponents%252FFooter.tsx+%255Bapp-client%255D+%2528ecmascript%2529:17:306)
    at Object.react_stack_bottom_frame (http://localhost:4455/_next/static/chunks/41356_next_dist_compiled_react-dom_fff4b597._.js:14826:24)
    at renderWithHooks (http://localhost:4455/_next/static/chunks/41356_next_dist_compiled_react-dom_fff4b597._.js:4651:24)
    at updateFunctionComponent (http://localhost:4455/_next/static/chunks/41356_next_dist_compiled_react-dom_fff4b597._.js:6112:21)
    at beginWork (http://localhost:4455/_next/static/chunks/41356_next_dist_compiled_react-dom_fff4b597._.js:6708:24)
    at runWithFiberInDEV (http://localhost:4455/_next/static/chunks/41356_next_dist_compiled_react-dom_fff4b597._.js:965:74)
    at performUnitOfWork (http://localhost:4455/_next/static/chunks/41356_next_dist_compiled_react-dom_fff4b597._.js:9562:97)
    at workLoopSync (http://localhost:4455/_next/static/chunks/41356_next_dist_compiled_react-dom_fff4b597._.js:9456:40)
    at renderRootSync (http://localhost:4455/_next/static/chunks/41356_next_dist_compiled_react-dom_fff4b597._.js:9440:13)
    at performWorkOnRoot (http://localhost:4455/_next/static/chunks/41356_next_dist_compiled_react-dom_fff4b597._.js:9068:186)
    at performSyncWorkOnRoot (http://localhost:4455/_next/static/chunks/41356_next_dist_compiled_react-dom_fff4b597._.js:10238:9)
    at flushSyncWorkAcrossRoots_impl (http://localhost:4455/_next/static/chunks/41356_next_dist_compiled_react-dom_fff4b597._.js:10154:316)
    at processRootScheduleInMicrotask (http://localhost:4455/_next/static/chunks/41356_next_dist_compiled_react-dom_fff4b597._.js:10175:106)
    at http://localhost:4455/_next/static/chunks/41356_next_dist_compiled_react-dom_fff4b597._.js:10249:158
[38469549ms] Error: `getTranslations` is not supported in Client Components.
    at eval (http://localhost:4455/_next/static/chunks/41356_db1ab835._.js?id=%255Bproject%255D%252FDocuments%252FTest%252FAI%252FAI-Resume-Builder%252Ffrontend%252Fnode_modules%252Fnext-intl%252Fdist%252Fesm%252Fdevelopment%252Fserver%252Freact-client%252Findex.js+%255Bapp-client%255D+%2528ecmascript%2529:32:15)
    at Footer (http://localhost:4455/_next/static/chunks/Documents_Test_AI_AI-Resume-Builder_frontend_a56fb98e._.js?id=%255Bproject%255D%252FDocuments%252FTest%252FAI%252FAI-Resume-Builder%252Ffrontend%252Fcomponents%252FFooter.tsx+%255Bapp-client%255D+%2528ecmascript%2529:17:306)
    at Object.react_stack_bottom_frame (http://localhost:4455/_next/static/chunks/41356_next_dist_compiled_react-dom_fff4b597._.js:14826:24)
    at renderWithHooks (http://localhost:4455/_next/static/chunks/41356_next_dist_compiled_react-dom_fff4b597._.js:4651:24)
    at updateFunctionComponent (http://localhost:4455/_next/static/chunks/41356_next_dist_compiled_react-dom_fff4b597._.js:6112:21)
    at beginWork (http://localhost:4455/_next/static/chunks/41356_next_dist_compiled_react-dom_fff4b597._.js:6708:24)
    at runWithFiberInDEV (http://localhost:4455/_next/static/chunks/41356_next_dist_compiled_react-dom_fff4b597._.js:965:74)
    at performUnitOfWork (http://localhost:4455/_next/static/chunks/41356_next_dist_compiled_react-dom_fff4b597._.js:9562:97)
    at workLoopSync (http://localhost:4455/_next/static/chunks/41356_next_dist_compiled_react-dom_fff4b597._.js:9456:40)
    at renderRootSync (http://localhost:4455/_next/static/chunks/41356_next_dist_compiled_react-dom_fff4b597._.js:9440:13)
    at performWorkOnRoot (http://localhost:4455/_next/static/chunks/41356_next_dist_compiled_react-dom_fff4b597._.js:9068:186)
    at performSyncWorkOnRoot (http://localhost:4455/_next/static/chunks/41356_next_dist_compiled_react-dom_fff4b597._.js:10238:9)
    at flushSyncWorkAcrossRoots_impl (http://localhost:4455/_next/static/chunks/41356_next_dist_compiled_react-dom_fff4b597._.js:10154:316)
    at processRootScheduleInMicrotask (http://localhost:4455/_next/static/chunks/41356_next_dist_compiled_react-dom_fff4b597._.js:10175:106)
    at http://localhost:4455/_next/static/chunks/41356_next_dist_compiled_react-dom_fff4b597._.js:10249:158
[38469550ms] Error: `getTranslations` is not supported in Client Components.
    at eval (http://localhost:4455/_next/static/chunks/41356_db1ab835._.js?id=%255Bproject%255D%252FDocuments%252FTest%252FAI%252FAI-Resume-Builder%252Ffrontend%252Fnode_modules%252Fnext-intl%252Fdist%252Fesm%252Fdevelopment%252Fserver%252Freact-client%252Findex.js+%255Bapp-client%255D+%2528ecmascript%2529:32:15)
    at Footer (http://localhost:4455/_next/static/chunks/Documents_Test_AI_AI-Resume-Builder_frontend_a56fb98e._.js?id=%255Bproject%255D%252FDocuments%252FTest%252FAI%252FAI-Resume-Builder%252Ffrontend%252Fcomponents%252FFooter.tsx+%255Bapp-client%255D+%2528ecmascript%2529:17:306)
    at Object.react_stack_bottom_frame (http://localhost:4455/_next/static/chunks/41356_next_dist_compiled_react-dom_fff4b597._.js:14826:24)
    at renderWithHooks (http://localhost:4455/_next/static/chunks/41356_next_dist_compiled_react-dom_fff4b597._.js:4651:24)
    at updateFunctionComponent (http://localhost:4455/_next/static/chunks/41356_next_dist_compiled_react-dom_fff4b597._.js:6112:21)
    at beginWork (http://localhost:4455/_next/static/chunks/41356_next_dist_compiled_react-dom_fff4b597._.js:6708:24)
    at runWithFiberInDEV (http://localhost:4455/_next/static/chunks/41356_next_dist_compiled_react-dom_fff4b597._.js:965:74)
    at performUnitOfWork (http://localhost:4455/_next/static/chunks/41356_next_dist_compiled_react-dom_fff4b597._.js:9562:97)
    at workLoopSync (http://localhost:4455/_next/static/chunks/41356_next_dist_compiled_react-dom_fff4b597._.js:9456:40)
    at renderRootSync (http://localhost:4455/_next/static/chunks/41356_next_dist_compiled_react-dom_fff4b597._.js:9440:13)
    at performWorkOnRoot (http://localhost:4455/_next/static/chunks/41356_next_dist_compiled_react-dom_fff4b597._.js:9068:186)
    at performSyncWorkOnRoot (http://localhost:4455/_next/static/chunks/41356_next_dist_compiled_react-dom_fff4b597._.js:10238:9)
    at flushSyncWorkAcrossRoots_impl (http://localhost:4455/_next/static/chunks/41356_next_dist_compiled_react-dom_fff4b597._.js:10154:316)
    at processRootScheduleInMicrotask (http://localhost:4455/_next/static/chunks/41356_next_dist_compiled_react-dom_fff4b597._.js:10175:106)
    at http://localhost:4455/_next/static/chunks/41356_next_dist_compiled_react-dom_fff4b597._.js:10249:158
[38469550ms] Error: `getTranslations` is not supported in Client Components.
    at eval (http://localhost:4455/_next/static/chunks/41356_db1ab835._.js?id=%255Bproject%255D%252FDocuments%252FTest%252FAI%252FAI-Resume-Builder%252Ffrontend%252Fnode_modules%252Fnext-intl%252Fdist%252Fesm%252Fdevelopment%252Fserver%252Freact-client%252Findex.js+%255Bapp-client%255D+%2528ecmascript%2529:32:15)
    at Footer (http://localhost:4455/_next/static/chunks/Documents_Test_AI_AI-Resume-Builder_frontend_a56fb98e._.js?id=%255Bproject%255D%252FDocuments%252FTest%252FAI%252FAI-Resume-Builder%252Ffrontend%252Fcomponents%252FFooter.tsx+%255Bapp-client%255D+%2528ecmascript%2529:17:306)
    at Object.react_stack_bottom_frame (http://localhost:4455/_next/static/chunks/41356_next_dist_compiled_react-dom_fff4b597._.js:14826:24)
    at renderWithHooks (http://localhost:4455/_next/static/chunks/41356_next_dist_compiled_react-dom_fff4b597._.js:4651:24)
    at updateFunctionComponent (http://localhost:4455/_next/static/chunks/41356_next_dist_compiled_react-dom_fff4b597._.js:6112:21)
    at beginWork (http://localhost:4455/_next/static/chunks/41356_next_dist_compiled_react-dom_fff4b597._.js:6708:24)
    at runWithFiberInDEV (http://localhost:4455/_next/static/chunks/41356_next_dist_compiled_react-dom_fff4b597._.js:965:74)
    at performUnitOfWork (http://localhost:4455/_next/static/chunks/41356_next_dist_compiled_react-dom_fff4b597._.js:9562:97)
    at workLoopSync (http://localhost:4455/_next/static/chunks/41356_next_dist_compiled_react-dom_fff4b597._.js:9456:40)
    at renderRootSync (http://localhost:4455/_next/static/chunks/41356_next_dist_compiled_react-dom_fff4b597._.js:9440:13)
    at performWorkOnRoot (http://localhost:4455/_next/static/chunks/41356_next_dist_compiled_react-dom_fff4b597._.js:9068:186)
    at performSyncWorkOnRoot (http://localhost:4455/_next/static/chunks/41356_next_dist_compiled_react-dom_fff4b597._.js:10238:9)
    at flushSyncWorkAcrossRoots_impl (http://localhost:4455/_next/static/chunks/41356_next_dist_compiled_react-dom_fff4b597._.js:10154:316)
    at processRootScheduleInMicrotask (http://localhost:4455/_next/static/chunks/41356_next_dist_compiled_react-dom_fff4b597._.js:10175:106)
    at http://localhost:4455/_next/static/chunks/41356_next_dist_compiled_react-dom_fff4b597._.js:10249:158
[38469551ms] Error: `getTranslations` is not supported in Client Components.
    at eval (http://localhost:4455/_next/static/chunks/41356_db1ab835._.js?id=%255Bproject%255D%252FDocuments%252FTest%252FAI%252FAI-Resume-Builder%252Ffrontend%252Fnode_modules%252Fnext-intl%252Fdist%252Fesm%252Fdevelopment%252Fserver%252Freact-client%252Findex.js+%255Bapp-client%255D+%2528ecmascript%2529:32:15)
    at Footer (http://localhost:4455/_next/static/chunks/Documents_Test_AI_AI-Resume-Builder_frontend_a56fb98e._.js?id=%255Bproject%255D%252FDocuments%252FTest%252FAI%252FAI-Resume-Builder%252Ffrontend%252Fcomponents%252FFooter.tsx+%255Bapp-client%255D+%2528ecmascript%2529:17:306)
    at Object.react_stack_bottom_frame (http://localhost:4455/_next/static/chunks/41356_next_dist_compiled_react-dom_fff4b597._.js:14826:24)
    at renderWithHooks (http://localhost:4455/_next/static/chunks/41356_next_dist_compiled_react-dom_fff4b597._.js:4651:24)
    at updateFunctionComponent (http://localhost:4455/_next/static/chunks/41356_next_dist_compiled_react-dom_fff4b597._.js:6112:21)
    at beginWork (http://localhost:4455/_next/static/chunks/41356_next_dist_compiled_react-dom_fff4b597._.js:6708:24)
    at runWithFiberInDEV (http://localhost:4455/_next/static/chunks/41356_next_dist_compiled_react-dom_fff4b597._.js:965:74)
    at performUnitOfWork (http://localhost:4455/_next/static/chunks/41356_next_dist_compiled_react-dom_fff4b597._.js:9562:97)
    at workLoopSync (http://localhost:4455/_next/static/chunks/41356_next_dist_compiled_react-dom_fff4b597._.js:9456:40)
    at renderRootSync (http://localhost:4455/_next/static/chunks/41356_next_dist_compiled_react-dom_fff4b597._.js:9440:13)
    at performWorkOnRoot (http://localhost:4455/_next/static/chunks/41356_next_dist_compiled_react-dom_fff4b597._.js:9068:186)
    at performSyncWorkOnRoot (http://localhost:4455/_next/static/chunks/41356_next_dist_compiled_react-dom_fff4b597._.js:10238:9)
    at flushSyncWorkAcrossRoots_impl (http://localhost:4455/_next/static/chunks/41356_next_dist_compiled_react-dom_fff4b597._.js:10154:316)
    at processRootScheduleInMicrotask (http://localhost:4455/_next/static/chunks/41356_next_dist_compiled_react-dom_fff4b597._.js:10175:106)
    at http://localhost:4455/_next/static/chunks/41356_next_dist_compiled_react-dom_fff4b597._.js:10249:158
[38469552ms] Error: `getTranslations` is not supported in Client Components.
    at eval (http://localhost:4455/_next/static/chunks/41356_db1ab835._.js?id=%255Bproject%255D%252FDocuments%252FTest%252FAI%252FAI-Resume-Builder%252Ffrontend%252Fnode_modules%252Fnext-intl%252Fdist%252Fesm%252Fdevelopment%252Fserver%252Freact-client%252Findex.js+%255Bapp-client%255D+%2528ecmascript%2529:32:15)
    at Footer (http://localhost:4455/_next/static/chunks/Documents_Test_AI_AI-Resume-Builder_frontend_a56fb98e._.js?id=%255Bproject%255D%252FDocuments%252FTest%252FAI%252FAI-Resume-Builder%252Ffrontend%252Fcomponents%252FFooter.tsx+%255Bapp-client%255D+%2528ecmascript%2529:17:306)
    at Object.react_stack_bottom_frame (http://localhost:4455/_next/static/chunks/41356_next_dist_compiled_react-dom_fff4b597._.js:14826:24)
    at renderWithHooks (http://localhost:4455/_next/static/chunks/41356_next_dist_compiled_react-dom_fff4b597._.js:4651:24)
    at updateFunctionComponent (http://localhost:4455/_next/static/chunks/41356_next_dist_compiled_react-dom_fff4b597._.js:6112:21)
    at beginWork (http://localhost:4455/_next/static/chunks/41356_next_dist_compiled_react-dom_fff4b597._.js:6708:24)
    at runWithFiberInDEV (http://localhost:4455/_next/static/chunks/41356_next_dist_compiled_react-dom_fff4b597._.js:965:74)
    at performUnitOfWork (http://localhost:4455/_next/static/chunks/41356_next_dist_compiled_react-dom_fff4b597._.js:9562:97)
    at workLoopSync (http://localhost:4455/_next/static/chunks/41356_next_dist_compiled_react-dom_fff4b597._.js:9456:40)
    at renderRootSync (http://localhost:4455/_next/static/chunks/41356_next_dist_compiled_react-dom_fff4b597._.js:9440:13)
    at performWorkOnRoot (http://localhost:4455/_next/static/chunks/41356_next_dist_compiled_react-dom_fff4b597._.js:9068:186)
    at performSyncWorkOnRoot (http://localhost:4455/_next/static/chunks/41356_next_dist_compiled_react-dom_fff4b597._.js:10238:9)
    at flushSyncWorkAcrossRoots_impl (http://localhost:4455/_next/static/chunks/41356_next_dist_compiled_react-dom_fff4b597._.js:10154:316)
    at processRootScheduleInMicrotask (http://localhost:4455/_next/static/chunks/41356_next_dist_compiled_react-dom_fff4b597._.js:10175:106)
    at http://localhost:4455/_next/static/chunks/41356_next_dist_compiled_react-dom_fff4b597._.js:10249:158
[38469552ms] Error: `getTranslations` is not supported in Client Components.
    at eval (http://localhost:4455/_next/static/chunks/41356_db1ab835._.js?id=%255Bproject%255D%252FDocuments%252FTest%252FAI%252FAI-Resume-Builder%252Ffrontend%252Fnode_modules%252Fnext-intl%252Fdist%252Fesm%252Fdevelopment%252Fserver%252Freact-client%252Findex.js+%255Bapp-client%255D+%2528ecmascript%2529:32:15)
    at Footer (http://localhost:4455/_next/static/chunks/Documents_Test_AI_AI-Resume-Builder_frontend_a56fb98e._.js?id=%255Bproject%255D%252FDocuments%252FTest%252FAI%252FAI-Resume-Builder%252Ffrontend%252Fcomponents%252FFooter.tsx+%255Bapp-client%255D+%2528ecmascript%2529:17:306)
    at Object.react_stack_bottom_frame (http://localhost:4455/_next/static/chunks/41356_next_dist_compiled_react-dom_fff4b597._.js:14826:24)
    at renderWithHooks (http://localhost:4455/_next/static/chunks/41356_next_dist_compiled_react-dom_fff4b597._.js:4651:24)
    at updateFunctionComponent (http://localhost:4455/_next/static/chunks/41356_next_dist_compiled_react-dom_fff4b597._.js:6112:21)
    at beginWork (http://localhost:4455/_next/static/chunks/41356_next_dist_compiled_react-dom_fff4b597._.js:6708:24)
    at runWithFiberInDEV (http://localhost:4455/_next/static/chunks/41356_next_dist_compiled_react-dom_fff4b597._.js:965:74)
    at performUnitOfWork (http://localhost:4455/_next/static/chunks/41356_next_dist_compiled_react-dom_fff4b597._.js:9562:97)
    at workLoopSync (http://localhost:4455/_next/static/chunks/41356_next_dist_compiled_react-dom_fff4b597._.js:9456:40)
    at renderRootSync (http://localhost:4455/_next/static/chunks/41356_next_dist_compiled_react-dom_fff4b597._.js:9440:13)
    at performWorkOnRoot (http://localhost:4455/_next/static/chunks/41356_next_dist_compiled_react-dom_fff4b597._.js:9068:186)
    at performSyncWorkOnRoot (http://localhost:4455/_next/static/chunks/41356_next_dist_compiled_react-dom_fff4b597._.js:10238:9)
    at flushSyncWorkAcrossRoots_impl (http://localhost:4455/_next/static/chunks/41356_next_dist_compiled_react-dom_fff4b597._.js:10154:316)
    at processRootScheduleInMicrotask (http://localhost:4455/_next/static/chunks/41356_next_dist_compiled_react-dom_fff4b597._.js:10175:106)
    at http://localhost:4455/_next/static/chunks/41356_next_dist_compiled_react-dom_fff4b597._.js:10249:158
[38469553ms] Error: `getTranslations` is not supported in Client Components.
    at eval (http://localhost:4455/_next/static/chunks/41356_db1ab835._.js?id=%255Bproject%255D%252FDocuments%252FTest%252FAI%252FAI-Resume-Builder%252Ffrontend%252Fnode_modules%252Fnext-intl%252Fdist%252Fesm%252Fdevelopment%252Fserver%252Freact-client%252Findex.js+%255Bapp-client%255D+%2528ecmascript%2529:32:15)
    at Footer (http://localhost:4455/_next/static/chunks/Documents_Test_AI_AI-Resume-Builder_frontend_a56fb98e._.js?id=%255Bproject%255D%252FDocuments%252FTest%252FAI%252FAI-Resume-Builder%252Ffrontend%252Fcomponents%252FFooter.tsx+%255Bapp-client%255D+%2528ecmascript%2529:17:306)
    at Object.react_stack_bottom_frame (http://localhost:4455/_next/static/chunks/41356_next_dist_compiled_react-dom_fff4b597._.js:14826:24)
    at renderWithHooks (http://localhost:4455/_next/static/chunks/41356_next_dist_compiled_react-dom_fff4b597._.js:4651:24)
    at updateFunctionComponent (http://localhost:4455/_next/static/chunks/41356_next_dist_compiled_react-dom_fff4b597._.js:6112:21)
    at beginWork (http://localhost:4455/_next/static/chunks/41356_next_dist_compiled_react-dom_fff4b597._.js:6708:24)
    at runWithFiberInDEV (http://localhost:4455/_next/static/chunks/41356_next_dist_compiled_react-dom_fff4b597._.js:965:74)
    at performUnitOfWork (http://localhost:4455/_next/static/chunks/41356_next_dist_compiled_react-dom_fff4b597._.js:9562:97)
    at workLoopSync (http://localhost:4455/_next/static/chunks/41356_next_dist_compiled_react-dom_fff4b597._.js:9456:40)
    at renderRootSync (http://localhost:4455/_next/static/chunks/41356_next_dist_compiled_react-dom_fff4b597._.js:9440:13)
    at performWorkOnRoot (http://localhost:4455/_next/static/chunks/41356_next_dist_compiled_react-dom_fff4b597._.js:9068:186)
    at performSyncWorkOnRoot (http://localhost:4455/_next/static/chunks/41356_next_dist_compiled_react-dom_fff4b597._.js:10238:9)
    at flushSyncWorkAcrossRoots_impl (http://localhost:4455/_next/static/chunks/41356_next_dist_compiled_react-dom_fff4b597._.js:10154:316)
    at processRootScheduleInMicrotask (http://localhost:4455/_next/static/chunks/41356_next_dist_compiled_react-dom_fff4b597._.js:10175:106)
    at http://localhost:4455/_next/static/chunks/41356_next_dist_compiled_react-dom_fff4b597._.js:10249:158
[38469553ms] Error: `getTranslations` is not supported in Client Components.
    at eval (http://localhost:4455/_next/static/chunks/41356_db1ab835._.js?id=%255Bproject%255D%252FDocuments%252FTest%252FAI%252FAI-Resume-Builder%252Ffrontend%252Fnode_modules%252Fnext-intl%252Fdist%252Fesm%252Fdevelopment%252Fserver%252Freact-client%252Findex.js+%255Bapp-client%255D+%2528ecmascript%2529:32:15)
    at Footer (http://localhost:4455/_next/static/chunks/Documents_Test_AI_AI-Resume-Builder_frontend_a56fb98e._.js?id=%255Bproject%255D%252FDocuments%252FTest%252FAI%252FAI-Resume-Builder%252Ffrontend%252Fcomponents%252FFooter.tsx+%255Bapp-client%255D+%2528ecmascript%2529:17:306)
    at Object.react_stack_bottom_frame (http://localhost:4455/_next/static/chunks/41356_next_dist_compiled_react-dom_fff4b597._.js:14826:24)
    at renderWithHooks (http://localhost:4455/_next/static/chunks/41356_next_dist_compiled_react-dom_fff4b597._.js:4651:24)
    at updateFunctionComponent (http://localhost:4455/_next/static/chunks/41356_next_dist_compiled_react-dom_fff4b597._.js:6112:21)
    at beginWork (http://localhost:4455/_next/static/chunks/41356_next_dist_compiled_react-dom_fff4b597._.js:6708:24)
    at runWithFiberInDEV (http://localhost:4455/_next/static/chunks/41356_next_dist_compiled_react-dom_fff4b597._.js:965:74)
    at performUnitOfWork (http://localhost:4455/_next/static/chunks/41356_next_dist_compiled_react-dom_fff4b597._.js:9562:97)
    at workLoopSync (http://localhost:4455/_next/static/chunks/41356_next_dist_compiled_react-dom_fff4b597._.js:9456:40)
    at renderRootSync (http://localhost:4455/_next/static/chunks/41356_next_dist_compiled_react-dom_fff4b597._.js:9440:13)
    at performWorkOnRoot (http://localhost:4455/_next/static/chunks/41356_next_dist_compiled_react-dom_fff4b597._.js:9068:186)
    at performSyncWorkOnRoot (http://localhost:4455/_next/static/chunks/41356_next_dist_compiled_react-dom_fff4b597._.js:10238:9)
    at flushSyncWorkAcrossRoots_impl (http://localhost:4455/_next/static/chunks/41356_next_dist_compiled_react-dom_fff4b597._.js:10154:316)
    at processRootScheduleInMicrotask (http://localhost:4455/_next/static/chunks/41356_next_dist_compiled_react-dom_fff4b597._.js:10175:106)
    at http://localhost:4455/_next/static/chunks/41356_next_dist_compiled_react-dom_fff4b597._.js:10249:158
[38469554ms] Error: `getTranslations` is not supported in Client Components.
    at eval (http://localhost:4455/_next/static/chunks/41356_db1ab835._.js?id=%255Bproject%255D%252FDocuments%252FTest%252FAI%252FAI-Resume-Builder%252Ffrontend%252Fnode_modules%252Fnext-intl%252Fdist%252Fesm%252Fdevelopment%252Fserver%252Freact-client%252Findex.js+%255Bapp-client%255D+%2528ecmascript%2529:32:15)
    at Footer (http://localhost:4455/_next/static/chunks/Documents_Test_AI_AI-Resume-Builder_frontend_a56fb98e._.js?id=%255Bproject%255D%252FDocuments%252FTest%252FAI%252FAI-Resume-Builder%252Ffrontend%252Fcomponents%252FFooter.tsx+%255Bapp-client%255D+%2528ecmascript%2529:17:306)
    at Object.react_stack_bottom_frame (http://localhost:4455/_next/static/chunks/41356_next_dist_compiled_react-dom_fff4b597._.js:14826:24)
    at renderWithHooks (http://localhost:4455/_next/static/chunks/41356_next_dist_compiled_react-dom_fff4b597._.js:4651:24)
    at updateFunctionComponent (http://localhost:4455/_next/static/chunks/41356_next_dist_compiled_react-dom_fff4b597._.js:6112:21)
    at beginWork (http://localhost:4455/_next/static/chunks/41356_next_dist_compiled_react-dom_fff4b597._.js:6708:24)
    at runWithFiberInDEV (http://localhost:4455/_next/static/chunks/41356_next_dist_compiled_react-dom_fff4b597._.js:965:74)
    at performUnitOfWork (http://localhost:4455/_next/static/chunks/41356_next_dist_compiled_react-dom_fff4b597._.js:9562:97)
    at workLoopSync (http://localhost:4455/_next/static/chunks/41356_next_dist_compiled_react-dom_fff4b597._.js:9456:40)
    at renderRootSync (http://localhost:4455/_next/static/chunks/41356_next_dist_compiled_react-dom_fff4b597._.js:9440:13)
    at performWorkOnRoot (http://localhost:4455/_next/static/chunks/41356_next_dist_compiled_react-dom_fff4b597._.js:9068:186)
    at performSyncWorkOnRoot (http://localhost:4455/_next/static/chunks/41356_next_dist_compiled_react-dom_fff4b597._.js:10238:9)
    at flushSyncWorkAcrossRoots_impl (http://localhost:4455/_next/static/chunks/41356_next_dist_compiled_react-dom_fff4b597._.js:10154:316)
    at processRootScheduleInMicrotask (http://localhost:4455/_next/static/chunks/41356_next_dist_compiled_react-dom_fff4b597._.js:10175:106)
    at http://localhost:4455/_next/static/chunks/41356_next_dist_compiled_react-dom_fff4b597._.js:10249:158
[38469557ms] Error: `getTranslations` is not supported in Client Components.
    at eval (http://localhost:4455/_next/static/chunks/41356_db1ab835._.js?id=%255Bproject%255D%252FDocuments%252FTest%252FAI%252FAI-Resume-Builder%252Ffrontend%252Fnode_modules%252Fnext-intl%252Fdist%252Fesm%252Fdevelopment%252Fserver%252Freact-client%252Findex.js+%255Bapp-client%255D+%2528ecmascript%2529:32:15)
    at Footer (http://localhost:4455/_next/static/chunks/Documents_Test_AI_AI-Resume-Builder_frontend_a56fb98e._.js?id=%255Bproject%255D%252FDocuments%252FTest%252FAI%252FAI-Resume-Builder%252Ffrontend%252Fcomponents%252FFooter.tsx+%255Bapp-client%255D+%2528ecmascript%2529:17:306)
    at Object.react_stack_bottom_frame (http://localhost:4455/_next/static/chunks/41356_next_dist_compiled_react-dom_fff4b597._.js:14826:24)
    at renderWithHooks (http://localhost:4455/_next/static/chunks/41356_next_dist_compiled_react-dom_fff4b597._.js:4651:24)
    at updateFunctionComponent (http://localhost:4455/_next/static/chunks/41356_next_dist_compiled_react-dom_fff4b597._.js:6112:21)
    at beginWork (http://localhost:4455/_next/static/chunks/41356_next_dist_compiled_react-dom_fff4b597._.js:6708:24)
    at runWithFiberInDEV (http://localhost:4455/_next/static/chunks/41356_next_dist_compiled_react-dom_fff4b597._.js:965:74)
    at performUnitOfWork (http://localhost:4455/_next/static/chunks/41356_next_dist_compiled_react-dom_fff4b597._.js:9562:97)
    at workLoopSync (http://localhost:4455/_next/static/chunks/41356_next_dist_compiled_react-dom_fff4b597._.js:9456:40)
    at renderRootSync (http://localhost:4455/_next/static/chunks/41356_next_dist_compiled_react-dom_fff4b597._.js:9440:13)
    at performWorkOnRoot (http://localhost:4455/_next/static/chunks/41356_next_dist_compiled_react-dom_fff4b597._.js:9068:186)
    at performSyncWorkOnRoot (http://localhost:4455/_next/static/chunks/41356_next_dist_compiled_react-dom_fff4b597._.js:10238:9)
    at flushSyncWorkAcrossRoots_impl (http://localhost:4455/_next/static/chunks/41356_next_dist_compiled_react-dom_fff4b597._.js:10154:316)
    at processRootScheduleInMicrotask (http://localhost:4455/_next/static/chunks/41356_next_dist_compiled_react-dom_fff4b597._.js:10175:106)
    at http://localhost:4455/_next/static/chunks/41356_next_dist_compiled_react-dom_fff4b597._.js:10249:158
[38469559ms] Error: `getTranslations` is not supported in Client Components.
    at eval (http://localhost:4455/_next/static/chunks/41356_db1ab835._.js?id=%255Bproject%255D%252FDocuments%252FTest%252FAI%252FAI-Resume-Builder%252Ffrontend%252Fnode_modules%252Fnext-intl%252Fdist%252Fesm%252Fdevelopment%252Fserver%252Freact-client%252Findex.js+%255Bapp-client%255D+%2528ecmascript%2529:32:15)
    at Footer (http://localhost:4455/_next/static/chunks/Documents_Test_AI_AI-Resume-Builder_frontend_a56fb98e._.js?id=%255Bproject%255D%252FDocuments%252FTest%252FAI%252FAI-Resume-Builder%252Ffrontend%252Fcomponents%252FFooter.tsx+%255Bapp-client%255D+%2528ecmascript%2529:17:306)
    at Object.react_stack_bottom_frame (http://localhost:4455/_next/static/chunks/41356_next_dist_compiled_react-dom_fff4b597._.js:14826:24)
    at renderWithHooks (http://localhost:4455/_next/static/chunks/41356_next_dist_compiled_react-dom_fff4b597._.js:4651:24)
    at updateFunctionComponent (http://localhost:4455/_next/static/chunks/41356_next_dist_compiled_react-dom_fff4b597._.js:6112:21)
    at beginWork (http://localhost:4455/_next/static/chunks/41356_next_dist_compiled_react-dom_fff4b597._.js:6708:24)
    at runWithFiberInDEV (http://localhost:4455/_next/static/chunks/41356_next_dist_compiled_react-dom_fff4b597._.js:965:74)
    at performUnitOfWork (http://localhost:4455/_next/static/chunks/41356_next_dist_compiled_react-dom_fff4b597._.js:9562:97)
    at workLoopSync (http://localhost:4455/_next/static/chunks/41356_next_dist_compiled_react-dom_fff4b597._.js:9456:40)
    at renderRootSync (http://localhost:4455/_next/static/chunks/41356_next_dist_compiled_react-dom_fff4b597._.js:9440:13)
    at performWorkOnRoot (http://localhost:4455/_next/static/chunks/41356_next_dist_compiled_react-dom_fff4b597._.js:9068:186)
    at performSyncWorkOnRoot (http://localhost:4455/_next/static/chunks/41356_next_dist_compiled_react-dom_fff4b597._.js:10238:9)
    at flushSyncWorkAcrossRoots_impl (http://localhost:4455/_next/static/chunks/41356_next_dist_compiled_react-dom_fff4b597._.js:10154:316)
    at processRootScheduleInMicrotask (http://localhost:4455/_next/static/chunks/41356_next_dist_compiled_react-dom_fff4b597._.js:10175:106)
    at http://localhost:4455/_next/static/chunks/41356_next_dist_compiled_react-dom_fff4b597._.js:10249:158
[38469560ms] Error: `getTranslations` is not supported in Client Components.
    at eval (http://localhost:4455/_next/static/chunks/41356_db1ab835._.js?id=%255Bproject%255D%252FDocuments%252FTest%252FAI%252FAI-Resume-Builder%252Ffrontend%252Fnode_modules%252Fnext-intl%252Fdist%252Fesm%252Fdevelopment%252Fserver%252Freact-client%252Findex.js+%255Bapp-client%255D+%2528ecmascript%2529:32:15)
    at Footer (http://localhost:4455/_next/static/chunks/Documents_Test_AI_AI-Resume-Builder_frontend_a56fb98e._.js?id=%255Bproject%255D%252FDocuments%252FTest%252FAI%252FAI-Resume-Builder%252Ffrontend%252Fcomponents%252FFooter.tsx+%255Bapp-client%255D+%2528ecmascript%2529:17:306)
    at Object.react_stack_bottom_frame (http://localhost:4455/_next/static/chunks/41356_next_dist_compiled_react-dom_fff4b597._.js:14826:24)
    at renderWithHooks (http://localhost:4455/_next/static/chunks/41356_next_dist_compiled_react-dom_fff4b597._.js:4651:24)
    at updateFunctionComponent (http://localhost:4455/_next/static/chunks/41356_next_dist_compiled_react-dom_fff4b597._.js:6112:21)
    at beginWork (http://localhost:4455/_next/static/chunks/41356_next_dist_compiled_react-dom_fff4b597._.js:6708:24)
    at runWithFiberInDEV (http://localhost:4455/_next/static/chunks/41356_next_dist_compiled_react-dom_fff4b597._.js:965:74)
    at performUnitOfWork (http://localhost:4455/_next/static/chunks/41356_next_dist_compiled_react-dom_fff4b597._.js:9562:97)
    at workLoopSync (http://localhost:4455/_next/static/chunks/41356_next_dist_compiled_react-dom_fff4b597._.js:9456:40)
    at renderRootSync (http://localhost:4455/_next/static/chunks/41356_next_dist_compiled_react-dom_fff4b597._.js:9440:13)
    at performWorkOnRoot (http://localhost:4455/_next/static/chunks/41356_next_dist_compiled_react-dom_fff4b597._.js:9068:186)
    at performSyncWorkOnRoot (http://localhost:4455/_next/static/chunks/41356_next_dist_compiled_react-dom_fff4b597._.js:10238:9)
    at flushSyncWorkAcrossRoots_impl (http://localhost:4455/_next/static/chunks/41356_next_dist_compiled_react-dom_fff4b597._.js:10154:316)
    at processRootScheduleInMicrotask (http://localhost:4455/_next/static/chunks/41356_next_dist_compiled_react-dom_fff4b597._.js:10175:106)
    at http://localhost:4455/_next/static/chunks/41356_next_dist_compiled_react-dom_fff4b597._.js:10249:158
[38469561ms] Error: `getTranslations` is not supported in Client Components.
    at eval (http://localhost:4455/_next/static/chunks/41356_db1ab835._.js?id=%255Bproject%255D%252FDocuments%252FTest%252FAI%252FAI-Resume-Builder%252Ffrontend%252Fnode_modules%252Fnext-intl%252Fdist%252Fesm%252Fdevelopment%252Fserver%252Freact-client%252Findex.js+%255Bapp-client%255D+%2528ecmascript%2529:32:15)
    at Footer (http://localhost:4455/_next/static/chunks/Documents_Test_AI_AI-Resume-Builder_frontend_a56fb98e._.js?id=%255Bproject%255D%252FDocuments%252FTest%252FAI%252FAI-Resume-Builder%252Ffrontend%252Fcomponents%252FFooter.tsx+%255Bapp-client%255D+%2528ecmascript%2529:17:306)
    at Object.react_stack_bottom_frame (http://localhost:4455/_next/static/chunks/41356_next_dist_compiled_react-dom_fff4b597._.js:14826:24)
    at renderWithHooks (http://localhost:4455/_next/static/chunks/41356_next_dist_compiled_react-dom_fff4b597._.js:4651:24)
    at updateFunctionComponent (http://localhost:4455/_next/static/chunks/41356_next_dist_compiled_react-dom_fff4b597._.js:6112:21)
    at beginWork (http://localhost:4455/_next/static/chunks/41356_next_dist_compiled_react-dom_fff4b597._.js:6708:24)
    at runWithFiberInDEV (http://localhost:4455/_next/static/chunks/41356_next_dist_compiled_react-dom_fff4b597._.js:965:74)
    at performUnitOfWork (http://localhost:4455/_next/static/chunks/41356_next_dist_compiled_react-dom_fff4b597._.js:9562:97)
    at workLoopSync (http://localhost:4455/_next/static/chunks/41356_next_dist_compiled_react-dom_fff4b597._.js:9456:40)
    at renderRootSync (http://localhost:4455/_next/static/chunks/41356_next_dist_compiled_react-dom_fff4b597._.js:9440:13)
    at performWorkOnRoot (http://localhost:4455/_next/static/chunks/41356_next_dist_compiled_react-dom_fff4b597._.js:9068:186)
    at performSyncWorkOnRoot (http://localhost:4455/_next/static/chunks/41356_next_dist_compiled_react-dom_fff4b597._.js:10238:9)
    at flushSyncWorkAcrossRoots_impl (http://localhost:4455/_next/static/chunks/41356_next_dist_compiled_react-dom_fff4b597._.js:10154:316)
    at processRootScheduleInMicrotask (http://localhost:4455/_next/static/chunks/41356_next_dist_compiled_react-dom_fff4b597._.js:10175:106)
    at http://localhost:4455/_next/static/chunks/41356_next_dist_compiled_react-dom_fff4b597._.js:10249:158
[38469562ms] Error: `getTranslations` is not supported in Client Components.
    at eval (http://localhost:4455/_next/static/chunks/41356_db1ab835._.js?id=%255Bproject%255D%252FDocuments%252FTest%252FAI%252FAI-Resume-Builder%252Ffrontend%252Fnode_modules%252Fnext-intl%252Fdist%252Fesm%252Fdevelopment%252Fserver%252Freact-client%252Findex.js+%255Bapp-client%255D+%2528ecmascript%2529:32:15)
    at Footer (http://localhost:4455/_next/static/chunks/Documents_Test_AI_AI-Resume-Builder_frontend_a56fb98e._.js?id=%255Bproject%255D%252FDocuments%252FTest%252FAI%252FAI-Resume-Builder%252Ffrontend%252Fcomponents%252FFooter.tsx+%255Bapp-client%255D+%2528ecmascript%2529:17:306)
    at Object.react_stack_bottom_frame (http://localhost:4455/_next/static/chunks/41356_next_dist_compiled_react-dom_fff4b597._.js:14826:24)
    at renderWithHooks (http://localhost:4455/_next/static/chunks/41356_next_dist_compiled_react-dom_fff4b597._.js:4651:24)
    at updateFunctionComponent (http://localhost:4455/_next/static/chunks/41356_next_dist_compiled_react-dom_fff4b597._.js:6112:21)
    at beginWork (http://localhost:4455/_next/static/chunks/41356_next_dist_compiled_react-dom_fff4b597._.js:6708:24)
    at runWithFiberInDEV (http://localhost:4455/_next/static/chunks/41356_next_dist_compiled_react-dom_fff4b597._.js:965:74)
    at performUnitOfWork (http://localhost:4455/_next/static/chunks/41356_next_dist_compiled_react-dom_fff4b597._.js:9562:97)
    at workLoopSync (http://localhost:4455/_next/static/chunks/41356_next_dist_compiled_react-dom_fff4b597._.js:9456:40)
    at renderRootSync (http://localhost:4455/_next/static/chunks/41356_next_dist_compiled_react-dom_fff4b597._.js:9440:13)
    at performWorkOnRoot (http://localhost:4455/_next/static/chunks/41356_next_dist_compiled_react-dom_fff4b597._.js:9068:186)
    at performSyncWorkOnRoot (http://localhost:4455/_next/static/chunks/41356_next_dist_compiled_react-dom_fff4b597._.js:10238:9)
    at flushSyncWorkAcrossRoots_impl (http://localhost:4455/_next/static/chunks/41356_next_dist_compiled_react-dom_fff4b597._.js:10154:316)
    at processRootScheduleInMicrotask (http://localhost:4455/_next/static/chunks/41356_next_dist_compiled_react-dom_fff4b597._.js:10175:106)
    at http://localhost:4455/_next/static/chunks/41356_next_dist_compiled_react-dom_fff4b597._.js:10249:158
[38469563ms] Error: `getTranslations` is not supported in Client Components.
    at eval (http://localhost:4455/_next/static/chunks/41356_db1ab835._.js?id=%255Bproject%255D%252FDocuments%252FTest%252FAI%252FAI-Resume-Builder%252Ffrontend%252Fnode_modules%252Fnext-intl%252Fdist%252Fesm%252Fdevelopment%252Fserver%252Freact-client%252Findex.js+%255Bapp-client%255D+%2528ecmascript%2529:32:15)
    at Footer (http://localhost:4455/_next/static/chunks/Documents_Test_AI_AI-Resume-Builder_frontend_a56fb98e._.js?id=%255Bproject%255D%252FDocuments%252FTest%252FAI%252FAI-Resume-Builder%252Ffrontend%252Fcomponents%252FFooter.tsx+%255Bapp-client%255D+%2528ecmascript%2529:17:306)
    at Object.react_stack_bottom_frame (http://localhost:4455/_next/static/chunks/41356_next_dist_compiled_react-dom_fff4b597._.js:14826:24)
    at renderWithHooks (http://localhost:4455/_next/static/chunks/41356_next_dist_compiled_react-dom_fff4b597._.js:4651:24)
    at updateFunctionComponent (http://localhost:4455/_next/static/chunks/41356_next_dist_compiled_react-dom_fff4b597._.js:6112:21)
    at beginWork (http://localhost:4455/_next/static/chunks/41356_next_dist_compiled_react-dom_fff4b597._.js:6708:24)
    at runWithFiberInDEV (http://localhost:4455/_next/static/chunks/41356_next_dist_compiled_react-dom_fff4b597._.js:965:74)
    at performUnitOfWork (http://localhost:4455/_next/static/chunks/41356_next_dist_compiled_react-dom_fff4b597._.js:9562:97)
    at workLoopSync (http://localhost:4455/_next/static/chunks/41356_next_dist_compiled_react-dom_fff4b597._.js:9456:40)
    at renderRootSync (http://localhost:4455/_next/static/chunks/41356_next_dist_compiled_react-dom_fff4b597._.js:9440:13)
    at performWorkOnRoot (http://localhost:4455/_next/static/chunks/41356_next_dist_compiled_react-dom_fff4b597._.js:9068:186)
    at performSyncWorkOnRoot (http://localhost:4455/_next/static/chunks/41356_next_dist_compiled_react-dom_fff4b597._.js:10238:9)
    at flushSyncWorkAcrossRoots_impl (http://localhost:4455/_next/static/chunks/41356_next_dist_compiled_react-dom_fff4b597._.js:10154:316)
    at processRootScheduleInMicrotask (http://localhost:4455/_next/static/chunks/41356_next_dist_compiled_react-dom_fff4b597._.js:10175:106)
    at http://localhost:4455/_next/static/chunks/41356_next_dist_compiled_react-dom_fff4b597._.js:10249:158
[38469564ms] Error: `getTranslations` is not supported in Client Components.
    at eval (http://localhost:4455/_next/static/chunks/41356_db1ab835._.js?id=%255Bproject%255D%252FDocuments%252FTest%252FAI%252FAI-Resume-Builder%252Ffrontend%252Fnode_modules%252Fnext-intl%252Fdist%252Fesm%252Fdevelopment%252Fserver%252Freact-client%252Findex.js+%255Bapp-client%255D+%2528ecmascript%2529:32:15)
    at Footer (http://localhost:4455/_next/static/chunks/Documents_Test_AI_AI-Resume-Builder_frontend_a56fb98e._.js?id=%255Bproject%255D%252FDocuments%252FTest%252FAI%252FAI-Resume-Builder%252Ffrontend%252Fcomponents%252FFooter.tsx+%255Bapp-client%255D+%2528ecmascript%2529:17:306)
    at Object.react_stack_bottom_frame (http://localhost:4455/_next/static/chunks/41356_next_dist_compiled_react-dom_fff4b597._.js:14826:24)
    at renderWithHooks (http://localhost:4455/_next/static/chunks/41356_next_dist_compiled_react-dom_fff4b597._.js:4651:24)
    at updateFunctionComponent (http://localhost:4455/_next/static/chunks/41356_next_dist_compiled_react-dom_fff4b597._.js:6112:21)
    at beginWork (http://localhost:4455/_next/static/chunks/41356_next_dist_compiled_react-dom_fff4b597._.js:6708:24)
    at runWithFiberInDEV (http://localhost:4455/_next/static/chunks/41356_next_dist_compiled_react-dom_fff4b597._.js:965:74)
    at performUnitOfWork (http://localhost:4455/_next/static/chunks/41356_next_dist_compiled_react-dom_fff4b597._.js:9562:97)
    at workLoopSync (http://localhost:4455/_next/static/chunks/41356_next_dist_compiled_react-dom_fff4b597._.js:9456:40)
    at renderRootSync (http://localhost:4455/_next/static/chunks/41356_next_dist_compiled_react-dom_fff4b597._.js:9440:13)
    at performWorkOnRoot (http://localhost:4455/_next/static/chunks/41356_next_dist_compiled_react-dom_fff4b597._.js:9068:186)
    at performSyncWorkOnRoot (http://localhost:4455/_next/static/chunks/41356_next_dist_compiled_react-dom_fff4b597._.js:10238:9)
    at flushSyncWorkAcrossRoots_impl (http://localhost:4455/_next/static/chunks/41356_next_dist_compiled_react-dom_fff4b597._.js:10154:316)
    at processRootScheduleInMicrotask (http://localhost:4455/_next/static/chunks/41356_next_dist_compiled_react-dom_fff4b597._.js:10175:106)
    at http://localhost:4455/_next/static/chunks/41356_next_dist_compiled_react-dom_fff4b597._.js:10249:158
[38469564ms] Error: `getTranslations` is not supported in Client Components.
    at eval (http://localhost:4455/_next/static/chunks/41356_db1ab835._.js?id=%255Bproject%255D%252FDocuments%252FTest%252FAI%252FAI-Resume-Builder%252Ffrontend%252Fnode_modules%252Fnext-intl%252Fdist%252Fesm%252Fdevelopment%252Fserver%252Freact-client%252Findex.js+%255Bapp-client%255D+%2528ecmascript%2529:32:15)
    at Footer (http://localhost:4455/_next/static/chunks/Documents_Test_AI_AI-Resume-Builder_frontend_a56fb98e._.js?id=%255Bproject%255D%252FDocuments%252FTest%252FAI%252FAI-Resume-Builder%252Ffrontend%252Fcomponents%252FFooter.tsx+%255Bapp-client%255D+%2528ecmascript%2529:17:306)
    at Object.react_stack_bottom_frame (http://localhost:4455/_next/static/chunks/41356_next_dist_compiled_react-dom_fff4b597._.js:14826:24)
    at renderWithHooks (http://localhost:4455/_next/static/chunks/41356_next_dist_compiled_react-dom_fff4b597._.js:4651:24)
    at updateFunctionComponent (http://localhost:4455/_next/static/chunks/41356_next_dist_compiled_react-dom_fff4b597._.js:6112:21)
    at beginWork (http://localhost:4455/_next/static/chunks/41356_next_dist_compiled_react-dom_fff4b597._.js:6708:24)
    at runWithFiberInDEV (http://localhost:4455/_next/static/chunks/41356_next_dist_compiled_react-dom_fff4b597._.js:965:74)
    at performUnitOfWork (http://localhost:4455/_next/static/chunks/41356_next_dist_compiled_react-dom_fff4b597._.js:9562:97)
    at workLoopSync (http://localhost:4455/_next/static/chunks/41356_next_dist_compiled_react-dom_fff4b597._.js:9456:40)
    at renderRootSync (http://localhost:4455/_next/static/chunks/41356_next_dist_compiled_react-dom_fff4b597._.js:9440:13)
    at performWorkOnRoot (http://localhost:4455/_next/static/chunks/41356_next_dist_compiled_react-dom_fff4b597._.js:9068:186)
    at performSyncWorkOnRoot (http://localhost:4455/_next/static/chunks/41356_next_dist_compiled_react-dom_fff4b597._.js:10238:9)
    at flushSyncWorkAcrossRoots_impl (http://localhost:4455/_next/static/chunks/41356_next_dist_compiled_react-dom_fff4b597._.js:10154:316)
    at processRootScheduleInMicrotask (http://localhost:4455/_next/static/chunks/41356_next_dist_compiled_react-dom_fff4b597._.js:10175:106)
    at http://localhost:4455/_next/static/chunks/41356_next_dist_compiled_react-dom_fff4b597._.js:10249:158
[38469567ms] Error: `getTranslations` is not supported in Client Components.
    at eval (http://localhost:4455/_next/static/chunks/41356_db1ab835._.js?id=%255Bproject%255D%252FDocuments%252FTest%252FAI%252FAI-Resume-Builder%252Ffrontend%252Fnode_modules%252Fnext-intl%252Fdist%252Fesm%252Fdevelopment%252Fserver%252Freact-client%252Findex.js+%255Bapp-client%255D+%2528ecmascript%2529:32:15)
    at Footer (http://localhost:4455/_next/static/chunks/Documents_Test_AI_AI-Resume-Builder_frontend_a56fb98e._.js?id=%255Bproject%255D%252FDocuments%252FTest%252FAI%252FAI-Resume-Builder%252Ffrontend%252Fcomponents%252FFooter.tsx+%255Bapp-client%255D+%2528ecmascript%2529:17:306)
    at Object.react_stack_bottom_frame (http://localhost:4455/_next/static/chunks/41356_next_dist_compiled_react-dom_fff4b597._.js:14826:24)
    at renderWithHooks (http://localhost:4455/_next/static/chunks/41356_next_dist_compiled_react-dom_fff4b597._.js:4651:24)
    at updateFunctionComponent (http://localhost:4455/_next/static/chunks/41356_next_dist_compiled_react-dom_fff4b597._.js:6112:21)
    at beginWork (http://localhost:4455/_next/static/chunks/41356_next_dist_compiled_react-dom_fff4b597._.js:6708:24)
    at runWithFiberInDEV (http://localhost:4455/_next/static/chunks/41356_next_dist_compiled_react-dom_fff4b597._.js:965:74)
    at performUnitOfWork (http://localhost:4455/_next/static/chunks/41356_next_dist_compiled_react-dom_fff4b597._.js:9562:97)
    at workLoopSync (http://localhost:4455/_next/static/chunks/41356_next_dist_compiled_react-dom_fff4b597._.js:9456:40)
    at renderRootSync (http://localhost:4455/_next/static/chunks/41356_next_dist_compiled_react-dom_fff4b597._.js:9440:13)
    at performWorkOnRoot (http://localhost:4455/_next/static/chunks/41356_next_dist_compiled_react-dom_fff4b597._.js:9068:186)
    at performSyncWorkOnRoot (http://localhost:4455/_next/static/chunks/41356_next_dist_compiled_react-dom_fff4b597._.js:10238:9)
    at flushSyncWorkAcrossRoots_impl (http://localhost:4455/_next/static/chunks/41356_next_dist_compiled_react-dom_fff4b597._.js:10154:316)
    at processRootScheduleInMicrotask (http://localhost:4455/_next/static/chunks/41356_next_dist_compiled_react-dom_fff4b597._.js:10175:106)
    at http://localhost:4455/_next/static/chunks/41356_next_dist_compiled_react-dom_fff4b597._.js:10249:158
[38469571ms] Error: `getTranslations` is not supported in Client Components.
    at eval (http://localhost:4455/_next/static/chunks/41356_db1ab835._.js?id=%255Bproject%255D%252FDocuments%252FTest%252FAI%252FAI-Resume-Builder%252Ffrontend%252Fnode_modules%252Fnext-intl%252Fdist%252Fesm%252Fdevelopment%252Fserver%252Freact-client%252Findex.js+%255Bapp-client%255D+%2528ecmascript%2529:32:15)
    at Footer (http://localhost:4455/_next/static/chunks/Documents_Test_AI_AI-Resume-Builder_frontend_a56fb98e._.js?id=%255Bproject%255D%252FDocuments%252FTest%252FAI%252FAI-Resume-Builder%252Ffrontend%252Fcomponents%252FFooter.tsx+%255Bapp-client%255D+%2528ecmascript%2529:17:306)
    at Object.react_stack_bottom_frame (http://localhost:4455/_next/static/chunks/41356_next_dist_compiled_react-dom_fff4b597._.js:14826:24)
    at renderWithHooks (http://localhost:4455/_next/static/chunks/41356_next_dist_compiled_react-dom_fff4b597._.js:4651:24)
    at updateFunctionComponent (http://localhost:4455/_next/static/chunks/41356_next_dist_compiled_react-dom_fff4b597._.js:6112:21)
    at beginWork (http://localhost:4455/_next/static/chunks/41356_next_dist_compiled_react-dom_fff4b597._.js:6708:24)
    at runWithFiberInDEV (http://localhost:4455/_next/static/chunks/41356_next_dist_compiled_react-dom_fff4b597._.js:965:74)
    at performUnitOfWork (http://localhost:4455/_next/static/chunks/41356_next_dist_compiled_react-dom_fff4b597._.js:9562:97)
    at workLoopSync (http://localhost:4455/_next/static/chunks/41356_next_dist_compiled_react-dom_fff4b597._.js:9456:40)
    at renderRootSync (http://localhost:4455/_next/static/chunks/41356_next_dist_compiled_react-dom_fff4b597._.js:9440:13)
    at performWorkOnRoot (http://localhost:4455/_next/static/chunks/41356_next_dist_compiled_react-dom_fff4b597._.js:9068:186)
    at performSyncWorkOnRoot (http://localhost:4455/_next/static/chunks/41356_next_dist_compiled_react-dom_fff4b597._.js:10238:9)
    at flushSyncWorkAcrossRoots_impl (http://localhost:4455/_next/static/chunks/41356_next_dist_compiled_react-dom_fff4b597._.js:10154:316)
    at processRootScheduleInMicrotask (http://localhost:4455/_next/static/chunks/41356_next_dist_compiled_react-dom_fff4b597._.js:10175:106)
    at http://localhost:4455/_next/static/chunks/41356_next_dist_compiled_react-dom_fff4b597._.js:10249:158
[38469573ms] Error: `getTranslations` is not supported in Client Components.
    at eval (http://localhost:4455/_next/static/chunks/41356_db1ab835._.js?id=%255Bproject%255D%252FDocuments%252FTest%252FAI%252FAI-Resume-Builder%252Ffrontend%252Fnode_modules%252Fnext-intl%252Fdist%252Fesm%252Fdevelopment%252Fserver%252Freact-client%252Findex.js+%255Bapp-client%255D+%2528ecmascript%2529:32:15)
    at Footer (http://localhost:4455/_next/static/chunks/Documents_Test_AI_AI-Resume-Builder_frontend_a56fb98e._.js?id=%255Bproject%255D%252FDocuments%252FTest%252FAI%252FAI-Resume-Builder%252Ffrontend%252Fcomponents%252FFooter.tsx+%255Bapp-client%255D+%2528ecmascript%2529:17:306)
    at Object.react_stack_bottom_frame (http://localhost:4455/_next/static/chunks/41356_next_dist_compiled_react-dom_fff4b597._.js:14826:24)
    at renderWithHooks (http://localhost:4455/_next/static/chunks/41356_next_dist_compiled_react-dom_fff4b597._.js:4651:24)
    at updateFunctionComponent (http://localhost:4455/_next/static/chunks/41356_next_dist_compiled_react-dom_fff4b597._.js:6112:21)
    at beginWork (http://localhost:4455/_next/static/chunks/41356_next_dist_compiled_react-dom_fff4b597._.js:6708:24)
    at runWithFiberInDEV (http://localhost:4455/_next/static/chunks/41356_next_dist_compiled_react-dom_fff4b597._.js:965:74)
    at performUnitOfWork (http://localhost:4455/_next/static/chunks/41356_next_dist_compiled_react-dom_fff4b597._.js:9562:97)
    at workLoopSync (http://localhost:4455/_next/static/chunks/41356_next_dist_compiled_react-dom_fff4b597._.js:9456:40)
    at renderRootSync (http://localhost:4455/_next/static/chunks/41356_next_dist_compiled_react-dom_fff4b597._.js:9440:13)
    at performWorkOnRoot (http://localhost:4455/_next/static/chunks/41356_next_dist_compiled_react-dom_fff4b597._.js:9068:186)
    at performSyncWorkOnRoot (http://localhost:4455/_next/static/chunks/41356_next_dist_compiled_react-dom_fff4b597._.js:10238:9)
    at flushSyncWorkAcrossRoots_impl (http://localhost:4455/_next/static/chunks/41356_next_dist_compiled_react-dom_fff4b597._.js:10154:316)
    at processRootScheduleInMicrotask (http://localhost:4455/_next/static/chunks/41356_next_dist_compiled_react-dom_fff4b597._.js:10175:106)
    at http://localhost:4455/_next/static/chunks/41356_next_dist_compiled_react-dom_fff4b597._.js:10249:158
[38469573ms] Error: `getTranslations` is not supported in Client Components.
    at eval (http://localhost:4455/_next/static/chunks/41356_db1ab835._.js?id=%255Bproject%255D%252FDocuments%252FTest%252FAI%252FAI-Resume-Builder%252Ffrontend%252Fnode_modules%252Fnext-intl%252Fdist%252Fesm%252Fdevelopment%252Fserver%252Freact-client%252Findex.js+%255Bapp-client%255D+%2528ecmascript%2529:32:15)
    at Footer (http://localhost:4455/_next/static/chunks/Documents_Test_AI_AI-Resume-Builder_frontend_a56fb98e._.js?id=%255Bproject%255D%252FDocuments%252FTest%252FAI%252FAI-Resume-Builder%252Ffrontend%252Fcomponents%252FFooter.tsx+%255Bapp-client%255D+%2528ecmascript%2529:17:306)
    at Object.react_stack_bottom_frame (http://localhost:4455/_next/static/chunks/41356_next_dist_compiled_react-dom_fff4b597._.js:14826:24)
    at renderWithHooks (http://localhost:4455/_next/static/chunks/41356_next_dist_compiled_react-dom_fff4b597._.js:4651:24)
    at updateFunctionComponent (http://localhost:4455/_next/static/chunks/41356_next_dist_compiled_react-dom_fff4b597._.js:6112:21)
    at beginWork (http://localhost:4455/_next/static/chunks/41356_next_dist_compiled_react-dom_fff4b597._.js:6708:24)
    at runWithFiberInDEV (http://localhost:4455/_next/static/chunks/41356_next_dist_compiled_react-dom_fff4b597._.js:965:74)
    at performUnitOfWork (http://localhost:4455/_next/static/chunks/41356_next_dist_compiled_react-dom_fff4b597._.js:9562:97)
    at workLoopSync (http://localhost:4455/_next/static/chunks/41356_next_dist_compiled_react-dom_fff4b597._.js:9456:40)
    at renderRootSync (http://localhost:4455/_next/static/chunks/41356_next_dist_compiled_react-dom_fff4b597._.js:9440:13)
    at performWorkOnRoot (http://localhost:4455/_next/static/chunks/41356_next_dist_compiled_react-dom_fff4b597._.js:9068:186)
    at performSyncWorkOnRoot (http://localhost:4455/_next/static/chunks/41356_next_dist_compiled_react-dom_fff4b597._.js:10238:9)
    at flushSyncWorkAcrossRoots_impl (http://localhost:4455/_next/static/chunks/41356_next_dist_compiled_react-dom_fff4b597._.js:10154:316)
    at processRootScheduleInMicrotask (http://localhost:4455/_next/static/chunks/41356_next_dist_compiled_react-dom_fff4b597._.js:10175:106)
    at http://localhost:4455/_next/static/chunks/41356_next_dist_compiled_react-dom_fff4b597._.js:10249:158
[38469574ms] Error: `getTranslations` is not supported in Client Components.
    at eval (http://localhost:4455/_next/static/chunks/41356_db1ab835._.js?id=%255Bproject%255D%252FDocuments%252FTest%252FAI%252FAI-Resume-Builder%252Ffrontend%252Fnode_modules%252Fnext-intl%252Fdist%252Fesm%252Fdevelopment%252Fserver%252Freact-client%252Findex.js+%255Bapp-client%255D+%2528ecmascript%2529:32:15)
    at Footer (http://localhost:4455/_next/static/chunks/Documents_Test_AI_AI-Resume-Builder_frontend_a56fb98e._.js?id=%255Bproject%255D%252FDocuments%252FTest%252FAI%252FAI-Resume-Builder%252Ffrontend%252Fcomponents%252FFooter.tsx+%255Bapp-client%255D+%2528ecmascript%2529:17:306)
    at Object.react_stack_bottom_frame (http://localhost:4455/_next/static/chunks/41356_next_dist_compiled_react-dom_fff4b597._.js:14826:24)
    at renderWithHooks (http://localhost:4455/_next/static/chunks/41356_next_dist_compiled_react-dom_fff4b597._.js:4651:24)
    at updateFunctionComponent (http://localhost:4455/_next/static/chunks/41356_next_dist_compiled_react-dom_fff4b597._.js:6112:21)
    at beginWork (http://localhost:4455/_next/static/chunks/41356_next_dist_compiled_react-dom_fff4b597._.js:6708:24)
    at runWithFiberInDEV (http://localhost:4455/_next/static/chunks/41356_next_dist_compiled_react-dom_fff4b597._.js:965:74)
    at performUnitOfWork (http://localhost:4455/_next/static/chunks/41356_next_dist_compiled_react-dom_fff4b597._.js:9562:97)
    at workLoopSync (http://localhost:4455/_next/static/chunks/41356_next_dist_compiled_react-dom_fff4b597._.js:9456:40)
    at renderRootSync (http://localhost:4455/_next/static/chunks/41356_next_dist_compiled_react-dom_fff4b597._.js:9440:13)
    at performWorkOnRoot (http://localhost:4455/_next/static/chunks/41356_next_dist_compiled_react-dom_fff4b597._.js:9068:186)
    at performSyncWorkOnRoot (http://localhost:4455/_next/static/chunks/41356_next_dist_compiled_react-dom_fff4b597._.js:10238:9)
    at flushSyncWorkAcrossRoots_impl (http://localhost:4455/_next/static/chunks/41356_next_dist_compiled_react-dom_fff4b597._.js:10154:316)
    at processRootScheduleInMicrotask (http://localhost:4455/_next/static/chunks/41356_next_dist_compiled_react-dom_fff4b597._.js:10175:106)
    at http://localhost:4455/_next/static/chunks/41356_next_dist_compiled_react-dom_fff4b597._.js:10249:158
[38469574ms] Error: `getTranslations` is not supported in Client Components.
    at eval (http://localhost:4455/_next/static/chunks/41356_db1ab835._.js?id=%255Bproject%255D%252FDocuments%252FTest%252FAI%252FAI-Resume-Builder%252Ffrontend%252Fnode_modules%252Fnext-intl%252Fdist%252Fesm%252Fdevelopment%252Fserver%252Freact-client%252Findex.js+%255Bapp-client%255D+%2528ecmascript%2529:32:15)
    at Footer (http://localhost:4455/_next/static/chunks/Documents_Test_AI_AI-Resume-Builder_frontend_a56fb98e._.js?id=%255Bproject%255D%252FDocuments%252FTest%252FAI%252FAI-Resume-Builder%252Ffrontend%252Fcomponents%252FFooter.tsx+%255Bapp-client%255D+%2528ecmascript%2529:17:306)
    at Object.react_stack_bottom_frame (http://localhost:4455/_next/static/chunks/41356_next_dist_compiled_react-dom_fff4b597._.js:14826:24)
    at renderWithHooks (http://localhost:4455/_next/static/chunks/41356_next_dist_compiled_react-dom_fff4b597._.js:4651:24)
    at updateFunctionComponent (http://localhost:4455/_next/static/chunks/41356_next_dist_compiled_react-dom_fff4b597._.js:6112:21)
    at beginWork (http://localhost:4455/_next/static/chunks/41356_next_dist_compiled_react-dom_fff4b597._.js:6708:24)
    at runWithFiberInDEV (http://localhost:4455/_next/static/chunks/41356_next_dist_compiled_react-dom_fff4b597._.js:965:74)
    at performUnitOfWork (http://localhost:4455/_next/static/chunks/41356_next_dist_compiled_react-dom_fff4b597._.js:9562:97)
    at workLoopSync (http://localhost:4455/_next/static/chunks/41356_next_dist_compiled_react-dom_fff4b597._.js:9456:40)
    at renderRootSync (http://localhost:4455/_next/static/chunks/41356_next_dist_compiled_react-dom_fff4b597._.js:9440:13)
    at performWorkOnRoot (http://localhost:4455/_next/static/chunks/41356_next_dist_compiled_react-dom_fff4b597._.js:9068:186)
    at performSyncWorkOnRoot (http://localhost:4455/_next/static/chunks/41356_next_dist_compiled_react-dom_fff4b597._.js:10238:9)
    at flushSyncWorkAcrossRoots_impl (http://localhost:4455/_next/static/chunks/41356_next_dist_compiled_react-dom_fff4b597._.js:10154:316)
    at processRootScheduleInMicrotask (http://localhost:4455/_next/static/chunks/41356_next_dist_compiled_react-dom_fff4b597._.js:10175:106)
    at http://localhost:4455/_next/static/chunks/41356_next_dist_compiled_react-dom_fff4b597._.js:10249:158
[38469576ms] Error: `getTranslations` is not supported in Client Components.
    at eval (http://localhost:4455/_next/static/chunks/41356_db1ab835._.js?id=%255Bproject%255D%252FDocuments%252FTest%252FAI%252FAI-Resume-Builder%252Ffrontend%252Fnode_modules%252Fnext-intl%252Fdist%252Fesm%252Fdevelopment%252Fserver%252Freact-client%252Findex.js+%255Bapp-client%255D+%2528ecmascript%2529:32:15)
    at Footer (http://localhost:4455/_next/static/chunks/Documents_Test_AI_AI-Resume-Builder_frontend_a56fb98e._.js?id=%255Bproject%255D%252FDocuments%252FTest%252FAI%252FAI-Resume-Builder%252Ffrontend%252Fcomponents%252FFooter.tsx+%255Bapp-client%255D+%2528ecmascript%2529:17:306)
    at Object.react_stack_bottom_frame (http://localhost:4455/_next/static/chunks/41356_next_dist_compiled_react-dom_fff4b597._.js:14826:24)
    at renderWithHooks (http://localhost:4455/_next/static/chunks/41356_next_dist_compiled_react-dom_fff4b597._.js:4651:24)
    at updateFunctionComponent (http://localhost:4455/_next/static/chunks/41356_next_dist_compiled_react-dom_fff4b597._.js:6112:21)
    at beginWork (http://localhost:4455/_next/static/chunks/41356_next_dist_compiled_react-dom_fff4b597._.js:6708:24)
    at runWithFiberInDEV (http://localhost:4455/_next/static/chunks/41356_next_dist_compiled_react-dom_fff4b597._.js:965:74)
    at performUnitOfWork (http://localhost:4455/_next/static/chunks/41356_next_dist_compiled_react-dom_fff4b597._.js:9562:97)
    at workLoopSync (http://localhost:4455/_next/static/chunks/41356_next_dist_compiled_react-dom_fff4b597._.js:9456:40)
    at renderRootSync (http://localhost:4455/_next/static/chunks/41356_next_dist_compiled_react-dom_fff4b597._.js:9440:13)
    at performWorkOnRoot (http://localhost:4455/_next/static/chunks/41356_next_dist_compiled_react-dom_fff4b597._.js:9068:186)
    at performSyncWorkOnRoot (http://localhost:4455/_next/static/chunks/41356_next_dist_compiled_react-dom_fff4b597._.js:10238:9)
    at flushSyncWorkAcrossRoots_impl (http://localhost:4455/_next/static/chunks/41356_next_dist_compiled_react-dom_fff4b597._.js:10154:316)
    at processRootScheduleInMicrotask (http://localhost:4455/_next/static/chunks/41356_next_dist_compiled_react-dom_fff4b597._.js:10175:106)
    at http://localhost:4455/_next/static/chunks/41356_next_dist_compiled_react-dom_fff4b597._.js:10249:158
[38469578ms] Error: `getTranslations` is not supported in Client Components.
    at eval (http://localhost:4455/_next/static/chunks/41356_db1ab835._.js?id=%255Bproject%255D%252FDocuments%252FTest%252FAI%252FAI-Resume-Builder%252Ffrontend%252Fnode_modules%252Fnext-intl%252Fdist%252Fesm%252Fdevelopment%252Fserver%252Freact-client%252Findex.js+%255Bapp-client%255D+%2528ecmascript%2529:32:15)
    at Footer (http://localhost:4455/_next/static/chunks/Documents_Test_AI_AI-Resume-Builder_frontend_a56fb98e._.js?id=%255Bproject%255D%252FDocuments%252FTest%252FAI%252FAI-Resume-Builder%252Ffrontend%252Fcomponents%252FFooter.tsx+%255Bapp-client%255D+%2528ecmascript%2529:17:306)
    at Object.react_stack_bottom_frame (http://localhost:4455/_next/static/chunks/41356_next_dist_compiled_react-dom_fff4b597._.js:14826:24)
    at renderWithHooks (http://localhost:4455/_next/static/chunks/41356_next_dist_compiled_react-dom_fff4b597._.js:4651:24)
    at updateFunctionComponent (http://localhost:4455/_next/static/chunks/41356_next_dist_compiled_react-dom_fff4b597._.js:6112:21)
    at beginWork (http://localhost:4455/_next/static/chunks/41356_next_dist_compiled_react-dom_fff4b597._.js:6708:24)
    at runWithFiberInDEV (http://localhost:4455/_next/static/chunks/41356_next_dist_compiled_react-dom_fff4b597._.js:965:74)
    at performUnitOfWork (http://localhost:4455/_next/static/chunks/41356_next_dist_compiled_react-dom_fff4b597._.js:9562:97)
    at workLoopSync (http://localhost:4455/_next/static/chunks/41356_next_dist_compiled_react-dom_fff4b597._.js:9456:40)
    at renderRootSync (http://localhost:4455/_next/static/chunks/41356_next_dist_compiled_react-dom_fff4b597._.js:9440:13)
    at performWorkOnRoot (http://localhost:4455/_next/static/chunks/41356_next_dist_compiled_react-dom_fff4b597._.js:9068:186)
    at performSyncWorkOnRoot (http://localhost:4455/_next/static/chunks/41356_next_dist_compiled_react-dom_fff4b597._.js:10238:9)
    at flushSyncWorkAcrossRoots_impl (http://localhost:4455/_next/static/chunks/41356_next_dist_compiled_react-dom_fff4b597._.js:10154:316)
    at processRootScheduleInMicrotask (http://localhost:4455/_next/static/chunks/41356_next_dist_compiled_react-dom_fff4b597._.js:10175:106)
    at http://localhost:4455/_next/static/chunks/41356_next_dist_compiled_react-dom_fff4b597._.js:10249:158
[38469578ms] Error: `getTranslations` is not supported in Client Components.
    at eval (http://localhost:4455/_next/static/chunks/41356_db1ab835._.js?id=%255Bproject%255D%252FDocuments%252FTest%252FAI%252FAI-Resume-Builder%252Ffrontend%252Fnode_modules%252Fnext-intl%252Fdist%252Fesm%252Fdevelopment%252Fserver%252Freact-client%252Findex.js+%255Bapp-client%255D+%2528ecmascript%2529:32:15)
    at Footer (http://localhost:4455/_next/static/chunks/Documents_Test_AI_AI-Resume-Builder_frontend_a56fb98e._.js?id=%255Bproject%255D%252FDocuments%252FTest%252FAI%252FAI-Resume-Builder%252Ffrontend%252Fcomponents%252FFooter.tsx+%255Bapp-client%255D+%2528ecmascript%2529:17:306)
    at Object.react_stack_bottom_frame (http://localhost:4455/_next/static/chunks/41356_next_dist_compiled_react-dom_fff4b597._.js:14826:24)
    at renderWithHooks (http://localhost:4455/_next/static/chunks/41356_next_dist_compiled_react-dom_fff4b597._.js:4651:24)
    at updateFunctionComponent (http://localhost:4455/_next/static/chunks/41356_next_dist_compiled_react-dom_fff4b597._.js:6112:21)
    at beginWork (http://localhost:4455/_next/static/chunks/41356_next_dist_compiled_react-dom_fff4b597._.js:6708:24)
    at runWithFiberInDEV (http://localhost:4455/_next/static/chunks/41356_next_dist_compiled_react-dom_fff4b597._.js:965:74)
    at performUnitOfWork (http://localhost:4455/_next/static/chunks/41356_next_dist_compiled_react-dom_fff4b597._.js:9562:97)
    at workLoopSync (http://localhost:4455/_next/static/chunks/41356_next_dist_compiled_react-dom_fff4b597._.js:9456:40)
    at renderRootSync (http://localhost:4455/_next/static/chunks/41356_next_dist_compiled_react-dom_fff4b597._.js:9440:13)
    at performWorkOnRoot (http://localhost:4455/_next/static/chunks/41356_next_dist_compiled_react-dom_fff4b597._.js:9068:186)
    at performSyncWorkOnRoot (http://localhost:4455/_next/static/chunks/41356_next_dist_compiled_react-dom_fff4b597._.js:10238:9)
    at flushSyncWorkAcrossRoots_impl (http://localhost:4455/_next/static/chunks/41356_next_dist_compiled_react-dom_fff4b597._.js:10154:316)
    at processRootScheduleInMicrotask (http://localhost:4455/_next/static/chunks/41356_next_dist_compiled_react-dom_fff4b597._.js:10175:106)
    at http://localhost:4455/_next/static/chunks/41356_next_dist_compiled_react-dom_fff4b597._.js:10249:158
[38469579ms] Error: `getTranslations` is not supported in Client Components.
    at eval (http://localhost:4455/_next/static/chunks/41356_db1ab835._.js?id=%255Bproject%255D%252FDocuments%252FTest%252FAI%252FAI-Resume-Builder%252Ffrontend%252Fnode_modules%252Fnext-intl%252Fdist%252Fesm%252Fdevelopment%252Fserver%252Freact-client%252Findex.js+%255Bapp-client%255D+%2528ecmascript%2529:32:15)
    at Footer (http://localhost:4455/_next/static/chunks/Documents_Test_AI_AI-Resume-Builder_frontend_a56fb98e._.js?id=%255Bproject%255D%252FDocuments%252FTest%252FAI%252FAI-Resume-Builder%252Ffrontend%252Fcomponents%252FFooter.tsx+%255Bapp-client%255D+%2528ecmascript%2529:17:306)
    at Object.react_stack_bottom_frame (http://localhost:4455/_next/static/chunks/41356_next_dist_compiled_react-dom_fff4b597._.js:14826:24)
    at renderWithHooks (http://localhost:4455/_next/static/chunks/41356_next_dist_compiled_react-dom_fff4b597._.js:4651:24)
    at updateFunctionComponent (http://localhost:4455/_next/static/chunks/41356_next_dist_compiled_react-dom_fff4b597._.js:6112:21)
    at beginWork (http://localhost:4455/_next/static/chunks/41356_next_dist_compiled_react-dom_fff4b597._.js:6708:24)
    at runWithFiberInDEV (http://localhost:4455/_next/static/chunks/41356_next_dist_compiled_react-dom_fff4b597._.js:965:74)
    at performUnitOfWork (http://localhost:4455/_next/static/chunks/41356_next_dist_compiled_react-dom_fff4b597._.js:9562:97)
    at workLoopSync (http://localhost:4455/_next/static/chunks/41356_next_dist_compiled_react-dom_fff4b597._.js:9456:40)
    at renderRootSync (http://localhost:4455/_next/static/chunks/41356_next_dist_compiled_react-dom_fff4b597._.js:9440:13)
    at performWorkOnRoot (http://localhost:4455/_next/static/chunks/41356_next_dist_compiled_react-dom_fff4b597._.js:9068:186)
    at performSyncWorkOnRoot (http://localhost:4455/_next/static/chunks/41356_next_dist_compiled_react-dom_fff4b597._.js:10238:9)
    at flushSyncWorkAcrossRoots_impl (http://localhost:4455/_next/static/chunks/41356_next_dist_compiled_react-dom_fff4b597._.js:10154:316)
    at processRootScheduleInMicrotask (http://localhost:4455/_next/static/chunks/41356_next_dist_compiled_react-dom_fff4b597._.js:10175:106)
    at http://localhost:4455/_next/static/chunks/41356_next_dist_compiled_react-dom_fff4b597._.js:10249:158
[38469586ms] Error: `getTranslations` is not supported in Client Components.
    at eval (http://localhost:4455/_next/static/chunks/41356_db1ab835._.js?id=%255Bproject%255D%252FDocuments%252FTest%252FAI%252FAI-Resume-Builder%252Ffrontend%252Fnode_modules%252Fnext-intl%252Fdist%252Fesm%252Fdevelopment%252Fserver%252Freact-client%252Findex.js+%255Bapp-client%255D+%2528ecmascript%2529:32:15)
    at Footer (http://localhost:4455/_next/static/chunks/Documents_Test_AI_AI-Resume-Builder_frontend_a56fb98e._.js?id=%255Bproject%255D%252FDocuments%252FTest%252FAI%252FAI-Resume-Builder%252Ffrontend%252Fcomponents%252FFooter.tsx+%255Bapp-client%255D+%2528ecmascript%2529:17:306)
    at Object.react_stack_bottom_frame (http://localhost:4455/_next/static/chunks/41356_next_dist_compiled_react-dom_fff4b597._.js:14826:24)
    at renderWithHooks (http://localhost:4455/_next/static/chunks/41356_next_dist_compiled_react-dom_fff4b597._.js:4651:24)
    at updateFunctionComponent (http://localhost:4455/_next/static/chunks/41356_next_dist_compiled_react-dom_fff4b597._.js:6112:21)
    at beginWork (http://localhost:4455/_next/static/chunks/41356_next_dist_compiled_react-dom_fff4b597._.js:6708:24)
    at runWithFiberInDEV (http://localhost:4455/_next/static/chunks/41356_next_dist_compiled_react-dom_fff4b597._.js:965:74)
    at performUnitOfWork (http://localhost:4455/_next/static/chunks/41356_next_dist_compiled_react-dom_fff4b597._.js:9562:97)
    at workLoopSync (http://localhost:4455/_next/static/chunks/41356_next_dist_compiled_react-dom_fff4b597._.js:9456:40)
    at renderRootSync (http://localhost:4455/_next/static/chunks/41356_next_dist_compiled_react-dom_fff4b597._.js:9440:13)
    at performWorkOnRoot (http://localhost:4455/_next/static/chunks/41356_next_dist_compiled_react-dom_fff4b597._.js:9068:186)
    at performSyncWorkOnRoot (http://localhost:4455/_next/static/chunks/41356_next_dist_compiled_react-dom_fff4b597._.js:10238:9)
    at flushSyncWorkAcrossRoots_impl (http://localhost:4455/_next/static/chunks/41356_next_dist_compiled_react-dom_fff4b597._.js:10154:316)
    at processRootScheduleInMicrotask (http://localhost:4455/_next/static/chunks/41356_next_dist_compiled_react-dom_fff4b597._.js:10175:106)
    at http://localhost:4455/_next/static/chunks/41356_next_dist_compiled_react-dom_fff4b597._.js:10249:158
[38469587ms] Error: `getTranslations` is not supported in Client Components.
    at eval (http://localhost:4455/_next/static/chunks/41356_db1ab835._.js?id=%255Bproject%255D%252FDocuments%252FTest%252FAI%252FAI-Resume-Builder%252Ffrontend%252Fnode_modules%252Fnext-intl%252Fdist%252Fesm%252Fdevelopment%252Fserver%252Freact-client%252Findex.js+%255Bapp-client%255D+%2528ecmascript%2529:32:15)
    at Footer (http://localhost:4455/_next/static/chunks/Documents_Test_AI_AI-Resume-Builder_frontend_a56fb98e._.js?id=%255Bproject%255D%252FDocuments%252FTest%252FAI%252FAI-Resume-Builder%252Ffrontend%252Fcomponents%252FFooter.tsx+%255Bapp-client%255D+%2528ecmascript%2529:17:306)
    at Object.react_stack_bottom_frame (http://localhost:4455/_next/static/chunks/41356_next_dist_compiled_react-dom_fff4b597._.js:14826:24)
    at renderWithHooks (http://localhost:4455/_next/static/chunks/41356_next_dist_compiled_react-dom_fff4b597._.js:4651:24)
    at updateFunctionComponent (http://localhost:4455/_next/static/chunks/41356_next_dist_compiled_react-dom_fff4b597._.js:6112:21)
    at beginWork (http://localhost:4455/_next/static/chunks/41356_next_dist_compiled_react-dom_fff4b597._.js:6708:24)
    at runWithFiberInDEV (http://localhost:4455/_next/static/chunks/41356_next_dist_compiled_react-dom_fff4b597._.js:965:74)
    at performUnitOfWork (http://localhost:4455/_next/static/chunks/41356_next_dist_compiled_react-dom_fff4b597._.js:9562:97)
    at workLoopSync (http://localhost:4455/_next/static/chunks/41356_next_dist_compiled_react-dom_fff4b597._.js:9456:40)
    at renderRootSync (http://localhost:4455/_next/static/chunks/41356_next_dist_compiled_react-dom_fff4b597._.js:9440:13)
    at performWorkOnRoot (http://localhost:4455/_next/static/chunks/41356_next_dist_compiled_react-dom_fff4b597._.js:9068:186)
    at performSyncWorkOnRoot (http://localhost:4455/_next/static/chunks/41356_next_dist_compiled_react-dom_fff4b597._.js:10238:9)
    at flushSyncWorkAcrossRoots_impl (http://localhost:4455/_next/static/chunks/41356_next_dist_compiled_react-dom_fff4b597._.js:10154:316)
    at processRootScheduleInMicrotask (http://localhost:4455/_next/static/chunks/41356_next_dist_compiled_react-dom_fff4b597._.js:10175:106)
    at http://localhost:4455/_next/static/chunks/41356_next_dist_compiled_react-dom_fff4b597._.js:10249:158
[38469588ms] Error: `getTranslations` is not supported in Client Components.
    at eval (http://localhost:4455/_next/static/chunks/41356_db1ab835._.js?id=%255Bproject%255D%252FDocuments%252FTest%252FAI%252FAI-Resume-Builder%252Ffrontend%252Fnode_modules%252Fnext-intl%252Fdist%252Fesm%252Fdevelopment%252Fserver%252Freact-client%252Findex.js+%255Bapp-client%255D+%2528ecmascript%2529:32:15)
    at Footer (http://localhost:4455/_next/static/chunks/Documents_Test_AI_AI-Resume-Builder_frontend_a56fb98e._.js?id=%255Bproject%255D%252FDocuments%252FTest%252FAI%252FAI-Resume-Builder%252Ffrontend%252Fcomponents%252FFooter.tsx+%255Bapp-client%255D+%2528ecmascript%2529:17:306)
    at Object.react_stack_bottom_frame (http://localhost:4455/_next/static/chunks/41356_next_dist_compiled_react-dom_fff4b597._.js:14826:24)
    at renderWithHooks (http://localhost:4455/_next/static/chunks/41356_next_dist_compiled_react-dom_fff4b597._.js:4651:24)
    at updateFunctionComponent (http://localhost:4455/_next/static/chunks/41356_next_dist_compiled_react-dom_fff4b597._.js:6112:21)
    at beginWork (http://localhost:4455/_next/static/chunks/41356_next_dist_compiled_react-dom_fff4b597._.js:6708:24)
    at runWithFiberInDEV (http://localhost:4455/_next/static/chunks/41356_next_dist_compiled_react-dom_fff4b597._.js:965:74)
    at performUnitOfWork (http://localhost:4455/_next/static/chunks/41356_next_dist_compiled_react-dom_fff4b597._.js:9562:97)
    at workLoopSync (http://localhost:4455/_next/static/chunks/41356_next_dist_compiled_react-dom_fff4b597._.js:9456:40)
    at renderRootSync (http://localhost:4455/_next/static/chunks/41356_next_dist_compiled_react-dom_fff4b597._.js:9440:13)
    at performWorkOnRoot (http://localhost:4455/_next/static/chunks/41356_next_dist_compiled_react-dom_fff4b597._.js:9068:186)
    at performSyncWorkOnRoot (http://localhost:4455/_next/static/chunks/41356_next_dist_compiled_react-dom_fff4b597._.js:10238:9)
    at flushSyncWorkAcrossRoots_impl (http://localhost:4455/_next/static/chunks/41356_next_dist_compiled_react-dom_fff4b597._.js:10154:316)
    at processRootScheduleInMicrotask (http://localhost:4455/_next/static/chunks/41356_next_dist_compiled_react-dom_fff4b597._.js:10175:106)
    at http://localhost:4455/_next/static/chunks/41356_next_dist_compiled_react-dom_fff4b597._.js:10249:158
[38469588ms] Error: `getTranslations` is not supported in Client Components.
    at eval (http://localhost:4455/_next/static/chunks/41356_db1ab835._.js?id=%255Bproject%255D%252FDocuments%252FTest%252FAI%252FAI-Resume-Builder%252Ffrontend%252Fnode_modules%252Fnext-intl%252Fdist%252Fesm%252Fdevelopment%252Fserver%252Freact-client%252Findex.js+%255Bapp-client%255D+%2528ecmascript%2529:32:15)
    at Footer (http://localhost:4455/_next/static/chunks/Documents_Test_AI_AI-Resume-Builder_frontend_a56fb98e._.js?id=%255Bproject%255D%252FDocuments%252FTest%252FAI%252FAI-Resume-Builder%252Ffrontend%252Fcomponents%252FFooter.tsx+%255Bapp-client%255D+%2528ecmascript%2529:17:306)
    at Object.react_stack_bottom_frame (http://localhost:4455/_next/static/chunks/41356_next_dist_compiled_react-dom_fff4b597._.js:14826:24)
    at renderWithHooks (http://localhost:4455/_next/static/chunks/41356_next_dist_compiled_react-dom_fff4b597._.js:4651:24)
    at updateFunctionComponent (http://localhost:4455/_next/static/chunks/41356_next_dist_compiled_react-dom_fff4b597._.js:6112:21)
    at beginWork (http://localhost:4455/_next/static/chunks/41356_next_dist_compiled_react-dom_fff4b597._.js:6708:24)
    at runWithFiberInDEV (http://localhost:4455/_next/static/chunks/41356_next_dist_compiled_react-dom_fff4b597._.js:965:74)
    at performUnitOfWork (http://localhost:4455/_next/static/chunks/41356_next_dist_compiled_react-dom_fff4b597._.js:9562:97)
    at workLoopSync (http://localhost:4455/_next/static/chunks/41356_next_dist_compiled_react-dom_fff4b597._.js:9456:40)
    at renderRootSync (http://localhost:4455/_next/static/chunks/41356_next_dist_compiled_react-dom_fff4b597._.js:9440:13)
    at performWorkOnRoot (http://localhost:4455/_next/static/chunks/41356_next_dist_compiled_react-dom_fff4b597._.js:9068:186)
    at performSyncWorkOnRoot (http://localhost:4455/_next/static/chunks/41356_next_dist_compiled_react-dom_fff4b597._.js:10238:9)
    at flushSyncWorkAcrossRoots_impl (http://localhost:4455/_next/static/chunks/41356_next_dist_compiled_react-dom_fff4b597._.js:10154:316)
    at processRootScheduleInMicrotask (http://localhost:4455/_next/static/chunks/41356_next_dist_compiled_react-dom_fff4b597._.js:10175:106)
    at http://localhost:4455/_next/static/chunks/41356_next_dist_compiled_react-dom_fff4b597._.js:10249:158
[38469589ms] Error: `getTranslations` is not supported in Client Components.
    at eval (http://localhost:4455/_next/static/chunks/41356_db1ab835._.js?id=%255Bproject%255D%252FDocuments%252FTest%252FAI%252FAI-Resume-Builder%252Ffrontend%252Fnode_modules%252Fnext-intl%252Fdist%252Fesm%252Fdevelopment%252Fserver%252Freact-client%252Findex.js+%255Bapp-client%255D+%2528ecmascript%2529:32:15)
    at Footer (http://localhost:4455/_next/static/chunks/Documents_Test_AI_AI-Resume-Builder_frontend_a56fb98e._.js?id=%255Bproject%255D%252FDocuments%252FTest%252FAI%252FAI-Resume-Builder%252Ffrontend%252Fcomponents%252FFooter.tsx+%255Bapp-client%255D+%2528ecmascript%2529:17:306)
    at Object.react_stack_bottom_frame (http://localhost:4455/_next/static/chunks/41356_next_dist_compiled_react-dom_fff4b597._.js:14826:24)
    at renderWithHooks (http://localhost:4455/_next/static/chunks/41356_next_dist_compiled_react-dom_fff4b597._.js:4651:24)
    at updateFunctionComponent (http://localhost:4455/_next/static/chunks/41356_next_dist_compiled_react-dom_fff4b597._.js:6112:21)
    at beginWork (http://localhost:4455/_next/static/chunks/41356_next_dist_compiled_react-dom_fff4b597._.js:6708:24)
    at runWithFiberInDEV (http://localhost:4455/_next/static/chunks/41356_next_dist_compiled_react-dom_fff4b597._.js:965:74)
    at performUnitOfWork (http://localhost:4455/_next/static/chunks/41356_next_dist_compiled_react-dom_fff4b597._.js:9562:97)
    at workLoopSync (http://localhost:4455/_next/static/chunks/41356_next_dist_compiled_react-dom_fff4b597._.js:9456:40)
    at renderRootSync (http://localhost:4455/_next/static/chunks/41356_next_dist_compiled_react-dom_fff4b597._.js:9440:13)
    at performWorkOnRoot (http://localhost:4455/_next/static/chunks/41356_next_dist_compiled_react-dom_fff4b597._.js:9068:186)
    at performSyncWorkOnRoot (http://localhost:4455/_next/static/chunks/41356_next_dist_compiled_react-dom_fff4b597._.js:10238:9)
    at flushSyncWorkAcrossRoots_impl (http://localhost:4455/_next/static/chunks/41356_next_dist_compiled_react-dom_fff4b597._.js:10154:316)
    at processRootScheduleInMicrotask (http://localhost:4455/_next/static/chunks/41356_next_dist_compiled_react-dom_fff4b597._.js:10175:106)
    at http://localhost:4455/_next/static/chunks/41356_next_dist_compiled_react-dom_fff4b597._.js:10249:158
[38469589ms] Error: `getTranslations` is not supported in Client Components.
    at eval (http://localhost:4455/_next/static/chunks/41356_db1ab835._.js?id=%255Bproject%255D%252FDocuments%252FTest%252FAI%252FAI-Resume-Builder%252Ffrontend%252Fnode_modules%252Fnext-intl%252Fdist%252Fesm%252Fdevelopment%252Fserver%252Freact-client%252Findex.js+%255Bapp-client%255D+%2528ecmascript%2529:32:15)
    at Footer (http://localhost:4455/_next/static/chunks/Documents_Test_AI_AI-Resume-Builder_frontend_a56fb98e._.js?id=%255Bproject%255D%252FDocuments%252FTest%252FAI%252FAI-Resume-Builder%252Ffrontend%252Fcomponents%252FFooter.tsx+%255Bapp-client%255D+%2528ecmascript%2529:17:306)
    at Object.react_stack_bottom_frame (http://localhost:4455/_next/static/chunks/41356_next_dist_compiled_react-dom_fff4b597._.js:14826:24)
    at renderWithHooks (http://localhost:4455/_next/static/chunks/41356_next_dist_compiled_react-dom_fff4b597._.js:4651:24)
    at updateFunctionComponent (http://localhost:4455/_next/static/chunks/41356_next_dist_compiled_react-dom_fff4b597._.js:6112:21)
    at beginWork (http://localhost:4455/_next/static/chunks/41356_next_dist_compiled_react-dom_fff4b597._.js:6708:24)
    at runWithFiberInDEV (http://localhost:4455/_next/static/chunks/41356_next_dist_compiled_react-dom_fff4b597._.js:965:74)
    at performUnitOfWork (http://localhost:4455/_next/static/chunks/41356_next_dist_compiled_react-dom_fff4b597._.js:9562:97)
    at workLoopSync (http://localhost:4455/_next/static/chunks/41356_next_dist_compiled_react-dom_fff4b597._.js:9456:40)
    at renderRootSync (http://localhost:4455/_next/static/chunks/41356_next_dist_compiled_react-dom_fff4b597._.js:9440:13)
    at performWorkOnRoot (http://localhost:4455/_next/static/chunks/41356_next_dist_compiled_react-dom_fff4b597._.js:9068:186)
    at performSyncWorkOnRoot (http://localhost:4455/_next/static/chunks/41356_next_dist_compiled_react-dom_fff4b597._.js:10238:9)
    at flushSyncWorkAcrossRoots_impl (http://localhost:4455/_next/static/chunks/41356_next_dist_compiled_react-dom_fff4b597._.js:10154:316)
    at processRootScheduleInMicrotask (http://localhost:4455/_next/static/chunks/41356_next_dist_compiled_react-dom_fff4b597._.js:10175:106)
    at http://localhost:4455/_next/static/chunks/41356_next_dist_compiled_react-dom_fff4b597._.js:10249:158
[38469589ms] Error: `getTranslations` is not supported in Client Components.
    at eval (http://localhost:4455/_next/static/chunks/41356_db1ab835._.js?id=%255Bproject%255D%252FDocuments%252FTest%252FAI%252FAI-Resume-Builder%252Ffrontend%252Fnode_modules%252Fnext-intl%252Fdist%252Fesm%252Fdevelopment%252Fserver%252Freact-client%252Findex.js+%255Bapp-client%255D+%2528ecmascript%2529:32:15)
    at Footer (http://localhost:4455/_next/static/chunks/Documents_Test_AI_AI-Resume-Builder_frontend_a56fb98e._.js?id=%255Bproject%255D%252FDocuments%252FTest%252FAI%252FAI-Resume-Builder%252Ffrontend%252Fcomponents%252FFooter.tsx+%255Bapp-client%255D+%2528ecmascript%2529:17:306)
    at Object.react_stack_bottom_frame (http://localhost:4455/_next/static/chunks/41356_next_dist_compiled_react-dom_fff4b597._.js:14826:24)
    at renderWithHooks (http://localhost:4455/_next/static/chunks/41356_next_dist_compiled_react-dom_fff4b597._.js:4651:24)
    at updateFunctionComponent (http://localhost:4455/_next/static/chunks/41356_next_dist_compiled_react-dom_fff4b597._.js:6112:21)
    at beginWork (http://localhost:4455/_next/static/chunks/41356_next_dist_compiled_react-dom_fff4b597._.js:6708:24)
    at runWithFiberInDEV (http://localhost:4455/_next/static/chunks/41356_next_dist_compiled_react-dom_fff4b597._.js:965:74)
    at performUnitOfWork (http://localhost:4455/_next/static/chunks/41356_next_dist_compiled_react-dom_fff4b597._.js:9562:97)
    at workLoopSync (http://localhost:4455/_next/static/chunks/41356_next_dist_compiled_react-dom_fff4b597._.js:9456:40)
    at renderRootSync (http://localhost:4455/_next/static/chunks/41356_next_dist_compiled_react-dom_fff4b597._.js:9440:13)
    at performWorkOnRoot (http://localhost:4455/_next/static/chunks/41356_next_dist_compiled_react-dom_fff4b597._.js:9068:186)
    at performSyncWorkOnRoot (http://localhost:4455/_next/static/chunks/41356_next_dist_compiled_react-dom_fff4b597._.js:10238:9)
    at flushSyncWorkAcrossRoots_impl (http://localhost:4455/_next/static/chunks/41356_next_dist_compiled_react-dom_fff4b597._.js:10154:316)
    at processRootScheduleInMicrotask (http://localhost:4455/_next/static/chunks/41356_next_dist_compiled_react-dom_fff4b597._.js:10175:106)
    at http://localhost:4455/_next/static/chunks/41356_next_dist_compiled_react-dom_fff4b597._.js:10249:158
[38469589ms] Error: `getTranslations` is not supported in Client Components.
    at eval (http://localhost:4455/_next/static/chunks/41356_db1ab835._.js?id=%255Bproject%255D%252FDocuments%252FTest%252FAI%252FAI-Resume-Builder%252Ffrontend%252Fnode_modules%252Fnext-intl%252Fdist%252Fesm%252Fdevelopment%252Fserver%252Freact-client%252Findex.js+%255Bapp-client%255D+%2528ecmascript%2529:32:15)
    at Footer (http://localhost:4455/_next/static/chunks/Documents_Test_AI_AI-Resume-Builder_frontend_a56fb98e._.js?id=%255Bproject%255D%252FDocuments%252FTest%252FAI%252FAI-Resume-Builder%252Ffrontend%252Fcomponents%252FFooter.tsx+%255Bapp-client%255D+%2528ecmascript%2529:17:306)
    at Object.react_stack_bottom_frame (http://localhost:4455/_next/static/chunks/41356_next_dist_compiled_react-dom_fff4b597._.js:14826:24)
    at renderWithHooks (http://localhost:4455/_next/static/chunks/41356_next_dist_compiled_react-dom_fff4b597._.js:4651:24)
    at updateFunctionComponent (http://localhost:4455/_next/static/chunks/41356_next_dist_compiled_react-dom_fff4b597._.js:6112:21)
    at beginWork (http://localhost:4455/_next/static/chunks/41356_next_dist_compiled_react-dom_fff4b597._.js:6708:24)
    at runWithFiberInDEV (http://localhost:4455/_next/static/chunks/41356_next_dist_compiled_react-dom_fff4b597._.js:965:74)
    at performUnitOfWork (http://localhost:4455/_next/static/chunks/41356_next_dist_compiled_react-dom_fff4b597._.js:9562:97)
    at workLoopSync (http://localhost:4455/_next/static/chunks/41356_next_dist_compiled_react-dom_fff4b597._.js:9456:40)
    at renderRootSync (http://localhost:4455/_next/static/chunks/41356_next_dist_compiled_react-dom_fff4b597._.js:9440:13)
    at performWorkOnRoot (http://localhost:4455/_next/static/chunks/41356_next_dist_compiled_react-dom_fff4b597._.js:9068:186)
    at performSyncWorkOnRoot (http://localhost:4455/_next/static/chunks/41356_next_dist_compiled_react-dom_fff4b597._.js:10238:9)
    at flushSyncWorkAcrossRoots_impl (http://localhost:4455/_next/static/chunks/41356_next_dist_compiled_react-dom_fff4b597._.js:10154:316)
    at processRootScheduleInMicrotask (http://localhost:4455/_next/static/chunks/41356_next_dist_compiled_react-dom_fff4b597._.js:10175:106)
    at http://localhost:4455/_next/static/chunks/41356_next_dist_compiled_react-dom_fff4b597._.js:10249:158
[38469590ms] Error: `getTranslations` is not supported in Client Components.
    at eval (http://localhost:4455/_next/static/chunks/41356_db1ab835._.js?id=%255Bproject%255D%252FDocuments%252FTest%252FAI%252FAI-Resume-Builder%252Ffrontend%252Fnode_modules%252Fnext-intl%252Fdist%252Fesm%252Fdevelopment%252Fserver%252Freact-client%252Findex.js+%255Bapp-client%255D+%2528ecmascript%2529:32:15)
    at Footer (http://localhost:4455/_next/static/chunks/Documents_Test_AI_AI-Resume-Builder_frontend_a56fb98e._.js?id=%255Bproject%255D%252FDocuments%252FTest%252FAI%252FAI-Resume-Builder%252Ffrontend%252Fcomponents%252FFooter.tsx+%255Bapp-client%255D+%2528ecmascript%2529:17:306)
    at Object.react_stack_bottom_frame (http://localhost:4455/_next/static/chunks/41356_next_dist_compiled_react-dom_fff4b597._.js:14826:24)
    at renderWithHooks (http://localhost:4455/_next/static/chunks/41356_next_dist_compiled_react-dom_fff4b597._.js:4651:24)
    at updateFunctionComponent (http://localhost:4455/_next/static/chunks/41356_next_dist_compiled_react-dom_fff4b597._.js:6112:21)
    at beginWork (http://localhost:4455/_next/static/chunks/41356_next_dist_compiled_react-dom_fff4b597._.js:6708:24)
    at runWithFiberInDEV (http://localhost:4455/_next/static/chunks/41356_next_dist_compiled_react-dom_fff4b597._.js:965:74)
    at performUnitOfWork (http://localhost:4455/_next/static/chunks/41356_next_dist_compiled_react-dom_fff4b597._.js:9562:97)
    at workLoopSync (http://localhost:4455/_next/static/chunks/41356_next_dist_compiled_react-dom_fff4b597._.js:9456:40)
    at renderRootSync (http://localhost:4455/_next/static/chunks/41356_next_dist_compiled_react-dom_fff4b597._.js:9440:13)
    at performWorkOnRoot (http://localhost:4455/_next/static/chunks/41356_next_dist_compiled_react-dom_fff4b597._.js:9068:186)
    at performSyncWorkOnRoot (http://localhost:4455/_next/static/chunks/41356_next_dist_compiled_react-dom_fff4b597._.js:10238:9)
    at flushSyncWorkAcrossRoots_impl (http://localhost:4455/_next/static/chunks/41356_next_dist_compiled_react-dom_fff4b597._.js:10154:316)
    at processRootScheduleInMicrotask (http://localhost:4455/_next/static/chunks/41356_next_dist_compiled_react-dom_fff4b597._.js:10175:106)
    at http://localhost:4455/_next/static/chunks/41356_next_dist_compiled_react-dom_fff4b597._.js:10249:158
[38469590ms] Error: `getTranslations` is not supported in Client Components.
    at eval (http://localhost:4455/_next/static/chunks/41356_db1ab835._.js?id=%255Bproject%255D%252FDocuments%252FTest%252FAI%252FAI-Resume-Builder%252Ffrontend%252Fnode_modules%252Fnext-intl%252Fdist%252Fesm%252Fdevelopment%252Fserver%252Freact-client%252Findex.js+%255Bapp-client%255D+%2528ecmascript%2529:32:15)
    at Footer (http://localhost:4455/_next/static/chunks/Documents_Test_AI_AI-Resume-Builder_frontend_a56fb98e._.js?id=%255Bproject%255D%252FDocuments%252FTest%252FAI%252FAI-Resume-Builder%252Ffrontend%252Fcomponents%252FFooter.tsx+%255Bapp-client%255D+%2528ecmascript%2529:17:306)
    at Object.react_stack_bottom_frame (http://localhost:4455/_next/static/chunks/41356_next_dist_compiled_react-dom_fff4b597._.js:14826:24)
    at renderWithHooks (http://localhost:4455/_next/static/chunks/41356_next_dist_compiled_react-dom_fff4b597._.js:4651:24)
    at updateFunctionComponent (http://localhost:4455/_next/static/chunks/41356_next_dist_compiled_react-dom_fff4b597._.js:6112:21)
    at beginWork (http://localhost:4455/_next/static/chunks/41356_next_dist_compiled_react-dom_fff4b597._.js:6708:24)
    at runWithFiberInDEV (http://localhost:4455/_next/static/chunks/41356_next_dist_compiled_react-dom_fff4b597._.js:965:74)
    at performUnitOfWork (http://localhost:4455/_next/static/chunks/41356_next_dist_compiled_react-dom_fff4b597._.js:9562:97)
    at workLoopSync (http://localhost:4455/_next/static/chunks/41356_next_dist_compiled_react-dom_fff4b597._.js:9456:40)
    at renderRootSync (http://localhost:4455/_next/static/chunks/41356_next_dist_compiled_react-dom_fff4b597._.js:9440:13)
    at performWorkOnRoot (http://localhost:4455/_next/static/chunks/41356_next_dist_compiled_react-dom_fff4b597._.js:9068:186)
    at performSyncWorkOnRoot (http://localhost:4455/_next/static/chunks/41356_next_dist_compiled_react-dom_fff4b597._.js:10238:9)
    at flushSyncWorkAcrossRoots_impl (http://localhost:4455/_next/static/chunks/41356_next_dist_compiled_react-dom_fff4b597._.js:10154:316)
    at processRootScheduleInMicrotask (http://localhost:4455/_next/static/chunks/41356_next_dist_compiled_react-dom_fff4b597._.js:10175:106)
    at http://localhost:4455/_next/static/chunks/41356_next_dist_compiled_react-dom_fff4b597._.js:10249:158
[38469590ms] Error: `getTranslations` is not supported in Client Components.
    at eval (http://localhost:4455/_next/static/chunks/41356_db1ab835._.js?id=%255Bproject%255D%252FDocuments%252FTest%252FAI%252FAI-Resume-Builder%252Ffrontend%252Fnode_modules%252Fnext-intl%252Fdist%252Fesm%252Fdevelopment%252Fserver%252Freact-client%252Findex.js+%255Bapp-client%255D+%2528ecmascript%2529:32:15)
    at Footer (http://localhost:4455/_next/static/chunks/Documents_Test_AI_AI-Resume-Builder_frontend_a56fb98e._.js?id=%255Bproject%255D%252FDocuments%252FTest%252FAI%252FAI-Resume-Builder%252Ffrontend%252Fcomponents%252FFooter.tsx+%255Bapp-client%255D+%2528ecmascript%2529:17:306)
    at Object.react_stack_bottom_frame (http://localhost:4455/_next/static/chunks/41356_next_dist_compiled_react-dom_fff4b597._.js:14826:24)
    at renderWithHooks (http://localhost:4455/_next/static/chunks/41356_next_dist_compiled_react-dom_fff4b597._.js:4651:24)
    at updateFunctionComponent (http://localhost:4455/_next/static/chunks/41356_next_dist_compiled_react-dom_fff4b597._.js:6112:21)
    at beginWork (http://localhost:4455/_next/static/chunks/41356_next_dist_compiled_react-dom_fff4b597._.js:6708:24)
    at runWithFiberInDEV (http://localhost:4455/_next/static/chunks/41356_next_dist_compiled_react-dom_fff4b597._.js:965:74)
    at performUnitOfWork (http://localhost:4455/_next/static/chunks/41356_next_dist_compiled_react-dom_fff4b597._.js:9562:97)
    at workLoopSync (http://localhost:4455/_next/static/chunks/41356_next_dist_compiled_react-dom_fff4b597._.js:9456:40)
    at renderRootSync (http://localhost:4455/_next/static/chunks/41356_next_dist_compiled_react-dom_fff4b597._.js:9440:13)
    at performWorkOnRoot (http://localhost:4455/_next/static/chunks/41356_next_dist_compiled_react-dom_fff4b597._.js:9068:186)
    at performSyncWorkOnRoot (http://localhost:4455/_next/static/chunks/41356_next_dist_compiled_react-dom_fff4b597._.js:10238:9)
    at flushSyncWorkAcrossRoots_impl (http://localhost:4455/_next/static/chunks/41356_next_dist_compiled_react-dom_fff4b597._.js:10154:316)
    at processRootScheduleInMicrotask (http://localhost:4455/_next/static/chunks/41356_next_dist_compiled_react-dom_fff4b597._.js:10175:106)
    at http://localhost:4455/_next/static/chunks/41356_next_dist_compiled_react-dom_fff4b597._.js:10249:158
[38469591ms] Error: `getTranslations` is not supported in Client Components.
    at eval (http://localhost:4455/_next/static/chunks/41356_db1ab835._.js?id=%255Bproject%255D%252FDocuments%252FTest%252FAI%252FAI-Resume-Builder%252Ffrontend%252Fnode_modules%252Fnext-intl%252Fdist%252Fesm%252Fdevelopment%252Fserver%252Freact-client%252Findex.js+%255Bapp-client%255D+%2528ecmascript%2529:32:15)
    at Footer (http://localhost:4455/_next/static/chunks/Documents_Test_AI_AI-Resume-Builder_frontend_a56fb98e._.js?id=%255Bproject%255D%252FDocuments%252FTest%252FAI%252FAI-Resume-Builder%252Ffrontend%252Fcomponents%252FFooter.tsx+%255Bapp-client%255D+%2528ecmascript%2529:17:306)
    at Object.react_stack_bottom_frame (http://localhost:4455/_next/static/chunks/41356_next_dist_compiled_react-dom_fff4b597._.js:14826:24)
    at renderWithHooks (http://localhost:4455/_next/static/chunks/41356_next_dist_compiled_react-dom_fff4b597._.js:4651:24)
    at updateFunctionComponent (http://localhost:4455/_next/static/chunks/41356_next_dist_compiled_react-dom_fff4b597._.js:6112:21)
    at beginWork (http://localhost:4455/_next/static/chunks/41356_next_dist_compiled_react-dom_fff4b597._.js:6708:24)
    at runWithFiberInDEV (http://localhost:4455/_next/static/chunks/41356_next_dist_compiled_react-dom_fff4b597._.js:965:74)
    at performUnitOfWork (http://localhost:4455/_next/static/chunks/41356_next_dist_compiled_react-dom_fff4b597._.js:9562:97)
    at workLoopSync (http://localhost:4455/_next/static/chunks/41356_next_dist_compiled_react-dom_fff4b597._.js:9456:40)
    at renderRootSync (http://localhost:4455/_next/static/chunks/41356_next_dist_compiled_react-dom_fff4b597._.js:9440:13)
    at performWorkOnRoot (http://localhost:4455/_next/static/chunks/41356_next_dist_compiled_react-dom_fff4b597._.js:9068:186)
    at performSyncWorkOnRoot (http://localhost:4455/_next/static/chunks/41356_next_dist_compiled_react-dom_fff4b597._.js:10238:9)
    at flushSyncWorkAcrossRoots_impl (http://localhost:4455/_next/static/chunks/41356_next_dist_compiled_react-dom_fff4b597._.js:10154:316)
    at processRootScheduleInMicrotask (http://localhost:4455/_next/static/chunks/41356_next_dist_compiled_react-dom_fff4b597._.js:10175:106)
    at http://localhost:4455/_next/static/chunks/41356_next_dist_compiled_react-dom_fff4b597._.js:10249:158
[38469591ms] Error: `getTranslations` is not supported in Client Components.
    at eval (http://localhost:4455/_next/static/chunks/41356_db1ab835._.js?id=%255Bproject%255D%252FDocuments%252FTest%252FAI%252FAI-Resume-Builder%252Ffrontend%252Fnode_modules%252Fnext-intl%252Fdist%252Fesm%252Fdevelopment%252Fserver%252Freact-client%252Findex.js+%255Bapp-client%255D+%2528ecmascript%2529:32:15)
    at Footer (http://localhost:4455/_next/static/chunks/Documents_Test_AI_AI-Resume-Builder_frontend_a56fb98e._.js?id=%255Bproject%255D%252FDocuments%252FTest%252FAI%252FAI-Resume-Builder%252Ffrontend%252Fcomponents%252FFooter.tsx+%255Bapp-client%255D+%2528ecmascript%2529:17:306)
    at Object.react_stack_bottom_frame (http://localhost:4455/_next/static/chunks/41356_next_dist_compiled_react-dom_fff4b597._.js:14826:24)
    at renderWithHooks (http://localhost:4455/_next/static/chunks/41356_next_dist_compiled_react-dom_fff4b597._.js:4651:24)
    at updateFunctionComponent (http://localhost:4455/_next/static/chunks/41356_next_dist_compiled_react-dom_fff4b597._.js:6112:21)
    at beginWork (http://localhost:4455/_next/static/chunks/41356_next_dist_compiled_react-dom_fff4b597._.js:6708:24)
    at runWithFiberInDEV (http://localhost:4455/_next/static/chunks/41356_next_dist_compiled_react-dom_fff4b597._.js:965:74)
    at performUnitOfWork (http://localhost:4455/_next/static/chunks/41356_next_dist_compiled_react-dom_fff4b597._.js:9562:97)
    at workLoopSync (http://localhost:4455/_next/static/chunks/41356_next_dist_compiled_react-dom_fff4b597._.js:9456:40)
    at renderRootSync (http://localhost:4455/_next/static/chunks/41356_next_dist_compiled_react-dom_fff4b597._.js:9440:13)
    at performWorkOnRoot (http://localhost:4455/_next/static/chunks/41356_next_dist_compiled_react-dom_fff4b597._.js:9068:186)
    at performSyncWorkOnRoot (http://localhost:4455/_next/static/chunks/41356_next_dist_compiled_react-dom_fff4b597._.js:10238:9)
    at flushSyncWorkAcrossRoots_impl (http://localhost:4455/_next/static/chunks/41356_next_dist_compiled_react-dom_fff4b597._.js:10154:316)
    at processRootScheduleInMicrotask (http://localhost:4455/_next/static/chunks/41356_next_dist_compiled_react-dom_fff4b597._.js:10175:106)
    at http://localhost:4455/_next/static/chunks/41356_next_dist_compiled_react-dom_fff4b597._.js:10249:158
[38469591ms] Error: `getTranslations` is not supported in Client Components.
    at eval (http://localhost:4455/_next/static/chunks/41356_db1ab835._.js?id=%255Bproject%255D%252FDocuments%252FTest%252FAI%252FAI-Resume-Builder%252Ffrontend%252Fnode_modules%252Fnext-intl%252Fdist%252Fesm%252Fdevelopment%252Fserver%252Freact-client%252Findex.js+%255Bapp-client%255D+%2528ecmascript%2529:32:15)
    at Footer (http://localhost:4455/_next/static/chunks/Documents_Test_AI_AI-Resume-Builder_frontend_a56fb98e._.js?id=%255Bproject%255D%252FDocuments%252FTest%252FAI%252FAI-Resume-Builder%252Ffrontend%252Fcomponents%252FFooter.tsx+%255Bapp-client%255D+%2528ecmascript%2529:17:306)
    at Object.react_stack_bottom_frame (http://localhost:4455/_next/static/chunks/41356_next_dist_compiled_react-dom_fff4b597._.js:14826:24)
    at renderWithHooks (http://localhost:4455/_next/static/chunks/41356_next_dist_compiled_react-dom_fff4b597._.js:4651:24)
    at updateFunctionComponent (http://localhost:4455/_next/static/chunks/41356_next_dist_compiled_react-dom_fff4b597._.js:6112:21)
    at beginWork (http://localhost:4455/_next/static/chunks/41356_next_dist_compiled_react-dom_fff4b597._.js:6708:24)
    at runWithFiberInDEV (http://localhost:4455/_next/static/chunks/41356_next_dist_compiled_react-dom_fff4b597._.js:965:74)
    at performUnitOfWork (http://localhost:4455/_next/static/chunks/41356_next_dist_compiled_react-dom_fff4b597._.js:9562:97)
    at workLoopSync (http://localhost:4455/_next/static/chunks/41356_next_dist_compiled_react-dom_fff4b597._.js:9456:40)
    at renderRootSync (http://localhost:4455/_next/static/chunks/41356_next_dist_compiled_react-dom_fff4b597._.js:9440:13)
    at performWorkOnRoot (http://localhost:4455/_next/static/chunks/41356_next_dist_compiled_react-dom_fff4b597._.js:9068:186)
    at performSyncWorkOnRoot (http://localhost:4455/_next/static/chunks/41356_next_dist_compiled_react-dom_fff4b597._.js:10238:9)
    at flushSyncWorkAcrossRoots_impl (http://localhost:4455/_next/static/chunks/41356_next_dist_compiled_react-dom_fff4b597._.js:10154:316)
    at processRootScheduleInMicrotask (http://localhost:4455/_next/static/chunks/41356_next_dist_compiled_react-dom_fff4b597._.js:10175:106)
    at http://localhost:4455/_next/static/chunks/41356_next_dist_compiled_react-dom_fff4b597._.js:10249:158
[38469591ms] Error: `getTranslations` is not supported in Client Components.
    at eval (http://localhost:4455/_next/static/chunks/41356_db1ab835._.js?id=%255Bproject%255D%252FDocuments%252FTest%252FAI%252FAI-Resume-Builder%252Ffrontend%252Fnode_modules%252Fnext-intl%252Fdist%252Fesm%252Fdevelopment%252Fserver%252Freact-client%252Findex.js+%255Bapp-client%255D+%2528ecmascript%2529:32:15)
    at Footer (http://localhost:4455/_next/static/chunks/Documents_Test_AI_AI-Resume-Builder_frontend_a56fb98e._.js?id=%255Bproject%255D%252FDocuments%252FTest%252FAI%252FAI-Resume-Builder%252Ffrontend%252Fcomponents%252FFooter.tsx+%255Bapp-client%255D+%2528ecmascript%2529:17:306)
    at Object.react_stack_bottom_frame (http://localhost:4455/_next/static/chunks/41356_next_dist_compiled_react-dom_fff4b597._.js:14826:24)
    at renderWithHooks (http://localhost:4455/_next/static/chunks/41356_next_dist_compiled_react-dom_fff4b597._.js:4651:24)
    at updateFunctionComponent (http://localhost:4455/_next/static/chunks/41356_next_dist_compiled_react-dom_fff4b597._.js:6112:21)
    at beginWork (http://localhost:4455/_next/static/chunks/41356_next_dist_compiled_react-dom_fff4b597._.js:6708:24)
    at runWithFiberInDEV (http://localhost:4455/_next/static/chunks/41356_next_dist_compiled_react-dom_fff4b597._.js:965:74)
    at performUnitOfWork (http://localhost:4455/_next/static/chunks/41356_next_dist_compiled_react-dom_fff4b597._.js:9562:97)
    at workLoopSync (http://localhost:4455/_next/static/chunks/41356_next_dist_compiled_react-dom_fff4b597._.js:9456:40)
    at renderRootSync (http://localhost:4455/_next/static/chunks/41356_next_dist_compiled_react-dom_fff4b597._.js:9440:13)
    at performWorkOnRoot (http://localhost:4455/_next/static/chunks/41356_next_dist_compiled_react-dom_fff4b597._.js:9068:186)
    at performSyncWorkOnRoot (http://localhost:4455/_next/static/chunks/41356_next_dist_compiled_react-dom_fff4b597._.js:10238:9)
    at flushSyncWorkAcrossRoots_impl (http://localhost:4455/_next/static/chunks/41356_next_dist_compiled_react-dom_fff4b597._.js:10154:316)
    at processRootScheduleInMicrotask (http://localhost:4455/_next/static/chunks/41356_next_dist_compiled_react-dom_fff4b597._.js:10175:106)
    at http://localhost:4455/_next/static/chunks/41356_next_dist_compiled_react-dom_fff4b597._.js:10249:158
[38469592ms] Error: `getTranslations` is not supported in Client Components.
    at eval (http://localhost:4455/_next/static/chunks/41356_db1ab835._.js?id=%255Bproject%255D%252FDocuments%252FTest%252FAI%252FAI-Resume-Builder%252Ffrontend%252Fnode_modules%252Fnext-intl%252Fdist%252Fesm%252Fdevelopment%252Fserver%252Freact-client%252Findex.js+%255Bapp-client%255D+%2528ecmascript%2529:32:15)
    at Footer (http://localhost:4455/_next/static/chunks/Documents_Test_AI_AI-Resume-Builder_frontend_a56fb98e._.js?id=%255Bproject%255D%252FDocuments%252FTest%252FAI%252FAI-Resume-Builder%252Ffrontend%252Fcomponents%252FFooter.tsx+%255Bapp-client%255D+%2528ecmascript%2529:17:306)
    at Object.react_stack_bottom_frame (http://localhost:4455/_next/static/chunks/41356_next_dist_compiled_react-dom_fff4b597._.js:14826:24)
    at renderWithHooks (http://localhost:4455/_next/static/chunks/41356_next_dist_compiled_react-dom_fff4b597._.js:4651:24)
    at updateFunctionComponent (http://localhost:4455/_next/static/chunks/41356_next_dist_compiled_react-dom_fff4b597._.js:6112:21)
    at beginWork (http://localhost:4455/_next/static/chunks/41356_next_dist_compiled_react-dom_fff4b597._.js:6708:24)
    at runWithFiberInDEV (http://localhost:4455/_next/static/chunks/41356_next_dist_compiled_react-dom_fff4b597._.js:965:74)
    at performUnitOfWork (http://localhost:4455/_next/static/chunks/41356_next_dist_compiled_react-dom_fff4b597._.js:9562:97)
    at workLoopSync (http://localhost:4455/_next/static/chunks/41356_next_dist_compiled_react-dom_fff4b597._.js:9456:40)
    at renderRootSync (http://localhost:4455/_next/static/chunks/41356_next_dist_compiled_react-dom_fff4b597._.js:9440:13)
    at performWorkOnRoot (http://localhost:4455/_next/static/chunks/41356_next_dist_compiled_react-dom_fff4b597._.js:9068:186)
    at performSyncWorkOnRoot (http://localhost:4455/_next/static/chunks/41356_next_dist_compiled_react-dom_fff4b597._.js:10238:9)
    at flushSyncWorkAcrossRoots_impl (http://localhost:4455/_next/static/chunks/41356_next_dist_compiled_react-dom_fff4b597._.js:10154:316)
    at processRootScheduleInMicrotask (http://localhost:4455/_next/static/chunks/41356_next_dist_compiled_react-dom_fff4b597._.js:10175:106)
    at http://localhost:4455/_next/static/chunks/41356_next_dist_compiled_react-dom_fff4b597._.js:10249:158
[38469593ms] Error: `getTranslations` is not supported in Client Components.
    at eval (http://localhost:4455/_next/static/chunks/41356_db1ab835._.js?id=%255Bproject%255D%252FDocuments%252FTest%252FAI%252FAI-Resume-Builder%252Ffrontend%252Fnode_modules%252Fnext-intl%252Fdist%252Fesm%252Fdevelopment%252Fserver%252Freact-client%252Findex.js+%255Bapp-client%255D+%2528ecmascript%2529:32:15)
    at Footer (http://localhost:4455/_next/static/chunks/Documents_Test_AI_AI-Resume-Builder_frontend_a56fb98e._.js?id=%255Bproject%255D%252FDocuments%252FTest%252FAI%252FAI-Resume-Builder%252Ffrontend%252Fcomponents%252FFooter.tsx+%255Bapp-client%255D+%2528ecmascript%2529:17:306)
    at Object.react_stack_bottom_frame (http://localhost:4455/_next/static/chunks/41356_next_dist_compiled_react-dom_fff4b597._.js:14826:24)
    at renderWithHooks (http://localhost:4455/_next/static/chunks/41356_next_dist_compiled_react-dom_fff4b597._.js:4651:24)
    at updateFunctionComponent (http://localhost:4455/_next/static/chunks/41356_next_dist_compiled_react-dom_fff4b597._.js:6112:21)
    at beginWork (http://localhost:4455/_next/static/chunks/41356_next_dist_compiled_react-dom_fff4b597._.js:6708:24)
    at runWithFiberInDEV (http://localhost:4455/_next/static/chunks/41356_next_dist_compiled_react-dom_fff4b597._.js:965:74)
    at performUnitOfWork (http://localhost:4455/_next/static/chunks/41356_next_dist_compiled_react-dom_fff4b597._.js:9562:97)
    at workLoopSync (http://localhost:4455/_next/static/chunks/41356_next_dist_compiled_react-dom_fff4b597._.js:9456:40)
    at renderRootSync (http://localhost:4455/_next/static/chunks/41356_next_dist_compiled_react-dom_fff4b597._.js:9440:13)
    at performWorkOnRoot (http://localhost:4455/_next/static/chunks/41356_next_dist_compiled_react-dom_fff4b597._.js:9068:186)
    at performSyncWorkOnRoot (http://localhost:4455/_next/static/chunks/41356_next_dist_compiled_react-dom_fff4b597._.js:10238:9)
    at flushSyncWorkAcrossRoots_impl (http://localhost:4455/_next/static/chunks/41356_next_dist_compiled_react-dom_fff4b597._.js:10154:316)
    at processRootScheduleInMicrotask (http://localhost:4455/_next/static/chunks/41356_next_dist_compiled_react-dom_fff4b597._.js:10175:106)
    at http://localhost:4455/_next/static/chunks/41356_next_dist_compiled_react-dom_fff4b597._.js:10249:158
[38469593ms] Error: `getTranslations` is not supported in Client Components.
    at eval (http://localhost:4455/_next/static/chunks/41356_db1ab835._.js?id=%255Bproject%255D%252FDocuments%252FTest%252FAI%252FAI-Resume-Builder%252Ffrontend%252Fnode_modules%252Fnext-intl%252Fdist%252Fesm%252Fdevelopment%252Fserver%252Freact-client%252Findex.js+%255Bapp-client%255D+%2528ecmascript%2529:32:15)
    at Footer (http://localhost:4455/_next/static/chunks/Documents_Test_AI_AI-Resume-Builder_frontend_a56fb98e._.js?id=%255Bproject%255D%252FDocuments%252FTest%252FAI%252FAI-Resume-Builder%252Ffrontend%252Fcomponents%252FFooter.tsx+%255Bapp-client%255D+%2528ecmascript%2529:17:306)
    at Object.react_stack_bottom_frame (http://localhost:4455/_next/static/chunks/41356_next_dist_compiled_react-dom_fff4b597._.js:14826:24)
    at renderWithHooks (http://localhost:4455/_next/static/chunks/41356_next_dist_compiled_react-dom_fff4b597._.js:4651:24)
    at updateFunctionComponent (http://localhost:4455/_next/static/chunks/41356_next_dist_compiled_react-dom_fff4b597._.js:6112:21)
    at beginWork (http://localhost:4455/_next/static/chunks/41356_next_dist_compiled_react-dom_fff4b597._.js:6708:24)
    at runWithFiberInDEV (http://localhost:4455/_next/static/chunks/41356_next_dist_compiled_react-dom_fff4b597._.js:965:74)
    at performUnitOfWork (http://localhost:4455/_next/static/chunks/41356_next_dist_compiled_react-dom_fff4b597._.js:9562:97)
    at workLoopSync (http://localhost:4455/_next/static/chunks/41356_next_dist_compiled_react-dom_fff4b597._.js:9456:40)
    at renderRootSync (http://localhost:4455/_next/static/chunks/41356_next_dist_compiled_react-dom_fff4b597._.js:9440:13)
    at performWorkOnRoot (http://localhost:4455/_next/static/chunks/41356_next_dist_compiled_react-dom_fff4b597._.js:9068:186)
    at performSyncWorkOnRoot (http://localhost:4455/_next/static/chunks/41356_next_dist_compiled_react-dom_fff4b597._.js:10238:9)
    at flushSyncWorkAcrossRoots_impl (http://localhost:4455/_next/static/chunks/41356_next_dist_compiled_react-dom_fff4b597._.js:10154:316)
    at processRootScheduleInMicrotask (http://localhost:4455/_next/static/chunks/41356_next_dist_compiled_react-dom_fff4b597._.js:10175:106)
    at http://localhost:4455/_next/static/chunks/41356_next_dist_compiled_react-dom_fff4b597._.js:10249:158
[38469593ms] Error: `getTranslations` is not supported in Client Components.
    at eval (http://localhost:4455/_next/static/chunks/41356_db1ab835._.js?id=%255Bproject%255D%252FDocuments%252FTest%252FAI%252FAI-Resume-Builder%252Ffrontend%252Fnode_modules%252Fnext-intl%252Fdist%252Fesm%252Fdevelopment%252Fserver%252Freact-client%252Findex.js+%255Bapp-client%255D+%2528ecmascript%2529:32:15)
    at Footer (http://localhost:4455/_next/static/chunks/Documents_Test_AI_AI-Resume-Builder_frontend_a56fb98e._.js?id=%255Bproject%255D%252FDocuments%252FTest%252FAI%252FAI-Resume-Builder%252Ffrontend%252Fcomponents%252FFooter.tsx+%255Bapp-client%255D+%2528ecmascript%2529:17:306)
    at Object.react_stack_bottom_frame (http://localhost:4455/_next/static/chunks/41356_next_dist_compiled_react-dom_fff4b597._.js:14826:24)
    at renderWithHooks (http://localhost:4455/_next/static/chunks/41356_next_dist_compiled_react-dom_fff4b597._.js:4651:24)
    at updateFunctionComponent (http://localhost:4455/_next/static/chunks/41356_next_dist_compiled_react-dom_fff4b597._.js:6112:21)
    at beginWork (http://localhost:4455/_next/static/chunks/41356_next_dist_compiled_react-dom_fff4b597._.js:6708:24)
    at runWithFiberInDEV (http://localhost:4455/_next/static/chunks/41356_next_dist_compiled_react-dom_fff4b597._.js:965:74)
    at performUnitOfWork (http://localhost:4455/_next/static/chunks/41356_next_dist_compiled_react-dom_fff4b597._.js:9562:97)
    at workLoopSync (http://localhost:4455/_next/static/chunks/41356_next_dist_compiled_react-dom_fff4b597._.js:9456:40)
    at renderRootSync (http://localhost:4455/_next/static/chunks/41356_next_dist_compiled_react-dom_fff4b597._.js:9440:13)
    at performWorkOnRoot (http://localhost:4455/_next/static/chunks/41356_next_dist_compiled_react-dom_fff4b597._.js:9068:186)
    at performSyncWorkOnRoot (http://localhost:4455/_next/static/chunks/41356_next_dist_compiled_react-dom_fff4b597._.js:10238:9)
    at flushSyncWorkAcrossRoots_impl (http://localhost:4455/_next/static/chunks/41356_next_dist_compiled_react-dom_fff4b597._.js:10154:316)
    at processRootScheduleInMicrotask (http://localhost:4455/_next/static/chunks/41356_next_dist_compiled_react-dom_fff4b597._.js:10175:106)
    at http://localhost:4455/_next/static/chunks/41356_next_dist_compiled_react-dom_fff4b597._.js:10249:158
[38469593ms] Error: `getTranslations` is not supported in Client Components.
    at eval (http://localhost:4455/_next/static/chunks/41356_db1ab835._.js?id=%255Bproject%255D%252FDocuments%252FTest%252FAI%252FAI-Resume-Builder%252Ffrontend%252Fnode_modules%252Fnext-intl%252Fdist%252Fesm%252Fdevelopment%252Fserver%252Freact-client%252Findex.js+%255Bapp-client%255D+%2528ecmascript%2529:32:15)
    at Footer (http://localhost:4455/_next/static/chunks/Documents_Test_AI_AI-Resume-Builder_frontend_a56fb98e._.js?id=%255Bproject%255D%252FDocuments%252FTest%252FAI%252FAI-Resume-Builder%252Ffrontend%252Fcomponents%252FFooter.tsx+%255Bapp-client%255D+%2528ecmascript%2529:17:306)
    at Object.react_stack_bottom_frame (http://localhost:4455/_next/static/chunks/41356_next_dist_compiled_react-dom_fff4b597._.js:14826:24)
    at renderWithHooks (http://localhost:4455/_next/static/chunks/41356_next_dist_compiled_react-dom_fff4b597._.js:4651:24)
    at updateFunctionComponent (http://localhost:4455/_next/static/chunks/41356_next_dist_compiled_react-dom_fff4b597._.js:6112:21)
    at beginWork (http://localhost:4455/_next/static/chunks/41356_next_dist_compiled_react-dom_fff4b597._.js:6708:24)
    at runWithFiberInDEV (http://localhost:4455/_next/static/chunks/41356_next_dist_compiled_react-dom_fff4b597._.js:965:74)
    at performUnitOfWork (http://localhost:4455/_next/static/chunks/41356_next_dist_compiled_react-dom_fff4b597._.js:9562:97)
    at workLoopSync (http://localhost:4455/_next/static/chunks/41356_next_dist_compiled_react-dom_fff4b597._.js:9456:40)
    at renderRootSync (http://localhost:4455/_next/static/chunks/41356_next_dist_compiled_react-dom_fff4b597._.js:9440:13)
    at performWorkOnRoot (http://localhost:4455/_next/static/chunks/41356_next_dist_compiled_react-dom_fff4b597._.js:9068:186)
    at performSyncWorkOnRoot (http://localhost:4455/_next/static/chunks/41356_next_dist_compiled_react-dom_fff4b597._.js:10238:9)
    at flushSyncWorkAcrossRoots_impl (http://localhost:4455/_next/static/chunks/41356_next_dist_compiled_react-dom_fff4b597._.js:10154:316)
    at processRootScheduleInMicrotask (http://localhost:4455/_next/static/chunks/41356_next_dist_compiled_react-dom_fff4b597._.js:10175:106)
    at http://localhost:4455/_next/static/chunks/41356_next_dist_compiled_react-dom_fff4b597._.js:10249:158
[38469594ms] Error: `getTranslations` is not supported in Client Components.
    at eval (http://localhost:4455/_next/static/chunks/41356_db1ab835._.js?id=%255Bproject%255D%252FDocuments%252FTest%252FAI%252FAI-Resume-Builder%252Ffrontend%252Fnode_modules%252Fnext-intl%252Fdist%252Fesm%252Fdevelopment%252Fserver%252Freact-client%252Findex.js+%255Bapp-client%255D+%2528ecmascript%2529:32:15)
    at Footer (http://localhost:4455/_next/static/chunks/Documents_Test_AI_AI-Resume-Builder_frontend_a56fb98e._.js?id=%255Bproject%255D%252FDocuments%252FTest%252FAI%252FAI-Resume-Builder%252Ffrontend%252Fcomponents%252FFooter.tsx+%255Bapp-client%255D+%2528ecmascript%2529:17:306)
    at Object.react_stack_bottom_frame (http://localhost:4455/_next/static/chunks/41356_next_dist_compiled_react-dom_fff4b597._.js:14826:24)
    at renderWithHooks (http://localhost:4455/_next/static/chunks/41356_next_dist_compiled_react-dom_fff4b597._.js:4651:24)
    at updateFunctionComponent (http://localhost:4455/_next/static/chunks/41356_next_dist_compiled_react-dom_fff4b597._.js:6112:21)
    at beginWork (http://localhost:4455/_next/static/chunks/41356_next_dist_compiled_react-dom_fff4b597._.js:6708:24)
    at runWithFiberInDEV (http://localhost:4455/_next/static/chunks/41356_next_dist_compiled_react-dom_fff4b597._.js:965:74)
    at performUnitOfWork (http://localhost:4455/_next/static/chunks/41356_next_dist_compiled_react-dom_fff4b597._.js:9562:97)
    at workLoopSync (http://localhost:4455/_next/static/chunks/41356_next_dist_compiled_react-dom_fff4b597._.js:9456:40)
    at renderRootSync (http://localhost:4455/_next/static/chunks/41356_next_dist_compiled_react-dom_fff4b597._.js:9440:13)
    at performWorkOnRoot (http://localhost:4455/_next/static/chunks/41356_next_dist_compiled_react-dom_fff4b597._.js:9068:186)
    at performSyncWorkOnRoot (http://localhost:4455/_next/static/chunks/41356_next_dist_compiled_react-dom_fff4b597._.js:10238:9)
    at flushSyncWorkAcrossRoots_impl (http://localhost:4455/_next/static/chunks/41356_next_dist_compiled_react-dom_fff4b597._.js:10154:316)
    at processRootScheduleInMicrotask (http://localhost:4455/_next/static/chunks/41356_next_dist_compiled_react-dom_fff4b597._.js:10175:106)
    at http://localhost:4455/_next/static/chunks/41356_next_dist_compiled_react-dom_fff4b597._.js:10249:158
[38469594ms] Error: `getTranslations` is not supported in Client Components.
    at eval (http://localhost:4455/_next/static/chunks/41356_db1ab835._.js?id=%255Bproject%255D%252FDocuments%252FTest%252FAI%252FAI-Resume-Builder%252Ffrontend%252Fnode_modules%252Fnext-intl%252Fdist%252Fesm%252Fdevelopment%252Fserver%252Freact-client%252Findex.js+%255Bapp-client%255D+%2528ecmascript%2529:32:15)
    at Footer (http://localhost:4455/_next/static/chunks/Documents_Test_AI_AI-Resume-Builder_frontend_a56fb98e._.js?id=%255Bproject%255D%252FDocuments%252FTest%252FAI%252FAI-Resume-Builder%252Ffrontend%252Fcomponents%252FFooter.tsx+%255Bapp-client%255D+%2528ecmascript%2529:17:306)
    at Object.react_stack_bottom_frame (http://localhost:4455/_next/static/chunks/41356_next_dist_compiled_react-dom_fff4b597._.js:14826:24)
    at renderWithHooks (http://localhost:4455/_next/static/chunks/41356_next_dist_compiled_react-dom_fff4b597._.js:4651:24)
    at updateFunctionComponent (http://localhost:4455/_next/static/chunks/41356_next_dist_compiled_react-dom_fff4b597._.js:6112:21)
    at beginWork (http://localhost:4455/_next/static/chunks/41356_next_dist_compiled_react-dom_fff4b597._.js:6708:24)
    at runWithFiberInDEV (http://localhost:4455/_next/static/chunks/41356_next_dist_compiled_react-dom_fff4b597._.js:965:74)
    at performUnitOfWork (http://localhost:4455/_next/static/chunks/41356_next_dist_compiled_react-dom_fff4b597._.js:9562:97)
    at workLoopSync (http://localhost:4455/_next/static/chunks/41356_next_dist_compiled_react-dom_fff4b597._.js:9456:40)
    at renderRootSync (http://localhost:4455/_next/static/chunks/41356_next_dist_compiled_react-dom_fff4b597._.js:9440:13)
    at performWorkOnRoot (http://localhost:4455/_next/static/chunks/41356_next_dist_compiled_react-dom_fff4b597._.js:9068:186)
    at performSyncWorkOnRoot (http://localhost:4455/_next/static/chunks/41356_next_dist_compiled_react-dom_fff4b597._.js:10238:9)
    at flushSyncWorkAcrossRoots_impl (http://localhost:4455/_next/static/chunks/41356_next_dist_compiled_react-dom_fff4b597._.js:10154:316)
    at processRootScheduleInMicrotask (http://localhost:4455/_next/static/chunks/41356_next_dist_compiled_react-dom_fff4b597._.js:10175:106)
    at http://localhost:4455/_next/static/chunks/41356_next_dist_compiled_react-dom_fff4b597._.js:10249:158
[38469595ms] Error: `getTranslations` is not supported in Client Components.
    at eval (http://localhost:4455/_next/static/chunks/41356_db1ab835._.js?id=%255Bproject%255D%252FDocuments%252FTest%252FAI%252FAI-Resume-Builder%252Ffrontend%252Fnode_modules%252Fnext-intl%252Fdist%252Fesm%252Fdevelopment%252Fserver%252Freact-client%252Findex.js+%255Bapp-client%255D+%2528ecmascript%2529:32:15)
    at Footer (http://localhost:4455/_next/static/chunks/Documents_Test_AI_AI-Resume-Builder_frontend_a56fb98e._.js?id=%255Bproject%255D%252FDocuments%252FTest%252FAI%252FAI-Resume-Builder%252Ffrontend%252Fcomponents%252FFooter.tsx+%255Bapp-client%255D+%2528ecmascript%2529:17:306)
    at Object.react_stack_bottom_frame (http://localhost:4455/_next/static/chunks/41356_next_dist_compiled_react-dom_fff4b597._.js:14826:24)
    at renderWithHooks (http://localhost:4455/_next/static/chunks/41356_next_dist_compiled_react-dom_fff4b597._.js:4651:24)
    at updateFunctionComponent (http://localhost:4455/_next/static/chunks/41356_next_dist_compiled_react-dom_fff4b597._.js:6112:21)
    at beginWork (http://localhost:4455/_next/static/chunks/41356_next_dist_compiled_react-dom_fff4b597._.js:6708:24)
    at runWithFiberInDEV (http://localhost:4455/_next/static/chunks/41356_next_dist_compiled_react-dom_fff4b597._.js:965:74)
    at performUnitOfWork (http://localhost:4455/_next/static/chunks/41356_next_dist_compiled_react-dom_fff4b597._.js:9562:97)
    at workLoopSync (http://localhost:4455/_next/static/chunks/41356_next_dist_compiled_react-dom_fff4b597._.js:9456:40)
    at renderRootSync (http://localhost:4455/_next/static/chunks/41356_next_dist_compiled_react-dom_fff4b597._.js:9440:13)
    at performWorkOnRoot (http://localhost:4455/_next/static/chunks/41356_next_dist_compiled_react-dom_fff4b597._.js:9068:186)
    at performSyncWorkOnRoot (http://localhost:4455/_next/static/chunks/41356_next_dist_compiled_react-dom_fff4b597._.js:10238:9)
    at flushSyncWorkAcrossRoots_impl (http://localhost:4455/_next/static/chunks/41356_next_dist_compiled_react-dom_fff4b597._.js:10154:316)
    at processRootScheduleInMicrotask (http://localhost:4455/_next/static/chunks/41356_next_dist_compiled_react-dom_fff4b597._.js:10175:106)
    at http://localhost:4455/_next/static/chunks/41356_next_dist_compiled_react-dom_fff4b597._.js:10249:158
[38469595ms] Error: `getTranslations` is not supported in Client Components.
    at eval (http://localhost:4455/_next/static/chunks/41356_db1ab835._.js?id=%255Bproject%255D%252FDocuments%252FTest%252FAI%252FAI-Resume-Builder%252Ffrontend%252Fnode_modules%252Fnext-intl%252Fdist%252Fesm%252Fdevelopment%252Fserver%252Freact-client%252Findex.js+%255Bapp-client%255D+%2528ecmascript%2529:32:15)
    at Footer (http://localhost:4455/_next/static/chunks/Documents_Test_AI_AI-Resume-Builder_frontend_a56fb98e._.js?id=%255Bproject%255D%252FDocuments%252FTest%252FAI%252FAI-Resume-Builder%252Ffrontend%252Fcomponents%252FFooter.tsx+%255Bapp-client%255D+%2528ecmascript%2529:17:306)
    at Object.react_stack_bottom_frame (http://localhost:4455/_next/static/chunks/41356_next_dist_compiled_react-dom_fff4b597._.js:14826:24)
    at renderWithHooks (http://localhost:4455/_next/static/chunks/41356_next_dist_compiled_react-dom_fff4b597._.js:4651:24)
    at updateFunctionComponent (http://localhost:4455/_next/static/chunks/41356_next_dist_compiled_react-dom_fff4b597._.js:6112:21)
    at beginWork (http://localhost:4455/_next/static/chunks/41356_next_dist_compiled_react-dom_fff4b597._.js:6708:24)
    at runWithFiberInDEV (http://localhost:4455/_next/static/chunks/41356_next_dist_compiled_react-dom_fff4b597._.js:965:74)
    at performUnitOfWork (http://localhost:4455/_next/static/chunks/41356_next_dist_compiled_react-dom_fff4b597._.js:9562:97)
    at workLoopSync (http://localhost:4455/_next/static/chunks/41356_next_dist_compiled_react-dom_fff4b597._.js:9456:40)
    at renderRootSync (http://localhost:4455/_next/static/chunks/41356_next_dist_compiled_react-dom_fff4b597._.js:9440:13)
    at performWorkOnRoot (http://localhost:4455/_next/static/chunks/41356_next_dist_compiled_react-dom_fff4b597._.js:9068:186)
    at performSyncWorkOnRoot (http://localhost:4455/_next/static/chunks/41356_next_dist_compiled_react-dom_fff4b597._.js:10238:9)
    at flushSyncWorkAcrossRoots_impl (http://localhost:4455/_next/static/chunks/41356_next_dist_compiled_react-dom_fff4b597._.js:10154:316)
    at processRootScheduleInMicrotask (http://localhost:4455/_next/static/chunks/41356_next_dist_compiled_react-dom_fff4b597._.js:10175:106)
    at http://localhost:4455/_next/static/chunks/41356_next_dist_compiled_react-dom_fff4b597._.js:10249:158
[38469595ms] Error: `getTranslations` is not supported in Client Components.
    at eval (http://localhost:4455/_next/static/chunks/41356_db1ab835._.js?id=%255Bproject%255D%252FDocuments%252FTest%252FAI%252FAI-Resume-Builder%252Ffrontend%252Fnode_modules%252Fnext-intl%252Fdist%252Fesm%252Fdevelopment%252Fserver%252Freact-client%252Findex.js+%255Bapp-client%255D+%2528ecmascript%2529:32:15)
    at Footer (http://localhost:4455/_next/static/chunks/Documents_Test_AI_AI-Resume-Builder_frontend_a56fb98e._.js?id=%255Bproject%255D%252FDocuments%252FTest%252FAI%252FAI-Resume-Builder%252Ffrontend%252Fcomponents%252FFooter.tsx+%255Bapp-client%255D+%2528ecmascript%2529:17:306)
    at Object.react_stack_bottom_frame (http://localhost:4455/_next/static/chunks/41356_next_dist_compiled_react-dom_fff4b597._.js:14826:24)
    at renderWithHooks (http://localhost:4455/_next/static/chunks/41356_next_dist_compiled_react-dom_fff4b597._.js:4651:24)
    at updateFunctionComponent (http://localhost:4455/_next/static/chunks/41356_next_dist_compiled_react-dom_fff4b597._.js:6112:21)
    at beginWork (http://localhost:4455/_next/static/chunks/41356_next_dist_compiled_react-dom_fff4b597._.js:6708:24)
    at runWithFiberInDEV (http://localhost:4455/_next/static/chunks/41356_next_dist_compiled_react-dom_fff4b597._.js:965:74)
    at performUnitOfWork (http://localhost:4455/_next/static/chunks/41356_next_dist_compiled_react-dom_fff4b597._.js:9562:97)
    at workLoopSync (http://localhost:4455/_next/static/chunks/41356_next_dist_compiled_react-dom_fff4b597._.js:9456:40)
    at renderRootSync (http://localhost:4455/_next/static/chunks/41356_next_dist_compiled_react-dom_fff4b597._.js:9440:13)
    at performWorkOnRoot (http://localhost:4455/_next/static/chunks/41356_next_dist_compiled_react-dom_fff4b597._.js:9068:186)
    at performSyncWorkOnRoot (http://localhost:4455/_next/static/chunks/41356_next_dist_compiled_react-dom_fff4b597._.js:10238:9)
    at flushSyncWorkAcrossRoots_impl (http://localhost:4455/_next/static/chunks/41356_next_dist_compiled_react-dom_fff4b597._.js:10154:316)
    at processRootScheduleInMicrotask (http://localhost:4455/_next/static/chunks/41356_next_dist_compiled_react-dom_fff4b597._.js:10175:106)
    at http://localhost:4455/_next/static/chunks/41356_next_dist_compiled_react-dom_fff4b597._.js:10249:158
[38473219ms] Error: `getTranslations` is not supported in Client Components.
    at eval (http://localhost:4455/_next/static/chunks/41356_db1ab835._.js?id=%255Bproject%255D%252FDocuments%252FTest%252FAI%252FAI-Resume-Builder%252Ffrontend%252Fnode_modules%252Fnext-intl%252Fdist%252Fesm%252Fdevelopment%252Fserver%252Freact-client%252Findex.js+%255Bapp-client%255D+%2528ecmascript%2529:32:15)
    at Footer (http://localhost:4455/_next/static/chunks/Documents_Test_AI_AI-Resume-Builder_frontend_a56fb98e._.js?id=%255Bproject%255D%252FDocuments%252FTest%252FAI%252FAI-Resume-Builder%252Ffrontend%252Fcomponents%252FFooter.tsx+%255Bapp-client%255D+%2528ecmascript%2529:17:306)
    at Object.react_stack_bottom_frame (http://localhost:4455/_next/static/chunks/41356_next_dist_compiled_react-dom_fff4b597._.js:14826:24)
    at renderWithHooks (http://localhost:4455/_next/static/chunks/41356_next_dist_compiled_react-dom_fff4b597._.js:4651:24)
    at updateFunctionComponent (http://localhost:4455/_next/static/chunks/41356_next_dist_compiled_react-dom_fff4b597._.js:6112:21)
    at beginWork (http://localhost:4455/_next/static/chunks/41356_next_dist_compiled_react-dom_fff4b597._.js:6708:24)
    at runWithFiberInDEV (http://localhost:4455/_next/static/chunks/41356_next_dist_compiled_react-dom_fff4b597._.js:965:74)
    at performUnitOfWork (http://localhost:4455/_next/static/chunks/41356_next_dist_compiled_react-dom_fff4b597._.js:9562:97)
    at workLoopSync (http://localhost:4455/_next/static/chunks/41356_next_dist_compiled_react-dom_fff4b597._.js:9456:40)
    at renderRootSync (http://localhost:4455/_next/static/chunks/41356_next_dist_compiled_react-dom_fff4b597._.js:9440:13)
    at performWorkOnRoot (http://localhost:4455/_next/static/chunks/41356_next_dist_compiled_react-dom_fff4b597._.js:9068:186)
    at performSyncWorkOnRoot (http://localhost:4455/_next/static/chunks/41356_next_dist_compiled_react-dom_fff4b597._.js:10238:9)
    at flushSyncWorkAcrossRoots_impl (http://localhost:4455/_next/static/chunks/41356_next_dist_compiled_react-dom_fff4b597._.js:10154:316)
    at processRootScheduleInMicrotask (http://localhost:4455/_next/static/chunks/41356_next_dist_compiled_react-dom_fff4b597._.js:10175:106)
    at http://localhost:4455/_next/static/chunks/41356_next_dist_compiled_react-dom_fff4b597._.js:10249:158
[38473248ms] Error: `getTranslations` is not supported in Client Components.
    at eval (http://localhost:4455/_next/static/chunks/41356_db1ab835._.js?id=%255Bproject%255D%252FDocuments%252FTest%252FAI%252FAI-Resume-Builder%252Ffrontend%252Fnode_modules%252Fnext-intl%252Fdist%252Fesm%252Fdevelopment%252Fserver%252Freact-client%252Findex.js+%255Bapp-client%255D+%2528ecmascript%2529:32:15)
    at Footer (http://localhost:4455/_next/static/chunks/Documents_Test_AI_AI-Resume-Builder_frontend_a56fb98e._.js?id=%255Bproject%255D%252FDocuments%252FTest%252FAI%252FAI-Resume-Builder%252Ffrontend%252Fcomponents%252FFooter.tsx+%255Bapp-client%255D+%2528ecmascript%2529:17:306)
    at Object.react_stack_bottom_frame (http://localhost:4455/_next/static/chunks/41356_next_dist_compiled_react-dom_fff4b597._.js:14826:24)
    at renderWithHooks (http://localhost:4455/_next/static/chunks/41356_next_dist_compiled_react-dom_fff4b597._.js:4651:24)
    at updateFunctionComponent (http://localhost:4455/_next/static/chunks/41356_next_dist_compiled_react-dom_fff4b597._.js:6112:21)
    at beginWork (http://localhost:4455/_next/static/chunks/41356_next_dist_compiled_react-dom_fff4b597._.js:6708:24)
    at runWithFiberInDEV (http://localhost:4455/_next/static/chunks/41356_next_dist_compiled_react-dom_fff4b597._.js:965:74)
    at performUnitOfWork (http://localhost:4455/_next/static/chunks/41356_next_dist_compiled_react-dom_fff4b597._.js:9562:97)
    at workLoopSync (http://localhost:4455/_next/static/chunks/41356_next_dist_compiled_react-dom_fff4b597._.js:9456:40)
    at renderRootSync (http://localhost:4455/_next/static/chunks/41356_next_dist_compiled_react-dom_fff4b597._.js:9440:13)
    at performWorkOnRoot (http://localhost:4455/_next/static/chunks/41356_next_dist_compiled_react-dom_fff4b597._.js:9068:186)
    at performSyncWorkOnRoot (http://localhost:4455/_next/static/chunks/41356_next_dist_compiled_react-dom_fff4b597._.js:10238:9)
    at flushSyncWorkAcrossRoots_impl (http://localhost:4455/_next/static/chunks/41356_next_dist_compiled_react-dom_fff4b597._.js:10154:316)
    at processRootScheduleInMicrotask (http://localhost:4455/_next/static/chunks/41356_next_dist_compiled_react-dom_fff4b597._.js:10175:106)
    at http://localhost:4455/_next/static/chunks/41356_next_dist_compiled_react-dom_fff4b597._.js:10249:158
[38473275ms] Error: `getTranslations` is not supported in Client Components.
    at eval (http://localhost:4455/_next/static/chunks/41356_db1ab835._.js?id=%255Bproject%255D%252FDocuments%252FTest%252FAI%252FAI-Resume-Builder%252Ffrontend%252Fnode_modules%252Fnext-intl%252Fdist%252Fesm%252Fdevelopment%252Fserver%252Freact-client%252Findex.js+%255Bapp-client%255D+%2528ecmascript%2529:32:15)
    at Footer (http://localhost:4455/_next/static/chunks/Documents_Test_AI_AI-Resume-Builder_frontend_a56fb98e._.js?id=%255Bproject%255D%252FDocuments%252FTest%252FAI%252FAI-Resume-Builder%252Ffrontend%252Fcomponents%252FFooter.tsx+%255Bapp-client%255D+%2528ecmascript%2529:17:306)
    at Object.react_stack_bottom_frame (http://localhost:4455/_next/static/chunks/41356_next_dist_compiled_react-dom_fff4b597._.js:14826:24)
    at renderWithHooks (http://localhost:4455/_next/static/chunks/41356_next_dist_compiled_react-dom_fff4b597._.js:4651:24)
    at updateFunctionComponent (http://localhost:4455/_next/static/chunks/41356_next_dist_compiled_react-dom_fff4b597._.js:6112:21)
    at beginWork (http://localhost:4455/_next/static/chunks/41356_next_dist_compiled_react-dom_fff4b597._.js:6708:24)
    at runWithFiberInDEV (http://localhost:4455/_next/static/chunks/41356_next_dist_compiled_react-dom_fff4b597._.js:965:74)
    at performUnitOfWork (http://localhost:4455/_next/static/chunks/41356_next_dist_compiled_react-dom_fff4b597._.js:9562:97)
    at workLoopSync (http://localhost:4455/_next/static/chunks/41356_next_dist_compiled_react-dom_fff4b597._.js:9456:40)
    at renderRootSync (http://localhost:4455/_next/static/chunks/41356_next_dist_compiled_react-dom_fff4b597._.js:9440:13)
    at performWorkOnRoot (http://localhost:4455/_next/static/chunks/41356_next_dist_compiled_react-dom_fff4b597._.js:9068:186)
    at performSyncWorkOnRoot (http://localhost:4455/_next/static/chunks/41356_next_dist_compiled_react-dom_fff4b597._.js:10238:9)
    at flushSyncWorkAcrossRoots_impl (http://localhost:4455/_next/static/chunks/41356_next_dist_compiled_react-dom_fff4b597._.js:10154:316)
    at processRootScheduleInMicrotask (http://localhost:4455/_next/static/chunks/41356_next_dist_compiled_react-dom_fff4b597._.js:10175:106)
    at http://localhost:4455/_next/static/chunks/41356_next_dist_compiled_react-dom_fff4b597._.js:10249:158
[38473298ms] Error: `getTranslations` is not supported in Client Components.
    at eval (http://localhost:4455/_next/static/chunks/41356_db1ab835._.js?id=%255Bproject%255D%252FDocuments%252FTest%252FAI%252FAI-Resume-Builder%252Ffrontend%252Fnode_modules%252Fnext-intl%252Fdist%252Fesm%252Fdevelopment%252Fserver%252Freact-client%252Findex.js+%255Bapp-client%255D+%2528ecmascript%2529:32:15)
    at Footer (http://localhost:4455/_next/static/chunks/Documents_Test_AI_AI-Resume-Builder_frontend_a56fb98e._.js?id=%255Bproject%255D%252FDocuments%252FTest%252FAI%252FAI-Resume-Builder%252Ffrontend%252Fcomponents%252FFooter.tsx+%255Bapp-client%255D+%2528ecmascript%2529:17:306)
    at Object.react_stack_bottom_frame (http://localhost:4455/_next/static/chunks/41356_next_dist_compiled_react-dom_fff4b597._.js:14826:24)
    at renderWithHooks (http://localhost:4455/_next/static/chunks/41356_next_dist_compiled_react-dom_fff4b597._.js:4651:24)
    at updateFunctionComponent (http://localhost:4455/_next/static/chunks/41356_next_dist_compiled_react-dom_fff4b597._.js:6112:21)
    at beginWork (http://localhost:4455/_next/static/chunks/41356_next_dist_compiled_react-dom_fff4b597._.js:6708:24)
    at runWithFiberInDEV (http://localhost:4455/_next/static/chunks/41356_next_dist_compiled_react-dom_fff4b597._.js:965:74)
    at performUnitOfWork (http://localhost:4455/_next/static/chunks/41356_next_dist_compiled_react-dom_fff4b597._.js:9562:97)
    at workLoopSync (http://localhost:4455/_next/static/chunks/41356_next_dist_compiled_react-dom_fff4b597._.js:9456:40)
    at renderRootSync (http://localhost:4455/_next/static/chunks/41356_next_dist_compiled_react-dom_fff4b597._.js:9440:13)
    at performWorkOnRoot (http://localhost:4455/_next/static/chunks/41356_next_dist_compiled_react-dom_fff4b597._.js:9068:186)
    at performSyncWorkOnRoot (http://localhost:4455/_next/static/chunks/41356_next_dist_compiled_react-dom_fff4b597._.js:10238:9)
    at flushSyncWorkAcrossRoots_impl (http://localhost:4455/_next/static/chunks/41356_next_dist_compiled_react-dom_fff4b597._.js:10154:316)
    at processRootScheduleInMicrotask (http://localhost:4455/_next/static/chunks/41356_next_dist_compiled_react-dom_fff4b597._.js:10175:106)
    at http://localhost:4455/_next/static/chunks/41356_next_dist_compiled_react-dom_fff4b597._.js:10249:158
[38473335ms] Error: `getTranslations` is not supported in Client Components.
    at eval (http://localhost:4455/_next/static/chunks/41356_db1ab835._.js?id=%255Bproject%255D%252FDocuments%252FTest%252FAI%252FAI-Resume-Builder%252Ffrontend%252Fnode_modules%252Fnext-intl%252Fdist%252Fesm%252Fdevelopment%252Fserver%252Freact-client%252Findex.js+%255Bapp-client%255D+%2528ecmascript%2529:32:15)
    at Footer (http://localhost:4455/_next/static/chunks/Documents_Test_AI_AI-Resume-Builder_frontend_a56fb98e._.js?id=%255Bproject%255D%252FDocuments%252FTest%252FAI%252FAI-Resume-Builder%252Ffrontend%252Fcomponents%252FFooter.tsx+%255Bapp-client%255D+%2528ecmascript%2529:17:306)
    at Object.react_stack_bottom_frame (http://localhost:4455/_next/static/chunks/41356_next_dist_compiled_react-dom_fff4b597._.js:14826:24)
    at renderWithHooks (http://localhost:4455/_next/static/chunks/41356_next_dist_compiled_react-dom_fff4b597._.js:4651:24)
    at updateFunctionComponent (http://localhost:4455/_next/static/chunks/41356_next_dist_compiled_react-dom_fff4b597._.js:6112:21)
    at beginWork (http://localhost:4455/_next/static/chunks/41356_next_dist_compiled_react-dom_fff4b597._.js:6708:24)
    at runWithFiberInDEV (http://localhost:4455/_next/static/chunks/41356_next_dist_compiled_react-dom_fff4b597._.js:965:74)
    at performUnitOfWork (http://localhost:4455/_next/static/chunks/41356_next_dist_compiled_react-dom_fff4b597._.js:9562:97)
    at workLoopSync (http://localhost:4455/_next/static/chunks/41356_next_dist_compiled_react-dom_fff4b597._.js:9456:40)
    at renderRootSync (http://localhost:4455/_next/static/chunks/41356_next_dist_compiled_react-dom_fff4b597._.js:9440:13)
    at performWorkOnRoot (http://localhost:4455/_next/static/chunks/41356_next_dist_compiled_react-dom_fff4b597._.js:9068:186)
    at performSyncWorkOnRoot (http://localhost:4455/_next/static/chunks/41356_next_dist_compiled_react-dom_fff4b597._.js:10238:9)
    at flushSyncWorkAcrossRoots_impl (http://localhost:4455/_next/static/chunks/41356_next_dist_compiled_react-dom_fff4b597._.js:10154:316)
    at processRootScheduleInMicrotask (http://localhost:4455/_next/static/chunks/41356_next_dist_compiled_react-dom_fff4b597._.js:10175:106)
    at http://localhost:4455/_next/static/chunks/41356_next_dist_compiled_react-dom_fff4b597._.js:10249:158
[38473375ms] Error: `getTranslations` is not supported in Client Components.
    at eval (http://localhost:4455/_next/static/chunks/41356_db1ab835._.js?id=%255Bproject%255D%252FDocuments%252FTest%252FAI%252FAI-Resume-Builder%252Ffrontend%252Fnode_modules%252Fnext-intl%252Fdist%252Fesm%252Fdevelopment%252Fserver%252Freact-client%252Findex.js+%255Bapp-client%255D+%2528ecmascript%2529:32:15)
    at Footer (http://localhost:4455/_next/static/chunks/Documents_Test_AI_AI-Resume-Builder_frontend_a56fb98e._.js?id=%255Bproject%255D%252FDocuments%252FTest%252FAI%252FAI-Resume-Builder%252Ffrontend%252Fcomponents%252FFooter.tsx+%255Bapp-client%255D+%2528ecmascript%2529:17:306)
    at Object.react_stack_bottom_frame (http://localhost:4455/_next/static/chunks/41356_next_dist_compiled_react-dom_fff4b597._.js:14826:24)
    at renderWithHooks (http://localhost:4455/_next/static/chunks/41356_next_dist_compiled_react-dom_fff4b597._.js:4651:24)
    at updateFunctionComponent (http://localhost:4455/_next/static/chunks/41356_next_dist_compiled_react-dom_fff4b597._.js:6112:21)
    at beginWork (http://localhost:4455/_next/static/chunks/41356_next_dist_compiled_react-dom_fff4b597._.js:6708:24)
    at runWithFiberInDEV (http://localhost:4455/_next/static/chunks/41356_next_dist_compiled_react-dom_fff4b597._.js:965:74)
    at performUnitOfWork (http://localhost:4455/_next/static/chunks/41356_next_dist_compiled_react-dom_fff4b597._.js:9562:97)
    at workLoopSync (http://localhost:4455/_next/static/chunks/41356_next_dist_compiled_react-dom_fff4b597._.js:9456:40)
    at renderRootSync (http://localhost:4455/_next/static/chunks/41356_next_dist_compiled_react-dom_fff4b597._.js:9440:13)
    at performWorkOnRoot (http://localhost:4455/_next/static/chunks/41356_next_dist_compiled_react-dom_fff4b597._.js:9068:186)
    at performSyncWorkOnRoot (http://localhost:4455/_next/static/chunks/41356_next_dist_compiled_react-dom_fff4b597._.js:10238:9)
    at flushSyncWorkAcrossRoots_impl (http://localhost:4455/_next/static/chunks/41356_next_dist_compiled_react-dom_fff4b597._.js:10154:316)
    at processRootScheduleInMicrotask (http://localhost:4455/_next/static/chunks/41356_next_dist_compiled_react-dom_fff4b597._.js:10175:106)
    at http://localhost:4455/_next/static/chunks/41356_next_dist_compiled_react-dom_fff4b597._.js:10249:158
[38473399ms] Error: `getTranslations` is not supported in Client Components.
    at eval (http://localhost:4455/_next/static/chunks/41356_db1ab835._.js?id=%255Bproject%255D%252FDocuments%252FTest%252FAI%252FAI-Resume-Builder%252Ffrontend%252Fnode_modules%252Fnext-intl%252Fdist%252Fesm%252Fdevelopment%252Fserver%252Freact-client%252Findex.js+%255Bapp-client%255D+%2528ecmascript%2529:32:15)
    at Footer (http://localhost:4455/_next/static/chunks/Documents_Test_AI_AI-Resume-Builder_frontend_a56fb98e._.js?id=%255Bproject%255D%252FDocuments%252FTest%252FAI%252FAI-Resume-Builder%252Ffrontend%252Fcomponents%252FFooter.tsx+%255Bapp-client%255D+%2528ecmascript%2529:17:306)
    at Object.react_stack_bottom_frame (http://localhost:4455/_next/static/chunks/41356_next_dist_compiled_react-dom_fff4b597._.js:14826:24)
    at renderWithHooks (http://localhost:4455/_next/static/chunks/41356_next_dist_compiled_react-dom_fff4b597._.js:4651:24)
    at updateFunctionComponent (http://localhost:4455/_next/static/chunks/41356_next_dist_compiled_react-dom_fff4b597._.js:6112:21)
    at beginWork (http://localhost:4455/_next/static/chunks/41356_next_dist_compiled_react-dom_fff4b597._.js:6708:24)
    at runWithFiberInDEV (http://localhost:4455/_next/static/chunks/41356_next_dist_compiled_react-dom_fff4b597._.js:965:74)
    at performUnitOfWork (http://localhost:4455/_next/static/chunks/41356_next_dist_compiled_react-dom_fff4b597._.js:9562:97)
    at workLoopSync (http://localhost:4455/_next/static/chunks/41356_next_dist_compiled_react-dom_fff4b597._.js:9456:40)
    at renderRootSync (http://localhost:4455/_next/static/chunks/41356_next_dist_compiled_react-dom_fff4b597._.js:9440:13)
    at performWorkOnRoot (http://localhost:4455/_next/static/chunks/41356_next_dist_compiled_react-dom_fff4b597._.js:9068:186)
    at performSyncWorkOnRoot (http://localhost:4455/_next/static/chunks/41356_next_dist_compiled_react-dom_fff4b597._.js:10238:9)
    at flushSyncWorkAcrossRoots_impl (http://localhost:4455/_next/static/chunks/41356_next_dist_compiled_react-dom_fff4b597._.js:10154:316)
    at processRootScheduleInMicrotask (http://localhost:4455/_next/static/chunks/41356_next_dist_compiled_react-dom_fff4b597._.js:10175:106)
    at http://localhost:4455/_next/static/chunks/41356_next_dist_compiled_react-dom_fff4b597._.js:10249:158
[38473428ms] Error: `getTranslations` is not supported in Client Components.
    at eval (http://localhost:4455/_next/static/chunks/41356_db1ab835._.js?id=%255Bproject%255D%252FDocuments%252FTest%252FAI%252FAI-Resume-Builder%252Ffrontend%252Fnode_modules%252Fnext-intl%252Fdist%252Fesm%252Fdevelopment%252Fserver%252Freact-client%252Findex.js+%255Bapp-client%255D+%2528ecmascript%2529:32:15)
    at Footer (http://localhost:4455/_next/static/chunks/Documents_Test_AI_AI-Resume-Builder_frontend_a56fb98e._.js?id=%255Bproject%255D%252FDocuments%252FTest%252FAI%252FAI-Resume-Builder%252Ffrontend%252Fcomponents%252FFooter.tsx+%255Bapp-client%255D+%2528ecmascript%2529:17:306)
    at Object.react_stack_bottom_frame (http://localhost:4455/_next/static/chunks/41356_next_dist_compiled_react-dom_fff4b597._.js:14826:24)
    at renderWithHooks (http://localhost:4455/_next/static/chunks/41356_next_dist_compiled_react-dom_fff4b597._.js:4651:24)
    at updateFunctionComponent (http://localhost:4455/_next/static/chunks/41356_next_dist_compiled_react-dom_fff4b597._.js:6112:21)
    at beginWork (http://localhost:4455/_next/static/chunks/41356_next_dist_compiled_react-dom_fff4b597._.js:6708:24)
    at runWithFiberInDEV (http://localhost:4455/_next/static/chunks/41356_next_dist_compiled_react-dom_fff4b597._.js:965:74)
    at performUnitOfWork (http://localhost:4455/_next/static/chunks/41356_next_dist_compiled_react-dom_fff4b597._.js:9562:97)
    at workLoopSync (http://localhost:4455/_next/static/chunks/41356_next_dist_compiled_react-dom_fff4b597._.js:9456:40)
    at renderRootSync (http://localhost:4455/_next/static/chunks/41356_next_dist_compiled_react-dom_fff4b597._.js:9440:13)
    at performWorkOnRoot (http://localhost:4455/_next/static/chunks/41356_next_dist_compiled_react-dom_fff4b597._.js:9068:186)
    at performSyncWorkOnRoot (http://localhost:4455/_next/static/chunks/41356_next_dist_compiled_react-dom_fff4b597._.js:10238:9)
    at flushSyncWorkAcrossRoots_impl (http://localhost:4455/_next/static/chunks/41356_next_dist_compiled_react-dom_fff4b597._.js:10154:316)
    at processRootScheduleInMicrotask (http://localhost:4455/_next/static/chunks/41356_next_dist_compiled_react-dom_fff4b597._.js:10175:106)
    at http://localhost:4455/_next/static/chunks/41356_next_dist_compiled_react-dom_fff4b597._.js:10249:158
[38473454ms] Error: `getTranslations` is not supported in Client Components.
    at eval (http://localhost:4455/_next/static/chunks/41356_db1ab835._.js?id=%255Bproject%255D%252FDocuments%252FTest%252FAI%252FAI-Resume-Builder%252Ffrontend%252Fnode_modules%252Fnext-intl%252Fdist%252Fesm%252Fdevelopment%252Fserver%252Freact-client%252Findex.js+%255Bapp-client%255D+%2528ecmascript%2529:32:15)
    at Footer (http://localhost:4455/_next/static/chunks/Documents_Test_AI_AI-Resume-Builder_frontend_a56fb98e._.js?id=%255Bproject%255D%252FDocuments%252FTest%252FAI%252FAI-Resume-Builder%252Ffrontend%252Fcomponents%252FFooter.tsx+%255Bapp-client%255D+%2528ecmascript%2529:17:306)
    at Object.react_stack_bottom_frame (http://localhost:4455/_next/static/chunks/41356_next_dist_compiled_react-dom_fff4b597._.js:14826:24)
    at renderWithHooks (http://localhost:4455/_next/static/chunks/41356_next_dist_compiled_react-dom_fff4b597._.js:4651:24)
    at updateFunctionComponent (http://localhost:4455/_next/static/chunks/41356_next_dist_compiled_react-dom_fff4b597._.js:6112:21)
    at beginWork (http://localhost:4455/_next/static/chunks/41356_next_dist_compiled_react-dom_fff4b597._.js:6708:24)
    at runWithFiberInDEV (http://localhost:4455/_next/static/chunks/41356_next_dist_compiled_react-dom_fff4b597._.js:965:74)
    at performUnitOfWork (http://localhost:4455/_next/static/chunks/41356_next_dist_compiled_react-dom_fff4b597._.js:9562:97)
    at workLoopSync (http://localhost:4455/_next/static/chunks/41356_next_dist_compiled_react-dom_fff4b597._.js:9456:40)
    at renderRootSync (http://localhost:4455/_next/static/chunks/41356_next_dist_compiled_react-dom_fff4b597._.js:9440:13)
    at performWorkOnRoot (http://localhost:4455/_next/static/chunks/41356_next_dist_compiled_react-dom_fff4b597._.js:9068:186)
    at performSyncWorkOnRoot (http://localhost:4455/_next/static/chunks/41356_next_dist_compiled_react-dom_fff4b597._.js:10238:9)
    at flushSyncWorkAcrossRoots_impl (http://localhost:4455/_next/static/chunks/41356_next_dist_compiled_react-dom_fff4b597._.js:10154:316)
    at processRootScheduleInMicrotask (http://localhost:4455/_next/static/chunks/41356_next_dist_compiled_react-dom_fff4b597._.js:10175:106)
    at http://localhost:4455/_next/static/chunks/41356_next_dist_compiled_react-dom_fff4b597._.js:10249:158
[38473476ms] Error: `getTranslations` is not supported in Client Components.
    at eval (http://localhost:4455/_next/static/chunks/41356_db1ab835._.js?id=%255Bproject%255D%252FDocuments%252FTest%252FAI%252FAI-Resume-Builder%252Ffrontend%252Fnode_modules%252Fnext-intl%252Fdist%252Fesm%252Fdevelopment%252Fserver%252Freact-client%252Findex.js+%255Bapp-client%255D+%2528ecmascript%2529:32:15)
    at Footer (http://localhost:4455/_next/static/chunks/Documents_Test_AI_AI-Resume-Builder_frontend_a56fb98e._.js?id=%255Bproject%255D%252FDocuments%252FTest%252FAI%252FAI-Resume-Builder%252Ffrontend%252Fcomponents%252FFooter.tsx+%255Bapp-client%255D+%2528ecmascript%2529:17:306)
    at Object.react_stack_bottom_frame (http://localhost:4455/_next/static/chunks/41356_next_dist_compiled_react-dom_fff4b597._.js:14826:24)
    at renderWithHooks (http://localhost:4455/_next/static/chunks/41356_next_dist_compiled_react-dom_fff4b597._.js:4651:24)
    at updateFunctionComponent (http://localhost:4455/_next/static/chunks/41356_next_dist_compiled_react-dom_fff4b597._.js:6112:21)
    at beginWork (http://localhost:4455/_next/static/chunks/41356_next_dist_compiled_react-dom_fff4b597._.js:6708:24)
    at runWithFiberInDEV (http://localhost:4455/_next/static/chunks/41356_next_dist_compiled_react-dom_fff4b597._.js:965:74)
    at performUnitOfWork (http://localhost:4455/_next/static/chunks/41356_next_dist_compiled_react-dom_fff4b597._.js:9562:97)
    at workLoopSync (http://localhost:4455/_next/static/chunks/41356_next_dist_compiled_react-dom_fff4b597._.js:9456:40)
    at renderRootSync (http://localhost:4455/_next/static/chunks/41356_next_dist_compiled_react-dom_fff4b597._.js:9440:13)
    at performWorkOnRoot (http://localhost:4455/_next/static/chunks/41356_next_dist_compiled_react-dom_fff4b597._.js:9068:186)
    at performSyncWorkOnRoot (http://localhost:4455/_next/static/chunks/41356_next_dist_compiled_react-dom_fff4b597._.js:10238:9)
    at flushSyncWorkAcrossRoots_impl (http://localhost:4455/_next/static/chunks/41356_next_dist_compiled_react-dom_fff4b597._.js:10154:316)
    at processRootScheduleInMicrotask (http://localhost:4455/_next/static/chunks/41356_next_dist_compiled_react-dom_fff4b597._.js:10175:106)
    at http://localhost:4455/_next/static/chunks/41356_next_dist_compiled_react-dom_fff4b597._.js:10249:158
[38473500ms] Error: `getTranslations` is not supported in Client Components.
    at eval (http://localhost:4455/_next/static/chunks/41356_db1ab835._.js?id=%255Bproject%255D%252FDocuments%252FTest%252FAI%252FAI-Resume-Builder%252Ffrontend%252Fnode_modules%252Fnext-intl%252Fdist%252Fesm%252Fdevelopment%252Fserver%252Freact-client%252Findex.js+%255Bapp-client%255D+%2528ecmascript%2529:32:15)
    at Footer (http://localhost:4455/_next/static/chunks/Documents_Test_AI_AI-Resume-Builder_frontend_a56fb98e._.js?id=%255Bproject%255D%252FDocuments%252FTest%252FAI%252FAI-Resume-Builder%252Ffrontend%252Fcomponents%252FFooter.tsx+%255Bapp-client%255D+%2528ecmascript%2529:17:306)
    at Object.react_stack_bottom_frame (http://localhost:4455/_next/static/chunks/41356_next_dist_compiled_react-dom_fff4b597._.js:14826:24)
    at renderWithHooks (http://localhost:4455/_next/static/chunks/41356_next_dist_compiled_react-dom_fff4b597._.js:4651:24)
    at updateFunctionComponent (http://localhost:4455/_next/static/chunks/41356_next_dist_compiled_react-dom_fff4b597._.js:6112:21)
    at beginWork (http://localhost:4455/_next/static/chunks/41356_next_dist_compiled_react-dom_fff4b597._.js:6708:24)
    at runWithFiberInDEV (http://localhost:4455/_next/static/chunks/41356_next_dist_compiled_react-dom_fff4b597._.js:965:74)
    at performUnitOfWork (http://localhost:4455/_next/static/chunks/41356_next_dist_compiled_react-dom_fff4b597._.js:9562:97)
    at workLoopSync (http://localhost:4455/_next/static/chunks/41356_next_dist_compiled_react-dom_fff4b597._.js:9456:40)
    at renderRootSync (http://localhost:4455/_next/static/chunks/41356_next_dist_compiled_react-dom_fff4b597._.js:9440:13)
    at performWorkOnRoot (http://localhost:4455/_next/static/chunks/41356_next_dist_compiled_react-dom_fff4b597._.js:9068:186)
    at performSyncWorkOnRoot (http://localhost:4455/_next/static/chunks/41356_next_dist_compiled_react-dom_fff4b597._.js:10238:9)
    at flushSyncWorkAcrossRoots_impl (http://localhost:4455/_next/static/chunks/41356_next_dist_compiled_react-dom_fff4b597._.js:10154:316)
    at processRootScheduleInMicrotask (http://localhost:4455/_next/static/chunks/41356_next_dist_compiled_react-dom_fff4b597._.js:10175:106)
    at http://localhost:4455/_next/static/chunks/41356_next_dist_compiled_react-dom_fff4b597._.js:10249:158
[38473519ms] Error: `getTranslations` is not supported in Client Components.
    at eval (http://localhost:4455/_next/static/chunks/41356_db1ab835._.js?id=%255Bproject%255D%252FDocuments%252FTest%252FAI%252FAI-Resume-Builder%252Ffrontend%252Fnode_modules%252Fnext-intl%252Fdist%252Fesm%252Fdevelopment%252Fserver%252Freact-client%252Findex.js+%255Bapp-client%255D+%2528ecmascript%2529:32:15)
    at Footer (http://localhost:4455/_next/static/chunks/Documents_Test_AI_AI-Resume-Builder_frontend_a56fb98e._.js?id=%255Bproject%255D%252FDocuments%252FTest%252FAI%252FAI-Resume-Builder%252Ffrontend%252Fcomponents%252FFooter.tsx+%255Bapp-client%255D+%2528ecmascript%2529:17:306)
    at Object.react_stack_bottom_frame (http://localhost:4455/_next/static/chunks/41356_next_dist_compiled_react-dom_fff4b597._.js:14826:24)
    at renderWithHooks (http://localhost:4455/_next/static/chunks/41356_next_dist_compiled_react-dom_fff4b597._.js:4651:24)
    at updateFunctionComponent (http://localhost:4455/_next/static/chunks/41356_next_dist_compiled_react-dom_fff4b597._.js:6112:21)
    at beginWork (http://localhost:4455/_next/static/chunks/41356_next_dist_compiled_react-dom_fff4b597._.js:6708:24)
    at runWithFiberInDEV (http://localhost:4455/_next/static/chunks/41356_next_dist_compiled_react-dom_fff4b597._.js:965:74)
    at performUnitOfWork (http://localhost:4455/_next/static/chunks/41356_next_dist_compiled_react-dom_fff4b597._.js:9562:97)
    at workLoopSync (http://localhost:4455/_next/static/chunks/41356_next_dist_compiled_react-dom_fff4b597._.js:9456:40)
    at renderRootSync (http://localhost:4455/_next/static/chunks/41356_next_dist_compiled_react-dom_fff4b597._.js:9440:13)
    at performWorkOnRoot (http://localhost:4455/_next/static/chunks/41356_next_dist_compiled_react-dom_fff4b597._.js:9068:186)
    at performSyncWorkOnRoot (http://localhost:4455/_next/static/chunks/41356_next_dist_compiled_react-dom_fff4b597._.js:10238:9)
    at flushSyncWorkAcrossRoots_impl (http://localhost:4455/_next/static/chunks/41356_next_dist_compiled_react-dom_fff4b597._.js:10154:316)
    at processRootScheduleInMicrotask (http://localhost:4455/_next/static/chunks/41356_next_dist_compiled_react-dom_fff4b597._.js:10175:106)
    at http://localhost:4455/_next/static/chunks/41356_next_dist_compiled_react-dom_fff4b597._.js:10249:158
[38473542ms] Error: `getTranslations` is not supported in Client Components.
    at eval (http://localhost:4455/_next/static/chunks/41356_db1ab835._.js?id=%255Bproject%255D%252FDocuments%252FTest%252FAI%252FAI-Resume-Builder%252Ffrontend%252Fnode_modules%252Fnext-intl%252Fdist%252Fesm%252Fdevelopment%252Fserver%252Freact-client%252Findex.js+%255Bapp-client%255D+%2528ecmascript%2529:32:15)
    at Footer (http://localhost:4455/_next/static/chunks/Documents_Test_AI_AI-Resume-Builder_frontend_a56fb98e._.js?id=%255Bproject%255D%252FDocuments%252FTest%252FAI%252FAI-Resume-Builder%252Ffrontend%252Fcomponents%252FFooter.tsx+%255Bapp-client%255D+%2528ecmascript%2529:17:306)
    at Object.react_stack_bottom_frame (http://localhost:4455/_next/static/chunks/41356_next_dist_compiled_react-dom_fff4b597._.js:14826:24)
    at renderWithHooks (http://localhost:4455/_next/static/chunks/41356_next_dist_compiled_react-dom_fff4b597._.js:4651:24)
    at updateFunctionComponent (http://localhost:4455/_next/static/chunks/41356_next_dist_compiled_react-dom_fff4b597._.js:6112:21)
    at beginWork (http://localhost:4455/_next/static/chunks/41356_next_dist_compiled_react-dom_fff4b597._.js:6708:24)
    at runWithFiberInDEV (http://localhost:4455/_next/static/chunks/41356_next_dist_compiled_react-dom_fff4b597._.js:965:74)
    at performUnitOfWork (http://localhost:4455/_next/static/chunks/41356_next_dist_compiled_react-dom_fff4b597._.js:9562:97)
    at workLoopSync (http://localhost:4455/_next/static/chunks/41356_next_dist_compiled_react-dom_fff4b597._.js:9456:40)
    at renderRootSync (http://localhost:4455/_next/static/chunks/41356_next_dist_compiled_react-dom_fff4b597._.js:9440:13)
    at performWorkOnRoot (http://localhost:4455/_next/static/chunks/41356_next_dist_compiled_react-dom_fff4b597._.js:9068:186)
    at performSyncWorkOnRoot (http://localhost:4455/_next/static/chunks/41356_next_dist_compiled_react-dom_fff4b597._.js:10238:9)
    at flushSyncWorkAcrossRoots_impl (http://localhost:4455/_next/static/chunks/41356_next_dist_compiled_react-dom_fff4b597._.js:10154:316)
    at processRootScheduleInMicrotask (http://localhost:4455/_next/static/chunks/41356_next_dist_compiled_react-dom_fff4b597._.js:10175:106)
    at http://localhost:4455/_next/static/chunks/41356_next_dist_compiled_react-dom_fff4b597._.js:10249:158
[38473564ms] Error: `getTranslations` is not supported in Client Components.
    at eval (http://localhost:4455/_next/static/chunks/41356_db1ab835._.js?id=%255Bproject%255D%252FDocuments%252FTest%252FAI%252FAI-Resume-Builder%252Ffrontend%252Fnode_modules%252Fnext-intl%252Fdist%252Fesm%252Fdevelopment%252Fserver%252Freact-client%252Findex.js+%255Bapp-client%255D+%2528ecmascript%2529:32:15)
    at Footer (http://localhost:4455/_next/static/chunks/Documents_Test_AI_AI-Resume-Builder_frontend_a56fb98e._.js?id=%255Bproject%255D%252FDocuments%252FTest%252FAI%252FAI-Resume-Builder%252Ffrontend%252Fcomponents%252FFooter.tsx+%255Bapp-client%255D+%2528ecmascript%2529:17:306)
    at Object.react_stack_bottom_frame (http://localhost:4455/_next/static/chunks/41356_next_dist_compiled_react-dom_fff4b597._.js:14826:24)
    at renderWithHooks (http://localhost:4455/_next/static/chunks/41356_next_dist_compiled_react-dom_fff4b597._.js:4651:24)
    at updateFunctionComponent (http://localhost:4455/_next/static/chunks/41356_next_dist_compiled_react-dom_fff4b597._.js:6112:21)
    at beginWork (http://localhost:4455/_next/static/chunks/41356_next_dist_compiled_react-dom_fff4b597._.js:6708:24)
    at runWithFiberInDEV (http://localhost:4455/_next/static/chunks/41356_next_dist_compiled_react-dom_fff4b597._.js:965:74)
    at performUnitOfWork (http://localhost:4455/_next/static/chunks/41356_next_dist_compiled_react-dom_fff4b597._.js:9562:97)
    at workLoopSync (http://localhost:4455/_next/static/chunks/41356_next_dist_compiled_react-dom_fff4b597._.js:9456:40)
    at renderRootSync (http://localhost:4455/_next/static/chunks/41356_next_dist_compiled_react-dom_fff4b597._.js:9440:13)
    at performWorkOnRoot (http://localhost:4455/_next/static/chunks/41356_next_dist_compiled_react-dom_fff4b597._.js:9068:186)
    at performSyncWorkOnRoot (http://localhost:4455/_next/static/chunks/41356_next_dist_compiled_react-dom_fff4b597._.js:10238:9)
    at flushSyncWorkAcrossRoots_impl (http://localhost:4455/_next/static/chunks/41356_next_dist_compiled_react-dom_fff4b597._.js:10154:316)
    at processRootScheduleInMicrotask (http://localhost:4455/_next/static/chunks/41356_next_dist_compiled_react-dom_fff4b597._.js:10175:106)
    at http://localhost:4455/_next/static/chunks/41356_next_dist_compiled_react-dom_fff4b597._.js:10249:158
[38473588ms] Error: `getTranslations` is not supported in Client Components.
    at eval (http://localhost:4455/_next/static/chunks/41356_db1ab835._.js?id=%255Bproject%255D%252FDocuments%252FTest%252FAI%252FAI-Resume-Builder%252Ffrontend%252Fnode_modules%252Fnext-intl%252Fdist%252Fesm%252Fdevelopment%252Fserver%252Freact-client%252Findex.js+%255Bapp-client%255D+%2528ecmascript%2529:32:15)
    at Footer (http://localhost:4455/_next/static/chunks/Documents_Test_AI_AI-Resume-Builder_frontend_a56fb98e._.js?id=%255Bproject%255D%252FDocuments%252FTest%252FAI%252FAI-Resume-Builder%252Ffrontend%252Fcomponents%252FFooter.tsx+%255Bapp-client%255D+%2528ecmascript%2529:17:306)
    at Object.react_stack_bottom_frame (http://localhost:4455/_next/static/chunks/41356_next_dist_compiled_react-dom_fff4b597._.js:14826:24)
    at renderWithHooks (http://localhost:4455/_next/static/chunks/41356_next_dist_compiled_react-dom_fff4b597._.js:4651:24)
    at updateFunctionComponent (http://localhost:4455/_next/static/chunks/41356_next_dist_compiled_react-dom_fff4b597._.js:6112:21)
    at beginWork (http://localhost:4455/_next/static/chunks/41356_next_dist_compiled_react-dom_fff4b597._.js:6708:24)
    at runWithFiberInDEV (http://localhost:4455/_next/static/chunks/41356_next_dist_compiled_react-dom_fff4b597._.js:965:74)
    at performUnitOfWork (http://localhost:4455/_next/static/chunks/41356_next_dist_compiled_react-dom_fff4b597._.js:9562:97)
    at workLoopSync (http://localhost:4455/_next/static/chunks/41356_next_dist_compiled_react-dom_fff4b597._.js:9456:40)
    at renderRootSync (http://localhost:4455/_next/static/chunks/41356_next_dist_compiled_react-dom_fff4b597._.js:9440:13)
    at performWorkOnRoot (http://localhost:4455/_next/static/chunks/41356_next_dist_compiled_react-dom_fff4b597._.js:9068:186)
    at performSyncWorkOnRoot (http://localhost:4455/_next/static/chunks/41356_next_dist_compiled_react-dom_fff4b597._.js:10238:9)
    at flushSyncWorkAcrossRoots_impl (http://localhost:4455/_next/static/chunks/41356_next_dist_compiled_react-dom_fff4b597._.js:10154:316)
    at processRootScheduleInMicrotask (http://localhost:4455/_next/static/chunks/41356_next_dist_compiled_react-dom_fff4b597._.js:10175:106)
    at http://localhost:4455/_next/static/chunks/41356_next_dist_compiled_react-dom_fff4b597._.js:10249:158
[38473605ms] Error: `getTranslations` is not supported in Client Components.
    at eval (http://localhost:4455/_next/static/chunks/41356_db1ab835._.js?id=%255Bproject%255D%252FDocuments%252FTest%252FAI%252FAI-Resume-Builder%252Ffrontend%252Fnode_modules%252Fnext-intl%252Fdist%252Fesm%252Fdevelopment%252Fserver%252Freact-client%252Findex.js+%255Bapp-client%255D+%2528ecmascript%2529:32:15)
    at Footer (http://localhost:4455/_next/static/chunks/Documents_Test_AI_AI-Resume-Builder_frontend_a56fb98e._.js?id=%255Bproject%255D%252FDocuments%252FTest%252FAI%252FAI-Resume-Builder%252Ffrontend%252Fcomponents%252FFooter.tsx+%255Bapp-client%255D+%2528ecmascript%2529:17:306)
    at Object.react_stack_bottom_frame (http://localhost:4455/_next/static/chunks/41356_next_dist_compiled_react-dom_fff4b597._.js:14826:24)
    at renderWithHooks (http://localhost:4455/_next/static/chunks/41356_next_dist_compiled_react-dom_fff4b597._.js:4651:24)
    at updateFunctionComponent (http://localhost:4455/_next/static/chunks/41356_next_dist_compiled_react-dom_fff4b597._.js:6112:21)
    at beginWork (http://localhost:4455/_next/static/chunks/41356_next_dist_compiled_react-dom_fff4b597._.js:6708:24)
    at runWithFiberInDEV (http://localhost:4455/_next/static/chunks/41356_next_dist_compiled_react-dom_fff4b597._.js:965:74)
    at performUnitOfWork (http://localhost:4455/_next/static/chunks/41356_next_dist_compiled_react-dom_fff4b597._.js:9562:97)
    at workLoopSync (http://localhost:4455/_next/static/chunks/41356_next_dist_compiled_react-dom_fff4b597._.js:9456:40)
    at renderRootSync (http://localhost:4455/_next/static/chunks/41356_next_dist_compiled_react-dom_fff4b597._.js:9440:13)
    at performWorkOnRoot (http://localhost:4455/_next/static/chunks/41356_next_dist_compiled_react-dom_fff4b597._.js:9068:186)
    at performSyncWorkOnRoot (http://localhost:4455/_next/static/chunks/41356_next_dist_compiled_react-dom_fff4b597._.js:10238:9)
    at flushSyncWorkAcrossRoots_impl (http://localhost:4455/_next/static/chunks/41356_next_dist_compiled_react-dom_fff4b597._.js:10154:316)
    at processRootScheduleInMicrotask (http://localhost:4455/_next/static/chunks/41356_next_dist_compiled_react-dom_fff4b597._.js:10175:106)
    at http://localhost:4455/_next/static/chunks/41356_next_dist_compiled_react-dom_fff4b597._.js:10249:158
[38473629ms] Error: `getTranslations` is not supported in Client Components.
    at eval (http://localhost:4455/_next/static/chunks/41356_db1ab835._.js?id=%255Bproject%255D%252FDocuments%252FTest%252FAI%252FAI-Resume-Builder%252Ffrontend%252Fnode_modules%252Fnext-intl%252Fdist%252Fesm%252Fdevelopment%252Fserver%252Freact-client%252Findex.js+%255Bapp-client%255D+%2528ecmascript%2529:32:15)
    at Footer (http://localhost:4455/_next/static/chunks/Documents_Test_AI_AI-Resume-Builder_frontend_a56fb98e._.js?id=%255Bproject%255D%252FDocuments%252FTest%252FAI%252FAI-Resume-Builder%252Ffrontend%252Fcomponents%252FFooter.tsx+%255Bapp-client%255D+%2528ecmascript%2529:17:306)
    at Object.react_stack_bottom_frame (http://localhost:4455/_next/static/chunks/41356_next_dist_compiled_react-dom_fff4b597._.js:14826:24)
    at renderWithHooks (http://localhost:4455/_next/static/chunks/41356_next_dist_compiled_react-dom_fff4b597._.js:4651:24)
    at updateFunctionComponent (http://localhost:4455/_next/static/chunks/41356_next_dist_compiled_react-dom_fff4b597._.js:6112:21)
    at beginWork (http://localhost:4455/_next/static/chunks/41356_next_dist_compiled_react-dom_fff4b597._.js:6708:24)
    at runWithFiberInDEV (http://localhost:4455/_next/static/chunks/41356_next_dist_compiled_react-dom_fff4b597._.js:965:74)
    at performUnitOfWork (http://localhost:4455/_next/static/chunks/41356_next_dist_compiled_react-dom_fff4b597._.js:9562:97)
    at workLoopSync (http://localhost:4455/_next/static/chunks/41356_next_dist_compiled_react-dom_fff4b597._.js:9456:40)
    at renderRootSync (http://localhost:4455/_next/static/chunks/41356_next_dist_compiled_react-dom_fff4b597._.js:9440:13)
    at performWorkOnRoot (http://localhost:4455/_next/static/chunks/41356_next_dist_compiled_react-dom_fff4b597._.js:9068:186)
    at performSyncWorkOnRoot (http://localhost:4455/_next/static/chunks/41356_next_dist_compiled_react-dom_fff4b597._.js:10238:9)
    at flushSyncWorkAcrossRoots_impl (http://localhost:4455/_next/static/chunks/41356_next_dist_compiled_react-dom_fff4b597._.js:10154:316)
    at processRootScheduleInMicrotask (http://localhost:4455/_next/static/chunks/41356_next_dist_compiled_react-dom_fff4b597._.js:10175:106)
    at http://localhost:4455/_next/static/chunks/41356_next_dist_compiled_react-dom_fff4b597._.js:10249:158
[38473650ms] Error: `getTranslations` is not supported in Client Components.
    at eval (http://localhost:4455/_next/static/chunks/41356_db1ab835._.js?id=%255Bproject%255D%252FDocuments%252FTest%252FAI%252FAI-Resume-Builder%252Ffrontend%252Fnode_modules%252Fnext-intl%252Fdist%252Fesm%252Fdevelopment%252Fserver%252Freact-client%252Findex.js+%255Bapp-client%255D+%2528ecmascript%2529:32:15)
    at Footer (http://localhost:4455/_next/static/chunks/Documents_Test_AI_AI-Resume-Builder_frontend_a56fb98e._.js?id=%255Bproject%255D%252FDocuments%252FTest%252FAI%252FAI-Resume-Builder%252Ffrontend%252Fcomponents%252FFooter.tsx+%255Bapp-client%255D+%2528ecmascript%2529:17:306)
    at Object.react_stack_bottom_frame (http://localhost:4455/_next/static/chunks/41356_next_dist_compiled_react-dom_fff4b597._.js:14826:24)
    at renderWithHooks (http://localhost:4455/_next/static/chunks/41356_next_dist_compiled_react-dom_fff4b597._.js:4651:24)
    at updateFunctionComponent (http://localhost:4455/_next/static/chunks/41356_next_dist_compiled_react-dom_fff4b597._.js:6112:21)
    at beginWork (http://localhost:4455/_next/static/chunks/41356_next_dist_compiled_react-dom_fff4b597._.js:6708:24)
    at runWithFiberInDEV (http://localhost:4455/_next/static/chunks/41356_next_dist_compiled_react-dom_fff4b597._.js:965:74)
    at performUnitOfWork (http://localhost:4455/_next/static/chunks/41356_next_dist_compiled_react-dom_fff4b597._.js:9562:97)
    at workLoopSync (http://localhost:4455/_next/static/chunks/41356_next_dist_compiled_react-dom_fff4b597._.js:9456:40)
    at renderRootSync (http://localhost:4455/_next/static/chunks/41356_next_dist_compiled_react-dom_fff4b597._.js:9440:13)
    at performWorkOnRoot (http://localhost:4455/_next/static/chunks/41356_next_dist_compiled_react-dom_fff4b597._.js:9068:186)
    at performSyncWorkOnRoot (http://localhost:4455/_next/static/chunks/41356_next_dist_compiled_react-dom_fff4b597._.js:10238:9)
    at flushSyncWorkAcrossRoots_impl (http://localhost:4455/_next/static/chunks/41356_next_dist_compiled_react-dom_fff4b597._.js:10154:316)
    at processRootScheduleInMicrotask (http://localhost:4455/_next/static/chunks/41356_next_dist_compiled_react-dom_fff4b597._.js:10175:106)
    at http://localhost:4455/_next/static/chunks/41356_next_dist_compiled_react-dom_fff4b597._.js:10249:158
[38473681ms] Error: `getTranslations` is not supported in Client Components.
    at eval (http://localhost:4455/_next/static/chunks/41356_db1ab835._.js?id=%255Bproject%255D%252FDocuments%252FTest%252FAI%252FAI-Resume-Builder%252Ffrontend%252Fnode_modules%252Fnext-intl%252Fdist%252Fesm%252Fdevelopment%252Fserver%252Freact-client%252Findex.js+%255Bapp-client%255D+%2528ecmascript%2529:32:15)
    at Footer (http://localhost:4455/_next/static/chunks/Documents_Test_AI_AI-Resume-Builder_frontend_a56fb98e._.js?id=%255Bproject%255D%252FDocuments%252FTest%252FAI%252FAI-Resume-Builder%252Ffrontend%252Fcomponents%252FFooter.tsx+%255Bapp-client%255D+%2528ecmascript%2529:17:306)
    at Object.react_stack_bottom_frame (http://localhost:4455/_next/static/chunks/41356_next_dist_compiled_react-dom_fff4b597._.js:14826:24)
    at renderWithHooks (http://localhost:4455/_next/static/chunks/41356_next_dist_compiled_react-dom_fff4b597._.js:4651:24)
    at updateFunctionComponent (http://localhost:4455/_next/static/chunks/41356_next_dist_compiled_react-dom_fff4b597._.js:6112:21)
    at beginWork (http://localhost:4455/_next/static/chunks/41356_next_dist_compiled_react-dom_fff4b597._.js:6708:24)
    at runWithFiberInDEV (http://localhost:4455/_next/static/chunks/41356_next_dist_compiled_react-dom_fff4b597._.js:965:74)
    at performUnitOfWork (http://localhost:4455/_next/static/chunks/41356_next_dist_compiled_react-dom_fff4b597._.js:9562:97)
    at workLoopSync (http://localhost:4455/_next/static/chunks/41356_next_dist_compiled_react-dom_fff4b597._.js:9456:40)
    at renderRootSync (http://localhost:4455/_next/static/chunks/41356_next_dist_compiled_react-dom_fff4b597._.js:9440:13)
    at performWorkOnRoot (http://localhost:4455/_next/static/chunks/41356_next_dist_compiled_react-dom_fff4b597._.js:9068:186)
    at performSyncWorkOnRoot (http://localhost:4455/_next/static/chunks/41356_next_dist_compiled_react-dom_fff4b597._.js:10238:9)
    at flushSyncWorkAcrossRoots_impl (http://localhost:4455/_next/static/chunks/41356_next_dist_compiled_react-dom_fff4b597._.js:10154:316)
    at processRootScheduleInMicrotask (http://localhost:4455/_next/static/chunks/41356_next_dist_compiled_react-dom_fff4b597._.js:10175:106)
    at http://localhost:4455/_next/static/chunks/41356_next_dist_compiled_react-dom_fff4b597._.js:10249:158
[38473691ms] Error: `getTranslations` is not supported in Client Components.
    at eval (http://localhost:4455/_next/static/chunks/41356_db1ab835._.js?id=%255Bproject%255D%252FDocuments%252FTest%252FAI%252FAI-Resume-Builder%252Ffrontend%252Fnode_modules%252Fnext-intl%252Fdist%252Fesm%252Fdevelopment%252Fserver%252Freact-client%252Findex.js+%255Bapp-client%255D+%2528ecmascript%2529:32:15)
    at Footer (http://localhost:4455/_next/static/chunks/Documents_Test_AI_AI-Resume-Builder_frontend_a56fb98e._.js?id=%255Bproject%255D%252FDocuments%252FTest%252FAI%252FAI-Resume-Builder%252Ffrontend%252Fcomponents%252FFooter.tsx+%255Bapp-client%255D+%2528ecmascript%2529:17:306)
    at Object.react_stack_bottom_frame (http://localhost:4455/_next/static/chunks/41356_next_dist_compiled_react-dom_fff4b597._.js:14826:24)
    at renderWithHooks (http://localhost:4455/_next/static/chunks/41356_next_dist_compiled_react-dom_fff4b597._.js:4651:24)
    at updateFunctionComponent (http://localhost:4455/_next/static/chunks/41356_next_dist_compiled_react-dom_fff4b597._.js:6112:21)
    at beginWork (http://localhost:4455/_next/static/chunks/41356_next_dist_compiled_react-dom_fff4b597._.js:6708:24)
    at runWithFiberInDEV (http://localhost:4455/_next/static/chunks/41356_next_dist_compiled_react-dom_fff4b597._.js:965:74)
    at performUnitOfWork (http://localhost:4455/_next/static/chunks/41356_next_dist_compiled_react-dom_fff4b597._.js:9562:97)
    at workLoopSync (http://localhost:4455/_next/static/chunks/41356_next_dist_compiled_react-dom_fff4b597._.js:9456:40)
    at renderRootSync (http://localhost:4455/_next/static/chunks/41356_next_dist_compiled_react-dom_fff4b597._.js:9440:13)
    at performWorkOnRoot (http://localhost:4455/_next/static/chunks/41356_next_dist_compiled_react-dom_fff4b597._.js:9068:186)
    at performSyncWorkOnRoot (http://localhost:4455/_next/static/chunks/41356_next_dist_compiled_react-dom_fff4b597._.js:10238:9)
    at flushSyncWorkAcrossRoots_impl (http://localhost:4455/_next/static/chunks/41356_next_dist_compiled_react-dom_fff4b597._.js:10154:316)
    at processRootScheduleInMicrotask (http://localhost:4455/_next/static/chunks/41356_next_dist_compiled_react-dom_fff4b597._.js:10175:106)
    at http://localhost:4455/_next/static/chunks/41356_next_dist_compiled_react-dom_fff4b597._.js:10249:158
[38473709ms] Error: `getTranslations` is not supported in Client Components.
    at eval (http://localhost:4455/_next/static/chunks/41356_db1ab835._.js?id=%255Bproject%255D%252FDocuments%252FTest%252FAI%252FAI-Resume-Builder%252Ffrontend%252Fnode_modules%252Fnext-intl%252Fdist%252Fesm%252Fdevelopment%252Fserver%252Freact-client%252Findex.js+%255Bapp-client%255D+%2528ecmascript%2529:32:15)
    at Footer (http://localhost:4455/_next/static/chunks/Documents_Test_AI_AI-Resume-Builder_frontend_a56fb98e._.js?id=%255Bproject%255D%252FDocuments%252FTest%252FAI%252FAI-Resume-Builder%252Ffrontend%252Fcomponents%252FFooter.tsx+%255Bapp-client%255D+%2528ecmascript%2529:17:306)
    at Object.react_stack_bottom_frame (http://localhost:4455/_next/static/chunks/41356_next_dist_compiled_react-dom_fff4b597._.js:14826:24)
    at renderWithHooks (http://localhost:4455/_next/static/chunks/41356_next_dist_compiled_react-dom_fff4b597._.js:4651:24)
    at updateFunctionComponent (http://localhost:4455/_next/static/chunks/41356_next_dist_compiled_react-dom_fff4b597._.js:6112:21)
    at beginWork (http://localhost:4455/_next/static/chunks/41356_next_dist_compiled_react-dom_fff4b597._.js:6708:24)
    at runWithFiberInDEV (http://localhost:4455/_next/static/chunks/41356_next_dist_compiled_react-dom_fff4b597._.js:965:74)
    at performUnitOfWork (http://localhost:4455/_next/static/chunks/41356_next_dist_compiled_react-dom_fff4b597._.js:9562:97)
    at workLoopSync (http://localhost:4455/_next/static/chunks/41356_next_dist_compiled_react-dom_fff4b597._.js:9456:40)
    at renderRootSync (http://localhost:4455/_next/static/chunks/41356_next_dist_compiled_react-dom_fff4b597._.js:9440:13)
    at performWorkOnRoot (http://localhost:4455/_next/static/chunks/41356_next_dist_compiled_react-dom_fff4b597._.js:9068:186)
    at performSyncWorkOnRoot (http://localhost:4455/_next/static/chunks/41356_next_dist_compiled_react-dom_fff4b597._.js:10238:9)
    at flushSyncWorkAcrossRoots_impl (http://localhost:4455/_next/static/chunks/41356_next_dist_compiled_react-dom_fff4b597._.js:10154:316)
    at processRootScheduleInMicrotask (http://localhost:4455/_next/static/chunks/41356_next_dist_compiled_react-dom_fff4b597._.js:10175:106)
    at http://localhost:4455/_next/static/chunks/41356_next_dist_compiled_react-dom_fff4b597._.js:10249:158
[38473717ms] Error: `getTranslations` is not supported in Client Components.
    at eval (http://localhost:4455/_next/static/chunks/41356_db1ab835._.js?id=%255Bproject%255D%252FDocuments%252FTest%252FAI%252FAI-Resume-Builder%252Ffrontend%252Fnode_modules%252Fnext-intl%252Fdist%252Fesm%252Fdevelopment%252Fserver%252Freact-client%252Findex.js+%255Bapp-client%255D+%2528ecmascript%2529:32:15)
    at Footer (http://localhost:4455/_next/static/chunks/Documents_Test_AI_AI-Resume-Builder_frontend_a56fb98e._.js?id=%255Bproject%255D%252FDocuments%252FTest%252FAI%252FAI-Resume-Builder%252Ffrontend%252Fcomponents%252FFooter.tsx+%255Bapp-client%255D+%2528ecmascript%2529:17:306)
    at Object.react_stack_bottom_frame (http://localhost:4455/_next/static/chunks/41356_next_dist_compiled_react-dom_fff4b597._.js:14826:24)
    at renderWithHooks (http://localhost:4455/_next/static/chunks/41356_next_dist_compiled_react-dom_fff4b597._.js:4651:24)
    at updateFunctionComponent (http://localhost:4455/_next/static/chunks/41356_next_dist_compiled_react-dom_fff4b597._.js:6112:21)
    at beginWork (http://localhost:4455/_next/static/chunks/41356_next_dist_compiled_react-dom_fff4b597._.js:6708:24)
    at runWithFiberInDEV (http://localhost:4455/_next/static/chunks/41356_next_dist_compiled_react-dom_fff4b597._.js:965:74)
    at performUnitOfWork (http://localhost:4455/_next/static/chunks/41356_next_dist_compiled_react-dom_fff4b597._.js:9562:97)
    at workLoopSync (http://localhost:4455/_next/static/chunks/41356_next_dist_compiled_react-dom_fff4b597._.js:9456:40)
    at renderRootSync (http://localhost:4455/_next/static/chunks/41356_next_dist_compiled_react-dom_fff4b597._.js:9440:13)
    at performWorkOnRoot (http://localhost:4455/_next/static/chunks/41356_next_dist_compiled_react-dom_fff4b597._.js:9068:186)
    at performSyncWorkOnRoot (http://localhost:4455/_next/static/chunks/41356_next_dist_compiled_react-dom_fff4b597._.js:10238:9)
    at flushSyncWorkAcrossRoots_impl (http://localhost:4455/_next/static/chunks/41356_next_dist_compiled_react-dom_fff4b597._.js:10154:316)
    at processRootScheduleInMicrotask (http://localhost:4455/_next/static/chunks/41356_next_dist_compiled_react-dom_fff4b597._.js:10175:106)
    at http://localhost:4455/_next/static/chunks/41356_next_dist_compiled_react-dom_fff4b597._.js:10249:158
[38473724ms] Error: `getTranslations` is not supported in Client Components.
    at eval (http://localhost:4455/_next/static/chunks/41356_db1ab835._.js?id=%255Bproject%255D%252FDocuments%252FTest%252FAI%252FAI-Resume-Builder%252Ffrontend%252Fnode_modules%252Fnext-intl%252Fdist%252Fesm%252Fdevelopment%252Fserver%252Freact-client%252Findex.js+%255Bapp-client%255D+%2528ecmascript%2529:32:15)
    at Footer (http://localhost:4455/_next/static/chunks/Documents_Test_AI_AI-Resume-Builder_frontend_a56fb98e._.js?id=%255Bproject%255D%252FDocuments%252FTest%252FAI%252FAI-Resume-Builder%252Ffrontend%252Fcomponents%252FFooter.tsx+%255Bapp-client%255D+%2528ecmascript%2529:17:306)
    at Object.react_stack_bottom_frame (http://localhost:4455/_next/static/chunks/41356_next_dist_compiled_react-dom_fff4b597._.js:14826:24)
    at renderWithHooks (http://localhost:4455/_next/static/chunks/41356_next_dist_compiled_react-dom_fff4b597._.js:4651:24)
    at updateFunctionComponent (http://localhost:4455/_next/static/chunks/41356_next_dist_compiled_react-dom_fff4b597._.js:6112:21)
    at beginWork (http://localhost:4455/_next/static/chunks/41356_next_dist_compiled_react-dom_fff4b597._.js:6708:24)
    at runWithFiberInDEV (http://localhost:4455/_next/static/chunks/41356_next_dist_compiled_react-dom_fff4b597._.js:965:74)
    at performUnitOfWork (http://localhost:4455/_next/static/chunks/41356_next_dist_compiled_react-dom_fff4b597._.js:9562:97)
    at workLoopSync (http://localhost:4455/_next/static/chunks/41356_next_dist_compiled_react-dom_fff4b597._.js:9456:40)
    at renderRootSync (http://localhost:4455/_next/static/chunks/41356_next_dist_compiled_react-dom_fff4b597._.js:9440:13)
    at performWorkOnRoot (http://localhost:4455/_next/static/chunks/41356_next_dist_compiled_react-dom_fff4b597._.js:9068:186)
    at performSyncWorkOnRoot (http://localhost:4455/_next/static/chunks/41356_next_dist_compiled_react-dom_fff4b597._.js:10238:9)
    at flushSyncWorkAcrossRoots_impl (http://localhost:4455/_next/static/chunks/41356_next_dist_compiled_react-dom_fff4b597._.js:10154:316)
    at processRootScheduleInMicrotask (http://localhost:4455/_next/static/chunks/41356_next_dist_compiled_react-dom_fff4b597._.js:10175:106)
    at http://localhost:4455/_next/static/chunks/41356_next_dist_compiled_react-dom_fff4b597._.js:10249:158
[38473730ms] Error: `getTranslations` is not supported in Client Components.
    at eval (http://localhost:4455/_next/static/chunks/41356_db1ab835._.js?id=%255Bproject%255D%252FDocuments%252FTest%252FAI%252FAI-Resume-Builder%252Ffrontend%252Fnode_modules%252Fnext-intl%252Fdist%252Fesm%252Fdevelopment%252Fserver%252Freact-client%252Findex.js+%255Bapp-client%255D+%2528ecmascript%2529:32:15)
    at Footer (http://localhost:4455/_next/static/chunks/Documents_Test_AI_AI-Resume-Builder_frontend_a56fb98e._.js?id=%255Bproject%255D%252FDocuments%252FTest%252FAI%252FAI-Resume-Builder%252Ffrontend%252Fcomponents%252FFooter.tsx+%255Bapp-client%255D+%2528ecmascript%2529:17:306)
    at Object.react_stack_bottom_frame (http://localhost:4455/_next/static/chunks/41356_next_dist_compiled_react-dom_fff4b597._.js:14826:24)
    at renderWithHooks (http://localhost:4455/_next/static/chunks/41356_next_dist_compiled_react-dom_fff4b597._.js:4651:24)
    at updateFunctionComponent (http://localhost:4455/_next/static/chunks/41356_next_dist_compiled_react-dom_fff4b597._.js:6112:21)
    at beginWork (http://localhost:4455/_next/static/chunks/41356_next_dist_compiled_react-dom_fff4b597._.js:6708:24)
    at runWithFiberInDEV (http://localhost:4455/_next/static/chunks/41356_next_dist_compiled_react-dom_fff4b597._.js:965:74)
    at performUnitOfWork (http://localhost:4455/_next/static/chunks/41356_next_dist_compiled_react-dom_fff4b597._.js:9562:97)
    at workLoopSync (http://localhost:4455/_next/static/chunks/41356_next_dist_compiled_react-dom_fff4b597._.js:9456:40)
    at renderRootSync (http://localhost:4455/_next/static/chunks/41356_next_dist_compiled_react-dom_fff4b597._.js:9440:13)
    at performWorkOnRoot (http://localhost:4455/_next/static/chunks/41356_next_dist_compiled_react-dom_fff4b597._.js:9068:186)
    at performSyncWorkOnRoot (http://localhost:4455/_next/static/chunks/41356_next_dist_compiled_react-dom_fff4b597._.js:10238:9)
    at flushSyncWorkAcrossRoots_impl (http://localhost:4455/_next/static/chunks/41356_next_dist_compiled_react-dom_fff4b597._.js:10154:316)
    at processRootScheduleInMicrotask (http://localhost:4455/_next/static/chunks/41356_next_dist_compiled_react-dom_fff4b597._.js:10175:106)
    at http://localhost:4455/_next/static/chunks/41356_next_dist_compiled_react-dom_fff4b597._.js:10249:158
[38473733ms] Error: `getTranslations` is not supported in Client Components.
    at eval (http://localhost:4455/_next/static/chunks/41356_db1ab835._.js?id=%255Bproject%255D%252FDocuments%252FTest%252FAI%252FAI-Resume-Builder%252Ffrontend%252Fnode_modules%252Fnext-intl%252Fdist%252Fesm%252Fdevelopment%252Fserver%252Freact-client%252Findex.js+%255Bapp-client%255D+%2528ecmascript%2529:32:15)
    at Footer (http://localhost:4455/_next/static/chunks/Documents_Test_AI_AI-Resume-Builder_frontend_a56fb98e._.js?id=%255Bproject%255D%252FDocuments%252FTest%252FAI%252FAI-Resume-Builder%252Ffrontend%252Fcomponents%252FFooter.tsx+%255Bapp-client%255D+%2528ecmascript%2529:17:306)
    at Object.react_stack_bottom_frame (http://localhost:4455/_next/static/chunks/41356_next_dist_compiled_react-dom_fff4b597._.js:14826:24)
    at renderWithHooks (http://localhost:4455/_next/static/chunks/41356_next_dist_compiled_react-dom_fff4b597._.js:4651:24)
    at updateFunctionComponent (http://localhost:4455/_next/static/chunks/41356_next_dist_compiled_react-dom_fff4b597._.js:6112:21)
    at beginWork (http://localhost:4455/_next/static/chunks/41356_next_dist_compiled_react-dom_fff4b597._.js:6708:24)
    at runWithFiberInDEV (http://localhost:4455/_next/static/chunks/41356_next_dist_compiled_react-dom_fff4b597._.js:965:74)
    at performUnitOfWork (http://localhost:4455/_next/static/chunks/41356_next_dist_compiled_react-dom_fff4b597._.js:9562:97)
    at workLoopSync (http://localhost:4455/_next/static/chunks/41356_next_dist_compiled_react-dom_fff4b597._.js:9456:40)
    at renderRootSync (http://localhost:4455/_next/static/chunks/41356_next_dist_compiled_react-dom_fff4b597._.js:9440:13)
    at performWorkOnRoot (http://localhost:4455/_next/static/chunks/41356_next_dist_compiled_react-dom_fff4b597._.js:9068:186)
    at performSyncWorkOnRoot (http://localhost:4455/_next/static/chunks/41356_next_dist_compiled_react-dom_fff4b597._.js:10238:9)
    at flushSyncWorkAcrossRoots_impl (http://localhost:4455/_next/static/chunks/41356_next_dist_compiled_react-dom_fff4b597._.js:10154:316)
    at processRootScheduleInMicrotask (http://localhost:4455/_next/static/chunks/41356_next_dist_compiled_react-dom_fff4b597._.js:10175:106)
    at http://localhost:4455/_next/static/chunks/41356_next_dist_compiled_react-dom_fff4b597._.js:10249:158
[38473737ms] Error: `getTranslations` is not supported in Client Components.
    at eval (http://localhost:4455/_next/static/chunks/41356_db1ab835._.js?id=%255Bproject%255D%252FDocuments%252FTest%252FAI%252FAI-Resume-Builder%252Ffrontend%252Fnode_modules%252Fnext-intl%252Fdist%252Fesm%252Fdevelopment%252Fserver%252Freact-client%252Findex.js+%255Bapp-client%255D+%2528ecmascript%2529:32:15)
    at Footer (http://localhost:4455/_next/static/chunks/Documents_Test_AI_AI-Resume-Builder_frontend_a56fb98e._.js?id=%255Bproject%255D%252FDocuments%252FTest%252FAI%252FAI-Resume-Builder%252Ffrontend%252Fcomponents%252FFooter.tsx+%255Bapp-client%255D+%2528ecmascript%2529:17:306)
    at Object.react_stack_bottom_frame (http://localhost:4455/_next/static/chunks/41356_next_dist_compiled_react-dom_fff4b597._.js:14826:24)
    at renderWithHooks (http://localhost:4455/_next/static/chunks/41356_next_dist_compiled_react-dom_fff4b597._.js:4651:24)
    at updateFunctionComponent (http://localhost:4455/_next/static/chunks/41356_next_dist_compiled_react-dom_fff4b597._.js:6112:21)
    at beginWork (http://localhost:4455/_next/static/chunks/41356_next_dist_compiled_react-dom_fff4b597._.js:6708:24)
    at runWithFiberInDEV (http://localhost:4455/_next/static/chunks/41356_next_dist_compiled_react-dom_fff4b597._.js:965:74)
    at performUnitOfWork (http://localhost:4455/_next/static/chunks/41356_next_dist_compiled_react-dom_fff4b597._.js:9562:97)
    at workLoopSync (http://localhost:4455/_next/static/chunks/41356_next_dist_compiled_react-dom_fff4b597._.js:9456:40)
    at renderRootSync (http://localhost:4455/_next/static/chunks/41356_next_dist_compiled_react-dom_fff4b597._.js:9440:13)
    at performWorkOnRoot (http://localhost:4455/_next/static/chunks/41356_next_dist_compiled_react-dom_fff4b597._.js:9068:186)
    at performSyncWorkOnRoot (http://localhost:4455/_next/static/chunks/41356_next_dist_compiled_react-dom_fff4b597._.js:10238:9)
    at flushSyncWorkAcrossRoots_impl (http://localhost:4455/_next/static/chunks/41356_next_dist_compiled_react-dom_fff4b597._.js:10154:316)
    at processRootScheduleInMicrotask (http://localhost:4455/_next/static/chunks/41356_next_dist_compiled_react-dom_fff4b597._.js:10175:106)
    at http://localhost:4455/_next/static/chunks/41356_next_dist_compiled_react-dom_fff4b597._.js:10249:158
[38473743ms] Error: `getTranslations` is not supported in Client Components.
    at eval (http://localhost:4455/_next/static/chunks/41356_db1ab835._.js?id=%255Bproject%255D%252FDocuments%252FTest%252FAI%252FAI-Resume-Builder%252Ffrontend%252Fnode_modules%252Fnext-intl%252Fdist%252Fesm%252Fdevelopment%252Fserver%252Freact-client%252Findex.js+%255Bapp-client%255D+%2528ecmascript%2529:32:15)
    at Footer (http://localhost:4455/_next/static/chunks/Documents_Test_AI_AI-Resume-Builder_frontend_a56fb98e._.js?id=%255Bproject%255D%252FDocuments%252FTest%252FAI%252FAI-Resume-Builder%252Ffrontend%252Fcomponents%252FFooter.tsx+%255Bapp-client%255D+%2528ecmascript%2529:17:306)
    at Object.react_stack_bottom_frame (http://localhost:4455/_next/static/chunks/41356_next_dist_compiled_react-dom_fff4b597._.js:14826:24)
    at renderWithHooks (http://localhost:4455/_next/static/chunks/41356_next_dist_compiled_react-dom_fff4b597._.js:4651:24)
    at updateFunctionComponent (http://localhost:4455/_next/static/chunks/41356_next_dist_compiled_react-dom_fff4b597._.js:6112:21)
    at beginWork (http://localhost:4455/_next/static/chunks/41356_next_dist_compiled_react-dom_fff4b597._.js:6708:24)
    at runWithFiberInDEV (http://localhost:4455/_next/static/chunks/41356_next_dist_compiled_react-dom_fff4b597._.js:965:74)
    at performUnitOfWork (http://localhost:4455/_next/static/chunks/41356_next_dist_compiled_react-dom_fff4b597._.js:9562:97)
    at workLoopSync (http://localhost:4455/_next/static/chunks/41356_next_dist_compiled_react-dom_fff4b597._.js:9456:40)
    at renderRootSync (http://localhost:4455/_next/static/chunks/41356_next_dist_compiled_react-dom_fff4b597._.js:9440:13)
    at performWorkOnRoot (http://localhost:4455/_next/static/chunks/41356_next_dist_compiled_react-dom_fff4b597._.js:9068:186)
    at performSyncWorkOnRoot (http://localhost:4455/_next/static/chunks/41356_next_dist_compiled_react-dom_fff4b597._.js:10238:9)
    at flushSyncWorkAcrossRoots_impl (http://localhost:4455/_next/static/chunks/41356_next_dist_compiled_react-dom_fff4b597._.js:10154:316)
    at processRootScheduleInMicrotask (http://localhost:4455/_next/static/chunks/41356_next_dist_compiled_react-dom_fff4b597._.js:10175:106)
    at http://localhost:4455/_next/static/chunks/41356_next_dist_compiled_react-dom_fff4b597._.js:10249:158
[38473753ms] Error: `getTranslations` is not supported in Client Components.
    at eval (http://localhost:4455/_next/static/chunks/41356_db1ab835._.js?id=%255Bproject%255D%252FDocuments%252FTest%252FAI%252FAI-Resume-Builder%252Ffrontend%252Fnode_modules%252Fnext-intl%252Fdist%252Fesm%252Fdevelopment%252Fserver%252Freact-client%252Findex.js+%255Bapp-client%255D+%2528ecmascript%2529:32:15)
    at Footer (http://localhost:4455/_next/static/chunks/Documents_Test_AI_AI-Resume-Builder_frontend_a56fb98e._.js?id=%255Bproject%255D%252FDocuments%252FTest%252FAI%252FAI-Resume-Builder%252Ffrontend%252Fcomponents%252FFooter.tsx+%255Bapp-client%255D+%2528ecmascript%2529:17:306)
    at Object.react_stack_bottom_frame (http://localhost:4455/_next/static/chunks/41356_next_dist_compiled_react-dom_fff4b597._.js:14826:24)
    at renderWithHooks (http://localhost:4455/_next/static/chunks/41356_next_dist_compiled_react-dom_fff4b597._.js:4651:24)
    at updateFunctionComponent (http://localhost:4455/_next/static/chunks/41356_next_dist_compiled_react-dom_fff4b597._.js:6112:21)
    at beginWork (http://localhost:4455/_next/static/chunks/41356_next_dist_compiled_react-dom_fff4b597._.js:6708:24)
    at runWithFiberInDEV (http://localhost:4455/_next/static/chunks/41356_next_dist_compiled_react-dom_fff4b597._.js:965:74)
    at performUnitOfWork (http://localhost:4455/_next/static/chunks/41356_next_dist_compiled_react-dom_fff4b597._.js:9562:97)
    at workLoopSync (http://localhost:4455/_next/static/chunks/41356_next_dist_compiled_react-dom_fff4b597._.js:9456:40)
    at renderRootSync (http://localhost:4455/_next/static/chunks/41356_next_dist_compiled_react-dom_fff4b597._.js:9440:13)
    at performWorkOnRoot (http://localhost:4455/_next/static/chunks/41356_next_dist_compiled_react-dom_fff4b597._.js:9068:186)
    at performSyncWorkOnRoot (http://localhost:4455/_next/static/chunks/41356_next_dist_compiled_react-dom_fff4b597._.js:10238:9)
    at flushSyncWorkAcrossRoots_impl (http://localhost:4455/_next/static/chunks/41356_next_dist_compiled_react-dom_fff4b597._.js:10154:316)
    at processRootScheduleInMicrotask (http://localhost:4455/_next/static/chunks/41356_next_dist_compiled_react-dom_fff4b597._.js:10175:106)
    at http://localhost:4455/_next/static/chunks/41356_next_dist_compiled_react-dom_fff4b597._.js:10249:158
[38473767ms] Error: `getTranslations` is not supported in Client Components.
    at eval (http://localhost:4455/_next/static/chunks/41356_db1ab835._.js?id=%255Bproject%255D%252FDocuments%252FTest%252FAI%252FAI-Resume-Builder%252Ffrontend%252Fnode_modules%252Fnext-intl%252Fdist%252Fesm%252Fdevelopment%252Fserver%252Freact-client%252Findex.js+%255Bapp-client%255D+%2528ecmascript%2529:32:15)
    at Footer (http://localhost:4455/_next/static/chunks/Documents_Test_AI_AI-Resume-Builder_frontend_a56fb98e._.js?id=%255Bproject%255D%252FDocuments%252FTest%252FAI%252FAI-Resume-Builder%252Ffrontend%252Fcomponents%252FFooter.tsx+%255Bapp-client%255D+%2528ecmascript%2529:17:306)
    at Object.react_stack_bottom_frame (http://localhost:4455/_next/static/chunks/41356_next_dist_compiled_react-dom_fff4b597._.js:14826:24)
    at renderWithHooks (http://localhost:4455/_next/static/chunks/41356_next_dist_compiled_react-dom_fff4b597._.js:4651:24)
    at updateFunctionComponent (http://localhost:4455/_next/static/chunks/41356_next_dist_compiled_react-dom_fff4b597._.js:6112:21)
    at beginWork (http://localhost:4455/_next/static/chunks/41356_next_dist_compiled_react-dom_fff4b597._.js:6708:24)
    at runWithFiberInDEV (http://localhost:4455/_next/static/chunks/41356_next_dist_compiled_react-dom_fff4b597._.js:965:74)
    at performUnitOfWork (http://localhost:4455/_next/static/chunks/41356_next_dist_compiled_react-dom_fff4b597._.js:9562:97)
    at workLoopSync (http://localhost:4455/_next/static/chunks/41356_next_dist_compiled_react-dom_fff4b597._.js:9456:40)
    at renderRootSync (http://localhost:4455/_next/static/chunks/41356_next_dist_compiled_react-dom_fff4b597._.js:9440:13)
    at performWorkOnRoot (http://localhost:4455/_next/static/chunks/41356_next_dist_compiled_react-dom_fff4b597._.js:9068:186)
    at performSyncWorkOnRoot (http://localhost:4455/_next/static/chunks/41356_next_dist_compiled_react-dom_fff4b597._.js:10238:9)
    at flushSyncWorkAcrossRoots_impl (http://localhost:4455/_next/static/chunks/41356_next_dist_compiled_react-dom_fff4b597._.js:10154:316)
    at processRootScheduleInMicrotask (http://localhost:4455/_next/static/chunks/41356_next_dist_compiled_react-dom_fff4b597._.js:10175:106)
    at http://localhost:4455/_next/static/chunks/41356_next_dist_compiled_react-dom_fff4b597._.js:10249:158
[38473773ms] Error: `getTranslations` is not supported in Client Components.
    at eval (http://localhost:4455/_next/static/chunks/41356_db1ab835._.js?id=%255Bproject%255D%252FDocuments%252FTest%252FAI%252FAI-Resume-Builder%252Ffrontend%252Fnode_modules%252Fnext-intl%252Fdist%252Fesm%252Fdevelopment%252Fserver%252Freact-client%252Findex.js+%255Bapp-client%255D+%2528ecmascript%2529:32:15)
    at Footer (http://localhost:4455/_next/static/chunks/Documents_Test_AI_AI-Resume-Builder_frontend_a56fb98e._.js?id=%255Bproject%255D%252FDocuments%252FTest%252FAI%252FAI-Resume-Builder%252Ffrontend%252Fcomponents%252FFooter.tsx+%255Bapp-client%255D+%2528ecmascript%2529:17:306)
    at Object.react_stack_bottom_frame (http://localhost:4455/_next/static/chunks/41356_next_dist_compiled_react-dom_fff4b597._.js:14826:24)
    at renderWithHooks (http://localhost:4455/_next/static/chunks/41356_next_dist_compiled_react-dom_fff4b597._.js:4651:24)
    at updateFunctionComponent (http://localhost:4455/_next/static/chunks/41356_next_dist_compiled_react-dom_fff4b597._.js:6112:21)
    at beginWork (http://localhost:4455/_next/static/chunks/41356_next_dist_compiled_react-dom_fff4b597._.js:6708:24)
    at runWithFiberInDEV (http://localhost:4455/_next/static/chunks/41356_next_dist_compiled_react-dom_fff4b597._.js:965:74)
    at performUnitOfWork (http://localhost:4455/_next/static/chunks/41356_next_dist_compiled_react-dom_fff4b597._.js:9562:97)
    at workLoopSync (http://localhost:4455/_next/static/chunks/41356_next_dist_compiled_react-dom_fff4b597._.js:9456:40)
    at renderRootSync (http://localhost:4455/_next/static/chunks/41356_next_dist_compiled_react-dom_fff4b597._.js:9440:13)
    at performWorkOnRoot (http://localhost:4455/_next/static/chunks/41356_next_dist_compiled_react-dom_fff4b597._.js:9068:186)
    at performSyncWorkOnRoot (http://localhost:4455/_next/static/chunks/41356_next_dist_compiled_react-dom_fff4b597._.js:10238:9)
    at flushSyncWorkAcrossRoots_impl (http://localhost:4455/_next/static/chunks/41356_next_dist_compiled_react-dom_fff4b597._.js:10154:316)
    at processRootScheduleInMicrotask (http://localhost:4455/_next/static/chunks/41356_next_dist_compiled_react-dom_fff4b597._.js:10175:106)
    at http://localhost:4455/_next/static/chunks/41356_next_dist_compiled_react-dom_fff4b597._.js:10249:158
[38473781ms] Error: `getTranslations` is not supported in Client Components.
    at eval (http://localhost:4455/_next/static/chunks/41356_db1ab835._.js?id=%255Bproject%255D%252FDocuments%252FTest%252FAI%252FAI-Resume-Builder%252Ffrontend%252Fnode_modules%252Fnext-intl%252Fdist%252Fesm%252Fdevelopment%252Fserver%252Freact-client%252Findex.js+%255Bapp-client%255D+%2528ecmascript%2529:32:15)
    at Footer (http://localhost:4455/_next/static/chunks/Documents_Test_AI_AI-Resume-Builder_frontend_a56fb98e._.js?id=%255Bproject%255D%252FDocuments%252FTest%252FAI%252FAI-Resume-Builder%252Ffrontend%252Fcomponents%252FFooter.tsx+%255Bapp-client%255D+%2528ecmascript%2529:17:306)
    at Object.react_stack_bottom_frame (http://localhost:4455/_next/static/chunks/41356_next_dist_compiled_react-dom_fff4b597._.js:14826:24)
    at renderWithHooks (http://localhost:4455/_next/static/chunks/41356_next_dist_compiled_react-dom_fff4b597._.js:4651:24)
    at updateFunctionComponent (http://localhost:4455/_next/static/chunks/41356_next_dist_compiled_react-dom_fff4b597._.js:6112:21)
    at beginWork (http://localhost:4455/_next/static/chunks/41356_next_dist_compiled_react-dom_fff4b597._.js:6708:24)
    at runWithFiberInDEV (http://localhost:4455/_next/static/chunks/41356_next_dist_compiled_react-dom_fff4b597._.js:965:74)
    at performUnitOfWork (http://localhost:4455/_next/static/chunks/41356_next_dist_compiled_react-dom_fff4b597._.js:9562:97)
    at workLoopSync (http://localhost:4455/_next/static/chunks/41356_next_dist_compiled_react-dom_fff4b597._.js:9456:40)
    at renderRootSync (http://localhost:4455/_next/static/chunks/41356_next_dist_compiled_react-dom_fff4b597._.js:9440:13)
    at performWorkOnRoot (http://localhost:4455/_next/static/chunks/41356_next_dist_compiled_react-dom_fff4b597._.js:9068:186)
    at performSyncWorkOnRoot (http://localhost:4455/_next/static/chunks/41356_next_dist_compiled_react-dom_fff4b597._.js:10238:9)
    at flushSyncWorkAcrossRoots_impl (http://localhost:4455/_next/static/chunks/41356_next_dist_compiled_react-dom_fff4b597._.js:10154:316)
    at processRootScheduleInMicrotask (http://localhost:4455/_next/static/chunks/41356_next_dist_compiled_react-dom_fff4b597._.js:10175:106)
    at http://localhost:4455/_next/static/chunks/41356_next_dist_compiled_react-dom_fff4b597._.js:10249:158
[38473792ms] Error: `getTranslations` is not supported in Client Components.
    at eval (http://localhost:4455/_next/static/chunks/41356_db1ab835._.js?id=%255Bproject%255D%252FDocuments%252FTest%252FAI%252FAI-Resume-Builder%252Ffrontend%252Fnode_modules%252Fnext-intl%252Fdist%252Fesm%252Fdevelopment%252Fserver%252Freact-client%252Findex.js+%255Bapp-client%255D+%2528ecmascript%2529:32:15)
    at Footer (http://localhost:4455/_next/static/chunks/Documents_Test_AI_AI-Resume-Builder_frontend_a56fb98e._.js?id=%255Bproject%255D%252FDocuments%252FTest%252FAI%252FAI-Resume-Builder%252Ffrontend%252Fcomponents%252FFooter.tsx+%255Bapp-client%255D+%2528ecmascript%2529:17:306)
    at Object.react_stack_bottom_frame (http://localhost:4455/_next/static/chunks/41356_next_dist_compiled_react-dom_fff4b597._.js:14826:24)
    at renderWithHooks (http://localhost:4455/_next/static/chunks/41356_next_dist_compiled_react-dom_fff4b597._.js:4651:24)
    at updateFunctionComponent (http://localhost:4455/_next/static/chunks/41356_next_dist_compiled_react-dom_fff4b597._.js:6112:21)
    at beginWork (http://localhost:4455/_next/static/chunks/41356_next_dist_compiled_react-dom_fff4b597._.js:6708:24)
    at runWithFiberInDEV (http://localhost:4455/_next/static/chunks/41356_next_dist_compiled_react-dom_fff4b597._.js:965:74)
    at performUnitOfWork (http://localhost:4455/_next/static/chunks/41356_next_dist_compiled_react-dom_fff4b597._.js:9562:97)
    at workLoopSync (http://localhost:4455/_next/static/chunks/41356_next_dist_compiled_react-dom_fff4b597._.js:9456:40)
    at renderRootSync (http://localhost:4455/_next/static/chunks/41356_next_dist_compiled_react-dom_fff4b597._.js:9440:13)
    at performWorkOnRoot (http://localhost:4455/_next/static/chunks/41356_next_dist_compiled_react-dom_fff4b597._.js:9068:186)
    at performSyncWorkOnRoot (http://localhost:4455/_next/static/chunks/41356_next_dist_compiled_react-dom_fff4b597._.js:10238:9)
    at flushSyncWorkAcrossRoots_impl (http://localhost:4455/_next/static/chunks/41356_next_dist_compiled_react-dom_fff4b597._.js:10154:316)
    at processRootScheduleInMicrotask (http://localhost:4455/_next/static/chunks/41356_next_dist_compiled_react-dom_fff4b597._.js:10175:106)
    at http://localhost:4455/_next/static/chunks/41356_next_dist_compiled_react-dom_fff4b597._.js:10249:158
[38473804ms] Error: `getTranslations` is not supported in Client Components.
    at eval (http://localhost:4455/_next/static/chunks/41356_db1ab835._.js?id=%255Bproject%255D%252FDocuments%252FTest%252FAI%252FAI-Resume-Builder%252Ffrontend%252Fnode_modules%252Fnext-intl%252Fdist%252Fesm%252Fdevelopment%252Fserver%252Freact-client%252Findex.js+%255Bapp-client%255D+%2528ecmascript%2529:32:15)
    at Footer (http://localhost:4455/_next/static/chunks/Documents_Test_AI_AI-Resume-Builder_frontend_a56fb98e._.js?id=%255Bproject%255D%252FDocuments%252FTest%252FAI%252FAI-Resume-Builder%252Ffrontend%252Fcomponents%252FFooter.tsx+%255Bapp-client%255D+%2528ecmascript%2529:17:306)
    at Object.react_stack_bottom_frame (http://localhost:4455/_next/static/chunks/41356_next_dist_compiled_react-dom_fff4b597._.js:14826:24)
    at renderWithHooks (http://localhost:4455/_next/static/chunks/41356_next_dist_compiled_react-dom_fff4b597._.js:4651:24)
    at updateFunctionComponent (http://localhost:4455/_next/static/chunks/41356_next_dist_compiled_react-dom_fff4b597._.js:6112:21)
    at beginWork (http://localhost:4455/_next/static/chunks/41356_next_dist_compiled_react-dom_fff4b597._.js:6708:24)
    at runWithFiberInDEV (http://localhost:4455/_next/static/chunks/41356_next_dist_compiled_react-dom_fff4b597._.js:965:74)
    at performUnitOfWork (http://localhost:4455/_next/static/chunks/41356_next_dist_compiled_react-dom_fff4b597._.js:9562:97)
    at workLoopSync (http://localhost:4455/_next/static/chunks/41356_next_dist_compiled_react-dom_fff4b597._.js:9456:40)
    at renderRootSync (http://localhost:4455/_next/static/chunks/41356_next_dist_compiled_react-dom_fff4b597._.js:9440:13)
    at performWorkOnRoot (http://localhost:4455/_next/static/chunks/41356_next_dist_compiled_react-dom_fff4b597._.js:9068:186)
    at performSyncWorkOnRoot (http://localhost:4455/_next/static/chunks/41356_next_dist_compiled_react-dom_fff4b597._.js:10238:9)
    at flushSyncWorkAcrossRoots_impl (http://localhost:4455/_next/static/chunks/41356_next_dist_compiled_react-dom_fff4b597._.js:10154:316)
    at processRootScheduleInMicrotask (http://localhost:4455/_next/static/chunks/41356_next_dist_compiled_react-dom_fff4b597._.js:10175:106)
    at http://localhost:4455/_next/static/chunks/41356_next_dist_compiled_react-dom_fff4b597._.js:10249:158
[38473807ms] Error: `getTranslations` is not supported in Client Components.
    at eval (http://localhost:4455/_next/static/chunks/41356_db1ab835._.js?id=%255Bproject%255D%252FDocuments%252FTest%252FAI%252FAI-Resume-Builder%252Ffrontend%252Fnode_modules%252Fnext-intl%252Fdist%252Fesm%252Fdevelopment%252Fserver%252Freact-client%252Findex.js+%255Bapp-client%255D+%2528ecmascript%2529:32:15)
    at Footer (http://localhost:4455/_next/static/chunks/Documents_Test_AI_AI-Resume-Builder_frontend_a56fb98e._.js?id=%255Bproject%255D%252FDocuments%252FTest%252FAI%252FAI-Resume-Builder%252Ffrontend%252Fcomponents%252FFooter.tsx+%255Bapp-client%255D+%2528ecmascript%2529:17:306)
    at Object.react_stack_bottom_frame (http://localhost:4455/_next/static/chunks/41356_next_dist_compiled_react-dom_fff4b597._.js:14826:24)
    at renderWithHooks (http://localhost:4455/_next/static/chunks/41356_next_dist_compiled_react-dom_fff4b597._.js:4651:24)
    at updateFunctionComponent (http://localhost:4455/_next/static/chunks/41356_next_dist_compiled_react-dom_fff4b597._.js:6112:21)
    at beginWork (http://localhost:4455/_next/static/chunks/41356_next_dist_compiled_react-dom_fff4b597._.js:6708:24)
    at runWithFiberInDEV (http://localhost:4455/_next/static/chunks/41356_next_dist_compiled_react-dom_fff4b597._.js:965:74)
    at performUnitOfWork (http://localhost:4455/_next/static/chunks/41356_next_dist_compiled_react-dom_fff4b597._.js:9562:97)
    at workLoopSync (http://localhost:4455/_next/static/chunks/41356_next_dist_compiled_react-dom_fff4b597._.js:9456:40)
    at renderRootSync (http://localhost:4455/_next/static/chunks/41356_next_dist_compiled_react-dom_fff4b597._.js:9440:13)
    at performWorkOnRoot (http://localhost:4455/_next/static/chunks/41356_next_dist_compiled_react-dom_fff4b597._.js:9068:186)
    at performSyncWorkOnRoot (http://localhost:4455/_next/static/chunks/41356_next_dist_compiled_react-dom_fff4b597._.js:10238:9)
    at flushSyncWorkAcrossRoots_impl (http://localhost:4455/_next/static/chunks/41356_next_dist_compiled_react-dom_fff4b597._.js:10154:316)
    at processRootScheduleInMicrotask (http://localhost:4455/_next/static/chunks/41356_next_dist_compiled_react-dom_fff4b597._.js:10175:106)
    at http://localhost:4455/_next/static/chunks/41356_next_dist_compiled_react-dom_fff4b597._.js:10249:158
[38473812ms] Error: `getTranslations` is not supported in Client Components.
    at eval (http://localhost:4455/_next/static/chunks/41356_db1ab835._.js?id=%255Bproject%255D%252FDocuments%252FTest%252FAI%252FAI-Resume-Builder%252Ffrontend%252Fnode_modules%252Fnext-intl%252Fdist%252Fesm%252Fdevelopment%252Fserver%252Freact-client%252Findex.js+%255Bapp-client%255D+%2528ecmascript%2529:32:15)
    at Footer (http://localhost:4455/_next/static/chunks/Documents_Test_AI_AI-Resume-Builder_frontend_a56fb98e._.js?id=%255Bproject%255D%252FDocuments%252FTest%252FAI%252FAI-Resume-Builder%252Ffrontend%252Fcomponents%252FFooter.tsx+%255Bapp-client%255D+%2528ecmascript%2529:17:306)
    at Object.react_stack_bottom_frame (http://localhost:4455/_next/static/chunks/41356_next_dist_compiled_react-dom_fff4b597._.js:14826:24)
    at renderWithHooks (http://localhost:4455/_next/static/chunks/41356_next_dist_compiled_react-dom_fff4b597._.js:4651:24)
    at updateFunctionComponent (http://localhost:4455/_next/static/chunks/41356_next_dist_compiled_react-dom_fff4b597._.js:6112:21)
    at beginWork (http://localhost:4455/_next/static/chunks/41356_next_dist_compiled_react-dom_fff4b597._.js:6708:24)
    at runWithFiberInDEV (http://localhost:4455/_next/static/chunks/41356_next_dist_compiled_react-dom_fff4b597._.js:965:74)
    at performUnitOfWork (http://localhost:4455/_next/static/chunks/41356_next_dist_compiled_react-dom_fff4b597._.js:9562:97)
    at workLoopSync (http://localhost:4455/_next/static/chunks/41356_next_dist_compiled_react-dom_fff4b597._.js:9456:40)
    at renderRootSync (http://localhost:4455/_next/static/chunks/41356_next_dist_compiled_react-dom_fff4b597._.js:9440:13)
    at performWorkOnRoot (http://localhost:4455/_next/static/chunks/41356_next_dist_compiled_react-dom_fff4b597._.js:9068:186)
    at performSyncWorkOnRoot (http://localhost:4455/_next/static/chunks/41356_next_dist_compiled_react-dom_fff4b597._.js:10238:9)
    at flushSyncWorkAcrossRoots_impl (http://localhost:4455/_next/static/chunks/41356_next_dist_compiled_react-dom_fff4b597._.js:10154:316)
    at processRootScheduleInMicrotask (http://localhost:4455/_next/static/chunks/41356_next_dist_compiled_react-dom_fff4b597._.js:10175:106)
    at http://localhost:4455/_next/static/chunks/41356_next_dist_compiled_react-dom_fff4b597._.js:10249:158
[38473817ms] Error: `getTranslations` is not supported in Client Components.
    at eval (http://localhost:4455/_next/static/chunks/41356_db1ab835._.js?id=%255Bproject%255D%252FDocuments%252FTest%252FAI%252FAI-Resume-Builder%252Ffrontend%252Fnode_modules%252Fnext-intl%252Fdist%252Fesm%252Fdevelopment%252Fserver%252Freact-client%252Findex.js+%255Bapp-client%255D+%2528ecmascript%2529:32:15)
    at Footer (http://localhost:4455/_next/static/chunks/Documents_Test_AI_AI-Resume-Builder_frontend_a56fb98e._.js?id=%255Bproject%255D%252FDocuments%252FTest%252FAI%252FAI-Resume-Builder%252Ffrontend%252Fcomponents%252FFooter.tsx+%255Bapp-client%255D+%2528ecmascript%2529:17:306)
    at Object.react_stack_bottom_frame (http://localhost:4455/_next/static/chunks/41356_next_dist_compiled_react-dom_fff4b597._.js:14826:24)
    at renderWithHooks (http://localhost:4455/_next/static/chunks/41356_next_dist_compiled_react-dom_fff4b597._.js:4651:24)
    at updateFunctionComponent (http://localhost:4455/_next/static/chunks/41356_next_dist_compiled_react-dom_fff4b597._.js:6112:21)
    at beginWork (http://localhost:4455/_next/static/chunks/41356_next_dist_compiled_react-dom_fff4b597._.js:6708:24)
    at runWithFiberInDEV (http://localhost:4455/_next/static/chunks/41356_next_dist_compiled_react-dom_fff4b597._.js:965:74)
    at performUnitOfWork (http://localhost:4455/_next/static/chunks/41356_next_dist_compiled_react-dom_fff4b597._.js:9562:97)
    at workLoopSync (http://localhost:4455/_next/static/chunks/41356_next_dist_compiled_react-dom_fff4b597._.js:9456:40)
    at renderRootSync (http://localhost:4455/_next/static/chunks/41356_next_dist_compiled_react-dom_fff4b597._.js:9440:13)
    at performWorkOnRoot (http://localhost:4455/_next/static/chunks/41356_next_dist_compiled_react-dom_fff4b597._.js:9068:186)
    at performSyncWorkOnRoot (http://localhost:4455/_next/static/chunks/41356_next_dist_compiled_react-dom_fff4b597._.js:10238:9)
    at flushSyncWorkAcrossRoots_impl (http://localhost:4455/_next/static/chunks/41356_next_dist_compiled_react-dom_fff4b597._.js:10154:316)
    at processRootScheduleInMicrotask (http://localhost:4455/_next/static/chunks/41356_next_dist_compiled_react-dom_fff4b597._.js:10175:106)
    at http://localhost:4455/_next/static/chunks/41356_next_dist_compiled_react-dom_fff4b597._.js:10249:158
[38473822ms] Error: `getTranslations` is not supported in Client Components.
    at eval (http://localhost:4455/_next/static/chunks/41356_db1ab835._.js?id=%255Bproject%255D%252FDocuments%252FTest%252FAI%252FAI-Resume-Builder%252Ffrontend%252Fnode_modules%252Fnext-intl%252Fdist%252Fesm%252Fdevelopment%252Fserver%252Freact-client%252Findex.js+%255Bapp-client%255D+%2528ecmascript%2529:32:15)
    at Footer (http://localhost:4455/_next/static/chunks/Documents_Test_AI_AI-Resume-Builder_frontend_a56fb98e._.js?id=%255Bproject%255D%252FDocuments%252FTest%252FAI%252FAI-Resume-Builder%252Ffrontend%252Fcomponents%252FFooter.tsx+%255Bapp-client%255D+%2528ecmascript%2529:17:306)
    at Object.react_stack_bottom_frame (http://localhost:4455/_next/static/chunks/41356_next_dist_compiled_react-dom_fff4b597._.js:14826:24)
    at renderWithHooks (http://localhost:4455/_next/static/chunks/41356_next_dist_compiled_react-dom_fff4b597._.js:4651:24)
    at updateFunctionComponent (http://localhost:4455/_next/static/chunks/41356_next_dist_compiled_react-dom_fff4b597._.js:6112:21)
    at beginWork (http://localhost:4455/_next/static/chunks/41356_next_dist_compiled_react-dom_fff4b597._.js:6708:24)
    at runWithFiberInDEV (http://localhost:4455/_next/static/chunks/41356_next_dist_compiled_react-dom_fff4b597._.js:965:74)
    at performUnitOfWork (http://localhost:4455/_next/static/chunks/41356_next_dist_compiled_react-dom_fff4b597._.js:9562:97)
    at workLoopSync (http://localhost:4455/_next/static/chunks/41356_next_dist_compiled_react-dom_fff4b597._.js:9456:40)
    at renderRootSync (http://localhost:4455/_next/static/chunks/41356_next_dist_compiled_react-dom_fff4b597._.js:9440:13)
    at performWorkOnRoot (http://localhost:4455/_next/static/chunks/41356_next_dist_compiled_react-dom_fff4b597._.js:9068:186)
    at performSyncWorkOnRoot (http://localhost:4455/_next/static/chunks/41356_next_dist_compiled_react-dom_fff4b597._.js:10238:9)
    at flushSyncWorkAcrossRoots_impl (http://localhost:4455/_next/static/chunks/41356_next_dist_compiled_react-dom_fff4b597._.js:10154:316)
    at processRootScheduleInMicrotask (http://localhost:4455/_next/static/chunks/41356_next_dist_compiled_react-dom_fff4b597._.js:10175:106)
    at http://localhost:4455/_next/static/chunks/41356_next_dist_compiled_react-dom_fff4b597._.js:10249:158
[38473825ms] Error: `getTranslations` is not supported in Client Components.
    at eval (http://localhost:4455/_next/static/chunks/41356_db1ab835._.js?id=%255Bproject%255D%252FDocuments%252FTest%252FAI%252FAI-Resume-Builder%252Ffrontend%252Fnode_modules%252Fnext-intl%252Fdist%252Fesm%252Fdevelopment%252Fserver%252Freact-client%252Findex.js+%255Bapp-client%255D+%2528ecmascript%2529:32:15)
    at Footer (http://localhost:4455/_next/static/chunks/Documents_Test_AI_AI-Resume-Builder_frontend_a56fb98e._.js?id=%255Bproject%255D%252FDocuments%252FTest%252FAI%252FAI-Resume-Builder%252Ffrontend%252Fcomponents%252FFooter.tsx+%255Bapp-client%255D+%2528ecmascript%2529:17:306)
    at Object.react_stack_bottom_frame (http://localhost:4455/_next/static/chunks/41356_next_dist_compiled_react-dom_fff4b597._.js:14826:24)
    at renderWithHooks (http://localhost:4455/_next/static/chunks/41356_next_dist_compiled_react-dom_fff4b597._.js:4651:24)
    at updateFunctionComponent (http://localhost:4455/_next/static/chunks/41356_next_dist_compiled_react-dom_fff4b597._.js:6112:21)
    at beginWork (http://localhost:4455/_next/static/chunks/41356_next_dist_compiled_react-dom_fff4b597._.js:6708:24)
    at runWithFiberInDEV (http://localhost:4455/_next/static/chunks/41356_next_dist_compiled_react-dom_fff4b597._.js:965:74)
    at performUnitOfWork (http://localhost:4455/_next/static/chunks/41356_next_dist_compiled_react-dom_fff4b597._.js:9562:97)
    at workLoopSync (http://localhost:4455/_next/static/chunks/41356_next_dist_compiled_react-dom_fff4b597._.js:9456:40)
    at renderRootSync (http://localhost:4455/_next/static/chunks/41356_next_dist_compiled_react-dom_fff4b597._.js:9440:13)
    at performWorkOnRoot (http://localhost:4455/_next/static/chunks/41356_next_dist_compiled_react-dom_fff4b597._.js:9068:186)
    at performSyncWorkOnRoot (http://localhost:4455/_next/static/chunks/41356_next_dist_compiled_react-dom_fff4b597._.js:10238:9)
    at flushSyncWorkAcrossRoots_impl (http://localhost:4455/_next/static/chunks/41356_next_dist_compiled_react-dom_fff4b597._.js:10154:316)
    at processRootScheduleInMicrotask (http://localhost:4455/_next/static/chunks/41356_next_dist_compiled_react-dom_fff4b597._.js:10175:106)
    at http://localhost:4455/_next/static/chunks/41356_next_dist_compiled_react-dom_fff4b597._.js:10249:158
[38473829ms] Error: `getTranslations` is not supported in Client Components.
    at eval (http://localhost:4455/_next/static/chunks/41356_db1ab835._.js?id=%255Bproject%255D%252FDocuments%252FTest%252FAI%252FAI-Resume-Builder%252Ffrontend%252Fnode_modules%252Fnext-intl%252Fdist%252Fesm%252Fdevelopment%252Fserver%252Freact-client%252Findex.js+%255Bapp-client%255D+%2528ecmascript%2529:32:15)
    at Footer (http://localhost:4455/_next/static/chunks/Documents_Test_AI_AI-Resume-Builder_frontend_a56fb98e._.js?id=%255Bproject%255D%252FDocuments%252FTest%252FAI%252FAI-Resume-Builder%252Ffrontend%252Fcomponents%252FFooter.tsx+%255Bapp-client%255D+%2528ecmascript%2529:17:306)
    at Object.react_stack_bottom_frame (http://localhost:4455/_next/static/chunks/41356_next_dist_compiled_react-dom_fff4b597._.js:14826:24)
    at renderWithHooks (http://localhost:4455/_next/static/chunks/41356_next_dist_compiled_react-dom_fff4b597._.js:4651:24)
    at updateFunctionComponent (http://localhost:4455/_next/static/chunks/41356_next_dist_compiled_react-dom_fff4b597._.js:6112:21)
    at beginWork (http://localhost:4455/_next/static/chunks/41356_next_dist_compiled_react-dom_fff4b597._.js:6708:24)
    at runWithFiberInDEV (http://localhost:4455/_next/static/chunks/41356_next_dist_compiled_react-dom_fff4b597._.js:965:74)
    at performUnitOfWork (http://localhost:4455/_next/static/chunks/41356_next_dist_compiled_react-dom_fff4b597._.js:9562:97)
    at workLoopSync (http://localhost:4455/_next/static/chunks/41356_next_dist_compiled_react-dom_fff4b597._.js:9456:40)
    at renderRootSync (http://localhost:4455/_next/static/chunks/41356_next_dist_compiled_react-dom_fff4b597._.js:9440:13)
    at performWorkOnRoot (http://localhost:4455/_next/static/chunks/41356_next_dist_compiled_react-dom_fff4b597._.js:9068:186)
    at performSyncWorkOnRoot (http://localhost:4455/_next/static/chunks/41356_next_dist_compiled_react-dom_fff4b597._.js:10238:9)
    at flushSyncWorkAcrossRoots_impl (http://localhost:4455/_next/static/chunks/41356_next_dist_compiled_react-dom_fff4b597._.js:10154:316)
    at processRootScheduleInMicrotask (http://localhost:4455/_next/static/chunks/41356_next_dist_compiled_react-dom_fff4b597._.js:10175:106)
    at http://localhost:4455/_next/static/chunks/41356_next_dist_compiled_react-dom_fff4b597._.js:10249:158
[38473833ms] Error: `getTranslations` is not supported in Client Components.
    at eval (http://localhost:4455/_next/static/chunks/41356_db1ab835._.js?id=%255Bproject%255D%252FDocuments%252FTest%252FAI%252FAI-Resume-Builder%252Ffrontend%252Fnode_modules%252Fnext-intl%252Fdist%252Fesm%252Fdevelopment%252Fserver%252Freact-client%252Findex.js+%255Bapp-client%255D+%2528ecmascript%2529:32:15)
    at Footer (http://localhost:4455/_next/static/chunks/Documents_Test_AI_AI-Resume-Builder_frontend_a56fb98e._.js?id=%255Bproject%255D%252FDocuments%252FTest%252FAI%252FAI-Resume-Builder%252Ffrontend%252Fcomponents%252FFooter.tsx+%255Bapp-client%255D+%2528ecmascript%2529:17:306)
    at Object.react_stack_bottom_frame (http://localhost:4455/_next/static/chunks/41356_next_dist_compiled_react-dom_fff4b597._.js:14826:24)
    at renderWithHooks (http://localhost:4455/_next/static/chunks/41356_next_dist_compiled_react-dom_fff4b597._.js:4651:24)
    at updateFunctionComponent (http://localhost:4455/_next/static/chunks/41356_next_dist_compiled_react-dom_fff4b597._.js:6112:21)
    at beginWork (http://localhost:4455/_next/static/chunks/41356_next_dist_compiled_react-dom_fff4b597._.js:6708:24)
    at runWithFiberInDEV (http://localhost:4455/_next/static/chunks/41356_next_dist_compiled_react-dom_fff4b597._.js:965:74)
    at performUnitOfWork (http://localhost:4455/_next/static/chunks/41356_next_dist_compiled_react-dom_fff4b597._.js:9562:97)
    at workLoopSync (http://localhost:4455/_next/static/chunks/41356_next_dist_compiled_react-dom_fff4b597._.js:9456:40)
    at renderRootSync (http://localhost:4455/_next/static/chunks/41356_next_dist_compiled_react-dom_fff4b597._.js:9440:13)
    at performWorkOnRoot (http://localhost:4455/_next/static/chunks/41356_next_dist_compiled_react-dom_fff4b597._.js:9068:186)
    at performSyncWorkOnRoot (http://localhost:4455/_next/static/chunks/41356_next_dist_compiled_react-dom_fff4b597._.js:10238:9)
    at flushSyncWorkAcrossRoots_impl (http://localhost:4455/_next/static/chunks/41356_next_dist_compiled_react-dom_fff4b597._.js:10154:316)
    at processRootScheduleInMicrotask (http://localhost:4455/_next/static/chunks/41356_next_dist_compiled_react-dom_fff4b597._.js:10175:106)
    at http://localhost:4455/_next/static/chunks/41356_next_dist_compiled_react-dom_fff4b597._.js:10249:158
[38473838ms] Error: `getTranslations` is not supported in Client Components.
    at eval (http://localhost:4455/_next/static/chunks/41356_db1ab835._.js?id=%255Bproject%255D%252FDocuments%252FTest%252FAI%252FAI-Resume-Builder%252Ffrontend%252Fnode_modules%252Fnext-intl%252Fdist%252Fesm%252Fdevelopment%252Fserver%252Freact-client%252Findex.js+%255Bapp-client%255D+%2528ecmascript%2529:32:15)
    at Footer (http://localhost:4455/_next/static/chunks/Documents_Test_AI_AI-Resume-Builder_frontend_a56fb98e._.js?id=%255Bproject%255D%252FDocuments%252FTest%252FAI%252FAI-Resume-Builder%252Ffrontend%252Fcomponents%252FFooter.tsx+%255Bapp-client%255D+%2528ecmascript%2529:17:306)
    at Object.react_stack_bottom_frame (http://localhost:4455/_next/static/chunks/41356_next_dist_compiled_react-dom_fff4b597._.js:14826:24)
    at renderWithHooks (http://localhost:4455/_next/static/chunks/41356_next_dist_compiled_react-dom_fff4b597._.js:4651:24)
    at updateFunctionComponent (http://localhost:4455/_next/static/chunks/41356_next_dist_compiled_react-dom_fff4b597._.js:6112:21)
    at beginWork (http://localhost:4455/_next/static/chunks/41356_next_dist_compiled_react-dom_fff4b597._.js:6708:24)
    at runWithFiberInDEV (http://localhost:4455/_next/static/chunks/41356_next_dist_compiled_react-dom_fff4b597._.js:965:74)
    at performUnitOfWork (http://localhost:4455/_next/static/chunks/41356_next_dist_compiled_react-dom_fff4b597._.js:9562:97)
    at workLoopSync (http://localhost:4455/_next/static/chunks/41356_next_dist_compiled_react-dom_fff4b597._.js:9456:40)
    at renderRootSync (http://localhost:4455/_next/static/chunks/41356_next_dist_compiled_react-dom_fff4b597._.js:9440:13)
    at performWorkOnRoot (http://localhost:4455/_next/static/chunks/41356_next_dist_compiled_react-dom_fff4b597._.js:9068:186)
    at performSyncWorkOnRoot (http://localhost:4455/_next/static/chunks/41356_next_dist_compiled_react-dom_fff4b597._.js:10238:9)
    at flushSyncWorkAcrossRoots_impl (http://localhost:4455/_next/static/chunks/41356_next_dist_compiled_react-dom_fff4b597._.js:10154:316)
    at processRootScheduleInMicrotask (http://localhost:4455/_next/static/chunks/41356_next_dist_compiled_react-dom_fff4b597._.js:10175:106)
    at http://localhost:4455/_next/static/chunks/41356_next_dist_compiled_react-dom_fff4b597._.js:10249:158
[38473842ms] Error: `getTranslations` is not supported in Client Components.
    at eval (http://localhost:4455/_next/static/chunks/41356_db1ab835._.js?id=%255Bproject%255D%252FDocuments%252FTest%252FAI%252FAI-Resume-Builder%252Ffrontend%252Fnode_modules%252Fnext-intl%252Fdist%252Fesm%252Fdevelopment%252Fserver%252Freact-client%252Findex.js+%255Bapp-client%255D+%2528ecmascript%2529:32:15)
    at Footer (http://localhost:4455/_next/static/chunks/Documents_Test_AI_AI-Resume-Builder_frontend_a56fb98e._.js?id=%255Bproject%255D%252FDocuments%252FTest%252FAI%252FAI-Resume-Builder%252Ffrontend%252Fcomponents%252FFooter.tsx+%255Bapp-client%255D+%2528ecmascript%2529:17:306)
    at Object.react_stack_bottom_frame (http://localhost:4455/_next/static/chunks/41356_next_dist_compiled_react-dom_fff4b597._.js:14826:24)
    at renderWithHooks (http://localhost:4455/_next/static/chunks/41356_next_dist_compiled_react-dom_fff4b597._.js:4651:24)
    at updateFunctionComponent (http://localhost:4455/_next/static/chunks/41356_next_dist_compiled_react-dom_fff4b597._.js:6112:21)
    at beginWork (http://localhost:4455/_next/static/chunks/41356_next_dist_compiled_react-dom_fff4b597._.js:6708:24)
    at runWithFiberInDEV (http://localhost:4455/_next/static/chunks/41356_next_dist_compiled_react-dom_fff4b597._.js:965:74)
    at performUnitOfWork (http://localhost:4455/_next/static/chunks/41356_next_dist_compiled_react-dom_fff4b597._.js:9562:97)
    at workLoopSync (http://localhost:4455/_next/static/chunks/41356_next_dist_compiled_react-dom_fff4b597._.js:9456:40)
    at renderRootSync (http://localhost:4455/_next/static/chunks/41356_next_dist_compiled_react-dom_fff4b597._.js:9440:13)
    at performWorkOnRoot (http://localhost:4455/_next/static/chunks/41356_next_dist_compiled_react-dom_fff4b597._.js:9068:186)
    at performSyncWorkOnRoot (http://localhost:4455/_next/static/chunks/41356_next_dist_compiled_react-dom_fff4b597._.js:10238:9)
    at flushSyncWorkAcrossRoots_impl (http://localhost:4455/_next/static/chunks/41356_next_dist_compiled_react-dom_fff4b597._.js:10154:316)
    at processRootScheduleInMicrotask (http://localhost:4455/_next/static/chunks/41356_next_dist_compiled_react-dom_fff4b597._.js:10175:106)
    at http://localhost:4455/_next/static/chunks/41356_next_dist_compiled_react-dom_fff4b597._.js:10249:158
[38473846ms] Error: `getTranslations` is not supported in Client Components.
    at eval (http://localhost:4455/_next/static/chunks/41356_db1ab835._.js?id=%255Bproject%255D%252FDocuments%252FTest%252FAI%252FAI-Resume-Builder%252Ffrontend%252Fnode_modules%252Fnext-intl%252Fdist%252Fesm%252Fdevelopment%252Fserver%252Freact-client%252Findex.js+%255Bapp-client%255D+%2528ecmascript%2529:32:15)
    at Footer (http://localhost:4455/_next/static/chunks/Documents_Test_AI_AI-Resume-Builder_frontend_a56fb98e._.js?id=%255Bproject%255D%252FDocuments%252FTest%252FAI%252FAI-Resume-Builder%252Ffrontend%252Fcomponents%252FFooter.tsx+%255Bapp-client%255D+%2528ecmascript%2529:17:306)
    at Object.react_stack_bottom_frame (http://localhost:4455/_next/static/chunks/41356_next_dist_compiled_react-dom_fff4b597._.js:14826:24)
    at renderWithHooks (http://localhost:4455/_next/static/chunks/41356_next_dist_compiled_react-dom_fff4b597._.js:4651:24)
    at updateFunctionComponent (http://localhost:4455/_next/static/chunks/41356_next_dist_compiled_react-dom_fff4b597._.js:6112:21)
    at beginWork (http://localhost:4455/_next/static/chunks/41356_next_dist_compiled_react-dom_fff4b597._.js:6708:24)
    at runWithFiberInDEV (http://localhost:4455/_next/static/chunks/41356_next_dist_compiled_react-dom_fff4b597._.js:965:74)
    at performUnitOfWork (http://localhost:4455/_next/static/chunks/41356_next_dist_compiled_react-dom_fff4b597._.js:9562:97)
    at workLoopSync (http://localhost:4455/_next/static/chunks/41356_next_dist_compiled_react-dom_fff4b597._.js:9456:40)
    at renderRootSync (http://localhost:4455/_next/static/chunks/41356_next_dist_compiled_react-dom_fff4b597._.js:9440:13)
    at performWorkOnRoot (http://localhost:4455/_next/static/chunks/41356_next_dist_compiled_react-dom_fff4b597._.js:9068:186)
    at performSyncWorkOnRoot (http://localhost:4455/_next/static/chunks/41356_next_dist_compiled_react-dom_fff4b597._.js:10238:9)
    at flushSyncWorkAcrossRoots_impl (http://localhost:4455/_next/static/chunks/41356_next_dist_compiled_react-dom_fff4b597._.js:10154:316)
    at processRootScheduleInMicrotask (http://localhost:4455/_next/static/chunks/41356_next_dist_compiled_react-dom_fff4b597._.js:10175:106)
    at http://localhost:4455/_next/static/chunks/41356_next_dist_compiled_react-dom_fff4b597._.js:10249:158
[38473851ms] Error: `getTranslations` is not supported in Client Components.
    at eval (http://localhost:4455/_next/static/chunks/41356_db1ab835._.js?id=%255Bproject%255D%252FDocuments%252FTest%252FAI%252FAI-Resume-Builder%252Ffrontend%252Fnode_modules%252Fnext-intl%252Fdist%252Fesm%252Fdevelopment%252Fserver%252Freact-client%252Findex.js+%255Bapp-client%255D+%2528ecmascript%2529:32:15)
    at Footer (http://localhost:4455/_next/static/chunks/Documents_Test_AI_AI-Resume-Builder_frontend_a56fb98e._.js?id=%255Bproject%255D%252FDocuments%252FTest%252FAI%252FAI-Resume-Builder%252Ffrontend%252Fcomponents%252FFooter.tsx+%255Bapp-client%255D+%2528ecmascript%2529:17:306)
    at Object.react_stack_bottom_frame (http://localhost:4455/_next/static/chunks/41356_next_dist_compiled_react-dom_fff4b597._.js:14826:24)
    at renderWithHooks (http://localhost:4455/_next/static/chunks/41356_next_dist_compiled_react-dom_fff4b597._.js:4651:24)
    at updateFunctionComponent (http://localhost:4455/_next/static/chunks/41356_next_dist_compiled_react-dom_fff4b597._.js:6112:21)
    at beginWork (http://localhost:4455/_next/static/chunks/41356_next_dist_compiled_react-dom_fff4b597._.js:6708:24)
    at runWithFiberInDEV (http://localhost:4455/_next/static/chunks/41356_next_dist_compiled_react-dom_fff4b597._.js:965:74)
    at performUnitOfWork (http://localhost:4455/_next/static/chunks/41356_next_dist_compiled_react-dom_fff4b597._.js:9562:97)
    at workLoopSync (http://localhost:4455/_next/static/chunks/41356_next_dist_compiled_react-dom_fff4b597._.js:9456:40)
    at renderRootSync (http://localhost:4455/_next/static/chunks/41356_next_dist_compiled_react-dom_fff4b597._.js:9440:13)
    at performWorkOnRoot (http://localhost:4455/_next/static/chunks/41356_next_dist_compiled_react-dom_fff4b597._.js:9068:186)
    at performSyncWorkOnRoot (http://localhost:4455/_next/static/chunks/41356_next_dist_compiled_react-dom_fff4b597._.js:10238:9)
    at flushSyncWorkAcrossRoots_impl (http://localhost:4455/_next/static/chunks/41356_next_dist_compiled_react-dom_fff4b597._.js:10154:316)
    at processRootScheduleInMicrotask (http://localhost:4455/_next/static/chunks/41356_next_dist_compiled_react-dom_fff4b597._.js:10175:106)
    at http://localhost:4455/_next/static/chunks/41356_next_dist_compiled_react-dom_fff4b597._.js:10249:158
[38473854ms] Error: `getTranslations` is not supported in Client Components.
    at eval (http://localhost:4455/_next/static/chunks/41356_db1ab835._.js?id=%255Bproject%255D%252FDocuments%252FTest%252FAI%252FAI-Resume-Builder%252Ffrontend%252Fnode_modules%252Fnext-intl%252Fdist%252Fesm%252Fdevelopment%252Fserver%252Freact-client%252Findex.js+%255Bapp-client%255D+%2528ecmascript%2529:32:15)
    at Footer (http://localhost:4455/_next/static/chunks/Documents_Test_AI_AI-Resume-Builder_frontend_a56fb98e._.js?id=%255Bproject%255D%252FDocuments%252FTest%252FAI%252FAI-Resume-Builder%252Ffrontend%252Fcomponents%252FFooter.tsx+%255Bapp-client%255D+%2528ecmascript%2529:17:306)
    at Object.react_stack_bottom_frame (http://localhost:4455/_next/static/chunks/41356_next_dist_compiled_react-dom_fff4b597._.js:14826:24)
    at renderWithHooks (http://localhost:4455/_next/static/chunks/41356_next_dist_compiled_react-dom_fff4b597._.js:4651:24)
    at updateFunctionComponent (http://localhost:4455/_next/static/chunks/41356_next_dist_compiled_react-dom_fff4b597._.js:6112:21)
    at beginWork (http://localhost:4455/_next/static/chunks/41356_next_dist_compiled_react-dom_fff4b597._.js:6708:24)
    at runWithFiberInDEV (http://localhost:4455/_next/static/chunks/41356_next_dist_compiled_react-dom_fff4b597._.js:965:74)
    at performUnitOfWork (http://localhost:4455/_next/static/chunks/41356_next_dist_compiled_react-dom_fff4b597._.js:9562:97)
    at workLoopSync (http://localhost:4455/_next/static/chunks/41356_next_dist_compiled_react-dom_fff4b597._.js:9456:40)
    at renderRootSync (http://localhost:4455/_next/static/chunks/41356_next_dist_compiled_react-dom_fff4b597._.js:9440:13)
    at performWorkOnRoot (http://localhost:4455/_next/static/chunks/41356_next_dist_compiled_react-dom_fff4b597._.js:9068:186)
    at performSyncWorkOnRoot (http://localhost:4455/_next/static/chunks/41356_next_dist_compiled_react-dom_fff4b597._.js:10238:9)
    at flushSyncWorkAcrossRoots_impl (http://localhost:4455/_next/static/chunks/41356_next_dist_compiled_react-dom_fff4b597._.js:10154:316)
    at processRootScheduleInMicrotask (http://localhost:4455/_next/static/chunks/41356_next_dist_compiled_react-dom_fff4b597._.js:10175:106)
    at http://localhost:4455/_next/static/chunks/41356_next_dist_compiled_react-dom_fff4b597._.js:10249:158
[38473860ms] Error: `getTranslations` is not supported in Client Components.
    at eval (http://localhost:4455/_next/static/chunks/41356_db1ab835._.js?id=%255Bproject%255D%252FDocuments%252FTest%252FAI%252FAI-Resume-Builder%252Ffrontend%252Fnode_modules%252Fnext-intl%252Fdist%252Fesm%252Fdevelopment%252Fserver%252Freact-client%252Findex.js+%255Bapp-client%255D+%2528ecmascript%2529:32:15)
    at Footer (http://localhost:4455/_next/static/chunks/Documents_Test_AI_AI-Resume-Builder_frontend_a56fb98e._.js?id=%255Bproject%255D%252FDocuments%252FTest%252FAI%252FAI-Resume-Builder%252Ffrontend%252Fcomponents%252FFooter.tsx+%255Bapp-client%255D+%2528ecmascript%2529:17:306)
    at Object.react_stack_bottom_frame (http://localhost:4455/_next/static/chunks/41356_next_dist_compiled_react-dom_fff4b597._.js:14826:24)
    at renderWithHooks (http://localhost:4455/_next/static/chunks/41356_next_dist_compiled_react-dom_fff4b597._.js:4651:24)
    at updateFunctionComponent (http://localhost:4455/_next/static/chunks/41356_next_dist_compiled_react-dom_fff4b597._.js:6112:21)
    at beginWork (http://localhost:4455/_next/static/chunks/41356_next_dist_compiled_react-dom_fff4b597._.js:6708:24)
    at runWithFiberInDEV (http://localhost:4455/_next/static/chunks/41356_next_dist_compiled_react-dom_fff4b597._.js:965:74)
    at performUnitOfWork (http://localhost:4455/_next/static/chunks/41356_next_dist_compiled_react-dom_fff4b597._.js:9562:97)
    at workLoopSync (http://localhost:4455/_next/static/chunks/41356_next_dist_compiled_react-dom_fff4b597._.js:9456:40)
    at renderRootSync (http://localhost:4455/_next/static/chunks/41356_next_dist_compiled_react-dom_fff4b597._.js:9440:13)
    at performWorkOnRoot (http://localhost:4455/_next/static/chunks/41356_next_dist_compiled_react-dom_fff4b597._.js:9068:186)
    at performSyncWorkOnRoot (http://localhost:4455/_next/static/chunks/41356_next_dist_compiled_react-dom_fff4b597._.js:10238:9)
    at flushSyncWorkAcrossRoots_impl (http://localhost:4455/_next/static/chunks/41356_next_dist_compiled_react-dom_fff4b597._.js:10154:316)
    at processRootScheduleInMicrotask (http://localhost:4455/_next/static/chunks/41356_next_dist_compiled_react-dom_fff4b597._.js:10175:106)
    at http://localhost:4455/_next/static/chunks/41356_next_dist_compiled_react-dom_fff4b597._.js:10249:158
[38473863ms] Error: `getTranslations` is not supported in Client Components.
    at eval (http://localhost:4455/_next/static/chunks/41356_db1ab835._.js?id=%255Bproject%255D%252FDocuments%252FTest%252FAI%252FAI-Resume-Builder%252Ffrontend%252Fnode_modules%252Fnext-intl%252Fdist%252Fesm%252Fdevelopment%252Fserver%252Freact-client%252Findex.js+%255Bapp-client%255D+%2528ecmascript%2529:32:15)
    at Footer (http://localhost:4455/_next/static/chunks/Documents_Test_AI_AI-Resume-Builder_frontend_a56fb98e._.js?id=%255Bproject%255D%252FDocuments%252FTest%252FAI%252FAI-Resume-Builder%252Ffrontend%252Fcomponents%252FFooter.tsx+%255Bapp-client%255D+%2528ecmascript%2529:17:306)
    at Object.react_stack_bottom_frame (http://localhost:4455/_next/static/chunks/41356_next_dist_compiled_react-dom_fff4b597._.js:14826:24)
    at renderWithHooks (http://localhost:4455/_next/static/chunks/41356_next_dist_compiled_react-dom_fff4b597._.js:4651:24)
    at updateFunctionComponent (http://localhost:4455/_next/static/chunks/41356_next_dist_compiled_react-dom_fff4b597._.js:6112:21)
    at beginWork (http://localhost:4455/_next/static/chunks/41356_next_dist_compiled_react-dom_fff4b597._.js:6708:24)
    at runWithFiberInDEV (http://localhost:4455/_next/static/chunks/41356_next_dist_compiled_react-dom_fff4b597._.js:965:74)
    at performUnitOfWork (http://localhost:4455/_next/static/chunks/41356_next_dist_compiled_react-dom_fff4b597._.js:9562:97)
    at workLoopSync (http://localhost:4455/_next/static/chunks/41356_next_dist_compiled_react-dom_fff4b597._.js:9456:40)
    at renderRootSync (http://localhost:4455/_next/static/chunks/41356_next_dist_compiled_react-dom_fff4b597._.js:9440:13)
    at performWorkOnRoot (http://localhost:4455/_next/static/chunks/41356_next_dist_compiled_react-dom_fff4b597._.js:9068:186)
    at performSyncWorkOnRoot (http://localhost:4455/_next/static/chunks/41356_next_dist_compiled_react-dom_fff4b597._.js:10238:9)
    at flushSyncWorkAcrossRoots_impl (http://localhost:4455/_next/static/chunks/41356_next_dist_compiled_react-dom_fff4b597._.js:10154:316)
    at processRootScheduleInMicrotask (http://localhost:4455/_next/static/chunks/41356_next_dist_compiled_react-dom_fff4b597._.js:10175:106)
    at http://localhost:4455/_next/static/chunks/41356_next_dist_compiled_react-dom_fff4b597._.js:10249:158
[38473867ms] Error: `getTranslations` is not supported in Client Components.
    at eval (http://localhost:4455/_next/static/chunks/41356_db1ab835._.js?id=%255Bproject%255D%252FDocuments%252FTest%252FAI%252FAI-Resume-Builder%252Ffrontend%252Fnode_modules%252Fnext-intl%252Fdist%252Fesm%252Fdevelopment%252Fserver%252Freact-client%252Findex.js+%255Bapp-client%255D+%2528ecmascript%2529:32:15)
    at Footer (http://localhost:4455/_next/static/chunks/Documents_Test_AI_AI-Resume-Builder_frontend_a56fb98e._.js?id=%255Bproject%255D%252FDocuments%252FTest%252FAI%252FAI-Resume-Builder%252Ffrontend%252Fcomponents%252FFooter.tsx+%255Bapp-client%255D+%2528ecmascript%2529:17:306)
    at Object.react_stack_bottom_frame (http://localhost:4455/_next/static/chunks/41356_next_dist_compiled_react-dom_fff4b597._.js:14826:24)
    at renderWithHooks (http://localhost:4455/_next/static/chunks/41356_next_dist_compiled_react-dom_fff4b597._.js:4651:24)
    at updateFunctionComponent (http://localhost:4455/_next/static/chunks/41356_next_dist_compiled_react-dom_fff4b597._.js:6112:21)
    at beginWork (http://localhost:4455/_next/static/chunks/41356_next_dist_compiled_react-dom_fff4b597._.js:6708:24)
    at runWithFiberInDEV (http://localhost:4455/_next/static/chunks/41356_next_dist_compiled_react-dom_fff4b597._.js:965:74)
    at performUnitOfWork (http://localhost:4455/_next/static/chunks/41356_next_dist_compiled_react-dom_fff4b597._.js:9562:97)
    at workLoopSync (http://localhost:4455/_next/static/chunks/41356_next_dist_compiled_react-dom_fff4b597._.js:9456:40)
    at renderRootSync (http://localhost:4455/_next/static/chunks/41356_next_dist_compiled_react-dom_fff4b597._.js:9440:13)
    at performWorkOnRoot (http://localhost:4455/_next/static/chunks/41356_next_dist_compiled_react-dom_fff4b597._.js:9068:186)
    at performSyncWorkOnRoot (http://localhost:4455/_next/static/chunks/41356_next_dist_compiled_react-dom_fff4b597._.js:10238:9)
    at flushSyncWorkAcrossRoots_impl (http://localhost:4455/_next/static/chunks/41356_next_dist_compiled_react-dom_fff4b597._.js:10154:316)
    at processRootScheduleInMicrotask (http://localhost:4455/_next/static/chunks/41356_next_dist_compiled_react-dom_fff4b597._.js:10175:106)
    at http://localhost:4455/_next/static/chunks/41356_next_dist_compiled_react-dom_fff4b597._.js:10249:158
[38473871ms] Error: `getTranslations` is not supported in Client Components.
    at eval (http://localhost:4455/_next/static/chunks/41356_db1ab835._.js?id=%255Bproject%255D%252FDocuments%252FTest%252FAI%252FAI-Resume-Builder%252Ffrontend%252Fnode_modules%252Fnext-intl%252Fdist%252Fesm%252Fdevelopment%252Fserver%252Freact-client%252Findex.js+%255Bapp-client%255D+%2528ecmascript%2529:32:15)
    at Footer (http://localhost:4455/_next/static/chunks/Documents_Test_AI_AI-Resume-Builder_frontend_a56fb98e._.js?id=%255Bproject%255D%252FDocuments%252FTest%252FAI%252FAI-Resume-Builder%252Ffrontend%252Fcomponents%252FFooter.tsx+%255Bapp-client%255D+%2528ecmascript%2529:17:306)
    at Object.react_stack_bottom_frame (http://localhost:4455/_next/static/chunks/41356_next_dist_compiled_react-dom_fff4b597._.js:14826:24)
    at renderWithHooks (http://localhost:4455/_next/static/chunks/41356_next_dist_compiled_react-dom_fff4b597._.js:4651:24)
    at updateFunctionComponent (http://localhost:4455/_next/static/chunks/41356_next_dist_compiled_react-dom_fff4b597._.js:6112:21)
    at beginWork (http://localhost:4455/_next/static/chunks/41356_next_dist_compiled_react-dom_fff4b597._.js:6708:24)
    at runWithFiberInDEV (http://localhost:4455/_next/static/chunks/41356_next_dist_compiled_react-dom_fff4b597._.js:965:74)
    at performUnitOfWork (http://localhost:4455/_next/static/chunks/41356_next_dist_compiled_react-dom_fff4b597._.js:9562:97)
    at workLoopSync (http://localhost:4455/_next/static/chunks/41356_next_dist_compiled_react-dom_fff4b597._.js:9456:40)
    at renderRootSync (http://localhost:4455/_next/static/chunks/41356_next_dist_compiled_react-dom_fff4b597._.js:9440:13)
    at performWorkOnRoot (http://localhost:4455/_next/static/chunks/41356_next_dist_compiled_react-dom_fff4b597._.js:9068:186)
    at performSyncWorkOnRoot (http://localhost:4455/_next/static/chunks/41356_next_dist_compiled_react-dom_fff4b597._.js:10238:9)
    at flushSyncWorkAcrossRoots_impl (http://localhost:4455/_next/static/chunks/41356_next_dist_compiled_react-dom_fff4b597._.js:10154:316)
    at processRootScheduleInMicrotask (http://localhost:4455/_next/static/chunks/41356_next_dist_compiled_react-dom_fff4b597._.js:10175:106)
    at http://localhost:4455/_next/static/chunks/41356_next_dist_compiled_react-dom_fff4b597._.js:10249:158
[38473876ms] Error: `getTranslations` is not supported in Client Components.
    at eval (http://localhost:4455/_next/static/chunks/41356_db1ab835._.js?id=%255Bproject%255D%252FDocuments%252FTest%252FAI%252FAI-Resume-Builder%252Ffrontend%252Fnode_modules%252Fnext-intl%252Fdist%252Fesm%252Fdevelopment%252Fserver%252Freact-client%252Findex.js+%255Bapp-client%255D+%2528ecmascript%2529:32:15)
    at Footer (http://localhost:4455/_next/static/chunks/Documents_Test_AI_AI-Resume-Builder_frontend_a56fb98e._.js?id=%255Bproject%255D%252FDocuments%252FTest%252FAI%252FAI-Resume-Builder%252Ffrontend%252Fcomponents%252FFooter.tsx+%255Bapp-client%255D+%2528ecmascript%2529:17:306)
    at Object.react_stack_bottom_frame (http://localhost:4455/_next/static/chunks/41356_next_dist_compiled_react-dom_fff4b597._.js:14826:24)
    at renderWithHooks (http://localhost:4455/_next/static/chunks/41356_next_dist_compiled_react-dom_fff4b597._.js:4651:24)
    at updateFunctionComponent (http://localhost:4455/_next/static/chunks/41356_next_dist_compiled_react-dom_fff4b597._.js:6112:21)
    at beginWork (http://localhost:4455/_next/static/chunks/41356_next_dist_compiled_react-dom_fff4b597._.js:6708:24)
    at runWithFiberInDEV (http://localhost:4455/_next/static/chunks/41356_next_dist_compiled_react-dom_fff4b597._.js:965:74)
    at performUnitOfWork (http://localhost:4455/_next/static/chunks/41356_next_dist_compiled_react-dom_fff4b597._.js:9562:97)
    at workLoopSync (http://localhost:4455/_next/static/chunks/41356_next_dist_compiled_react-dom_fff4b597._.js:9456:40)
    at renderRootSync (http://localhost:4455/_next/static/chunks/41356_next_dist_compiled_react-dom_fff4b597._.js:9440:13)
    at performWorkOnRoot (http://localhost:4455/_next/static/chunks/41356_next_dist_compiled_react-dom_fff4b597._.js:9068:186)
    at performSyncWorkOnRoot (http://localhost:4455/_next/static/chunks/41356_next_dist_compiled_react-dom_fff4b597._.js:10238:9)
    at flushSyncWorkAcrossRoots_impl (http://localhost:4455/_next/static/chunks/41356_next_dist_compiled_react-dom_fff4b597._.js:10154:316)
    at processRootScheduleInMicrotask (http://localhost:4455/_next/static/chunks/41356_next_dist_compiled_react-dom_fff4b597._.js:10175:106)
    at http://localhost:4455/_next/static/chunks/41356_next_dist_compiled_react-dom_fff4b597._.js:10249:158
[38473881ms] Error: `getTranslations` is not supported in Client Components.
    at eval (http://localhost:4455/_next/static/chunks/41356_db1ab835._.js?id=%255Bproject%255D%252FDocuments%252FTest%252FAI%252FAI-Resume-Builder%252Ffrontend%252Fnode_modules%252Fnext-intl%252Fdist%252Fesm%252Fdevelopment%252Fserver%252Freact-client%252Findex.js+%255Bapp-client%255D+%2528ecmascript%2529:32:15)
    at Footer (http://localhost:4455/_next/static/chunks/Documents_Test_AI_AI-Resume-Builder_frontend_a56fb98e._.js?id=%255Bproject%255D%252FDocuments%252FTest%252FAI%252FAI-Resume-Builder%252Ffrontend%252Fcomponents%252FFooter.tsx+%255Bapp-client%255D+%2528ecmascript%2529:17:306)
    at Object.react_stack_bottom_frame (http://localhost:4455/_next/static/chunks/41356_next_dist_compiled_react-dom_fff4b597._.js:14826:24)
    at renderWithHooks (http://localhost:4455/_next/static/chunks/41356_next_dist_compiled_react-dom_fff4b597._.js:4651:24)
    at updateFunctionComponent (http://localhost:4455/_next/static/chunks/41356_next_dist_compiled_react-dom_fff4b597._.js:6112:21)
    at beginWork (http://localhost:4455/_next/static/chunks/41356_next_dist_compiled_react-dom_fff4b597._.js:6708:24)
    at runWithFiberInDEV (http://localhost:4455/_next/static/chunks/41356_next_dist_compiled_react-dom_fff4b597._.js:965:74)
    at performUnitOfWork (http://localhost:4455/_next/static/chunks/41356_next_dist_compiled_react-dom_fff4b597._.js:9562:97)
    at workLoopSync (http://localhost:4455/_next/static/chunks/41356_next_dist_compiled_react-dom_fff4b597._.js:9456:40)
    at renderRootSync (http://localhost:4455/_next/static/chunks/41356_next_dist_compiled_react-dom_fff4b597._.js:9440:13)
    at performWorkOnRoot (http://localhost:4455/_next/static/chunks/41356_next_dist_compiled_react-dom_fff4b597._.js:9068:186)
    at performSyncWorkOnRoot (http://localhost:4455/_next/static/chunks/41356_next_dist_compiled_react-dom_fff4b597._.js:10238:9)
    at flushSyncWorkAcrossRoots_impl (http://localhost:4455/_next/static/chunks/41356_next_dist_compiled_react-dom_fff4b597._.js:10154:316)
    at processRootScheduleInMicrotask (http://localhost:4455/_next/static/chunks/41356_next_dist_compiled_react-dom_fff4b597._.js:10175:106)
    at http://localhost:4455/_next/static/chunks/41356_next_dist_compiled_react-dom_fff4b597._.js:10249:158
[38473885ms] Error: `getTranslations` is not supported in Client Components.
    at eval (http://localhost:4455/_next/static/chunks/41356_db1ab835._.js?id=%255Bproject%255D%252FDocuments%252FTest%252FAI%252FAI-Resume-Builder%252Ffrontend%252Fnode_modules%252Fnext-intl%252Fdist%252Fesm%252Fdevelopment%252Fserver%252Freact-client%252Findex.js+%255Bapp-client%255D+%2528ecmascript%2529:32:15)
    at Footer (http://localhost:4455/_next/static/chunks/Documents_Test_AI_AI-Resume-Builder_frontend_a56fb98e._.js?id=%255Bproject%255D%252FDocuments%252FTest%252FAI%252FAI-Resume-Builder%252Ffrontend%252Fcomponents%252FFooter.tsx+%255Bapp-client%255D+%2528ecmascript%2529:17:306)
    at Object.react_stack_bottom_frame (http://localhost:4455/_next/static/chunks/41356_next_dist_compiled_react-dom_fff4b597._.js:14826:24)
    at renderWithHooks (http://localhost:4455/_next/static/chunks/41356_next_dist_compiled_react-dom_fff4b597._.js:4651:24)
    at updateFunctionComponent (http://localhost:4455/_next/static/chunks/41356_next_dist_compiled_react-dom_fff4b597._.js:6112:21)
    at beginWork (http://localhost:4455/_next/static/chunks/41356_next_dist_compiled_react-dom_fff4b597._.js:6708:24)
    at runWithFiberInDEV (http://localhost:4455/_next/static/chunks/41356_next_dist_compiled_react-dom_fff4b597._.js:965:74)
    at performUnitOfWork (http://localhost:4455/_next/static/chunks/41356_next_dist_compiled_react-dom_fff4b597._.js:9562:97)
    at workLoopSync (http://localhost:4455/_next/static/chunks/41356_next_dist_compiled_react-dom_fff4b597._.js:9456:40)
    at renderRootSync (http://localhost:4455/_next/static/chunks/41356_next_dist_compiled_react-dom_fff4b597._.js:9440:13)
    at performWorkOnRoot (http://localhost:4455/_next/static/chunks/41356_next_dist_compiled_react-dom_fff4b597._.js:9068:186)
    at performSyncWorkOnRoot (http://localhost:4455/_next/static/chunks/41356_next_dist_compiled_react-dom_fff4b597._.js:10238:9)
    at flushSyncWorkAcrossRoots_impl (http://localhost:4455/_next/static/chunks/41356_next_dist_compiled_react-dom_fff4b597._.js:10154:316)
    at processRootScheduleInMicrotask (http://localhost:4455/_next/static/chunks/41356_next_dist_compiled_react-dom_fff4b597._.js:10175:106)
    at http://localhost:4455/_next/static/chunks/41356_next_dist_compiled_react-dom_fff4b597._.js:10249:158
[38473889ms] Error: `getTranslations` is not supported in Client Components.
    at eval (http://localhost:4455/_next/static/chunks/41356_db1ab835._.js?id=%255Bproject%255D%252FDocuments%252FTest%252FAI%252FAI-Resume-Builder%252Ffrontend%252Fnode_modules%252Fnext-intl%252Fdist%252Fesm%252Fdevelopment%252Fserver%252Freact-client%252Findex.js+%255Bapp-client%255D+%2528ecmascript%2529:32:15)
    at Footer (http://localhost:4455/_next/static/chunks/Documents_Test_AI_AI-Resume-Builder_frontend_a56fb98e._.js?id=%255Bproject%255D%252FDocuments%252FTest%252FAI%252FAI-Resume-Builder%252Ffrontend%252Fcomponents%252FFooter.tsx+%255Bapp-client%255D+%2528ecmascript%2529:17:306)
    at Object.react_stack_bottom_frame (http://localhost:4455/_next/static/chunks/41356_next_dist_compiled_react-dom_fff4b597._.js:14826:24)
    at renderWithHooks (http://localhost:4455/_next/static/chunks/41356_next_dist_compiled_react-dom_fff4b597._.js:4651:24)
    at updateFunctionComponent (http://localhost:4455/_next/static/chunks/41356_next_dist_compiled_react-dom_fff4b597._.js:6112:21)
    at beginWork (http://localhost:4455/_next/static/chunks/41356_next_dist_compiled_react-dom_fff4b597._.js:6708:24)
    at runWithFiberInDEV (http://localhost:4455/_next/static/chunks/41356_next_dist_compiled_react-dom_fff4b597._.js:965:74)
    at performUnitOfWork (http://localhost:4455/_next/static/chunks/41356_next_dist_compiled_react-dom_fff4b597._.js:9562:97)
    at workLoopSync (http://localhost:4455/_next/static/chunks/41356_next_dist_compiled_react-dom_fff4b597._.js:9456:40)
    at renderRootSync (http://localhost:4455/_next/static/chunks/41356_next_dist_compiled_react-dom_fff4b597._.js:9440:13)
    at performWorkOnRoot (http://localhost:4455/_next/static/chunks/41356_next_dist_compiled_react-dom_fff4b597._.js:9068:186)
    at performSyncWorkOnRoot (http://localhost:4455/_next/static/chunks/41356_next_dist_compiled_react-dom_fff4b597._.js:10238:9)
    at flushSyncWorkAcrossRoots_impl (http://localhost:4455/_next/static/chunks/41356_next_dist_compiled_react-dom_fff4b597._.js:10154:316)
    at processRootScheduleInMicrotask (http://localhost:4455/_next/static/chunks/41356_next_dist_compiled_react-dom_fff4b597._.js:10175:106)
    at http://localhost:4455/_next/static/chunks/41356_next_dist_compiled_react-dom_fff4b597._.js:10249:158
[38473895ms] Error: `getTranslations` is not supported in Client Components.
    at eval (http://localhost:4455/_next/static/chunks/41356_db1ab835._.js?id=%255Bproject%255D%252FDocuments%252FTest%252FAI%252FAI-Resume-Builder%252Ffrontend%252Fnode_modules%252Fnext-intl%252Fdist%252Fesm%252Fdevelopment%252Fserver%252Freact-client%252Findex.js+%255Bapp-client%255D+%2528ecmascript%2529:32:15)
    at Footer (http://localhost:4455/_next/static/chunks/Documents_Test_AI_AI-Resume-Builder_frontend_a56fb98e._.js?id=%255Bproject%255D%252FDocuments%252FTest%252FAI%252FAI-Resume-Builder%252Ffrontend%252Fcomponents%252FFooter.tsx+%255Bapp-client%255D+%2528ecmascript%2529:17:306)
    at Object.react_stack_bottom_frame (http://localhost:4455/_next/static/chunks/41356_next_dist_compiled_react-dom_fff4b597._.js:14826:24)
    at renderWithHooks (http://localhost:4455/_next/static/chunks/41356_next_dist_compiled_react-dom_fff4b597._.js:4651:24)
    at updateFunctionComponent (http://localhost:4455/_next/static/chunks/41356_next_dist_compiled_react-dom_fff4b597._.js:6112:21)
    at beginWork (http://localhost:4455/_next/static/chunks/41356_next_dist_compiled_react-dom_fff4b597._.js:6708:24)
    at runWithFiberInDEV (http://localhost:4455/_next/static/chunks/41356_next_dist_compiled_react-dom_fff4b597._.js:965:74)
    at performUnitOfWork (http://localhost:4455/_next/static/chunks/41356_next_dist_compiled_react-dom_fff4b597._.js:9562:97)
    at workLoopSync (http://localhost:4455/_next/static/chunks/41356_next_dist_compiled_react-dom_fff4b597._.js:9456:40)
    at renderRootSync (http://localhost:4455/_next/static/chunks/41356_next_dist_compiled_react-dom_fff4b597._.js:9440:13)
    at performWorkOnRoot (http://localhost:4455/_next/static/chunks/41356_next_dist_compiled_react-dom_fff4b597._.js:9068:186)
    at performSyncWorkOnRoot (http://localhost:4455/_next/static/chunks/41356_next_dist_compiled_react-dom_fff4b597._.js:10238:9)
    at flushSyncWorkAcrossRoots_impl (http://localhost:4455/_next/static/chunks/41356_next_dist_compiled_react-dom_fff4b597._.js:10154:316)
    at processRootScheduleInMicrotask (http://localhost:4455/_next/static/chunks/41356_next_dist_compiled_react-dom_fff4b597._.js:10175:106)
    at http://localhost:4455/_next/static/chunks/41356_next_dist_compiled_react-dom_fff4b597._.js:10249:158
[38473901ms] Error: `getTranslations` is not supported in Client Components.
    at eval (http://localhost:4455/_next/static/chunks/41356_db1ab835._.js?id=%255Bproject%255D%252FDocuments%252FTest%252FAI%252FAI-Resume-Builder%252Ffrontend%252Fnode_modules%252Fnext-intl%252Fdist%252Fesm%252Fdevelopment%252Fserver%252Freact-client%252Findex.js+%255Bapp-client%255D+%2528ecmascript%2529:32:15)
    at Footer (http://localhost:4455/_next/static/chunks/Documents_Test_AI_AI-Resume-Builder_frontend_a56fb98e._.js?id=%255Bproject%255D%252FDocuments%252FTest%252FAI%252FAI-Resume-Builder%252Ffrontend%252Fcomponents%252FFooter.tsx+%255Bapp-client%255D+%2528ecmascript%2529:17:306)
    at Object.react_stack_bottom_frame (http://localhost:4455/_next/static/chunks/41356_next_dist_compiled_react-dom_fff4b597._.js:14826:24)
    at renderWithHooks (http://localhost:4455/_next/static/chunks/41356_next_dist_compiled_react-dom_fff4b597._.js:4651:24)
    at updateFunctionComponent (http://localhost:4455/_next/static/chunks/41356_next_dist_compiled_react-dom_fff4b597._.js:6112:21)
    at beginWork (http://localhost:4455/_next/static/chunks/41356_next_dist_compiled_react-dom_fff4b597._.js:6708:24)
    at runWithFiberInDEV (http://localhost:4455/_next/static/chunks/41356_next_dist_compiled_react-dom_fff4b597._.js:965:74)
    at performUnitOfWork (http://localhost:4455/_next/static/chunks/41356_next_dist_compiled_react-dom_fff4b597._.js:9562:97)
    at workLoopSync (http://localhost:4455/_next/static/chunks/41356_next_dist_compiled_react-dom_fff4b597._.js:9456:40)
    at renderRootSync (http://localhost:4455/_next/static/chunks/41356_next_dist_compiled_react-dom_fff4b597._.js:9440:13)
    at performWorkOnRoot (http://localhost:4455/_next/static/chunks/41356_next_dist_compiled_react-dom_fff4b597._.js:9068:186)
    at performSyncWorkOnRoot (http://localhost:4455/_next/static/chunks/41356_next_dist_compiled_react-dom_fff4b597._.js:10238:9)
    at flushSyncWorkAcrossRoots_impl (http://localhost:4455/_next/static/chunks/41356_next_dist_compiled_react-dom_fff4b597._.js:10154:316)
    at processRootScheduleInMicrotask (http://localhost:4455/_next/static/chunks/41356_next_dist_compiled_react-dom_fff4b597._.js:10175:106)
    at http://localhost:4455/_next/static/chunks/41356_next_dist_compiled_react-dom_fff4b597._.js:10249:158
[38473903ms] Error: `getTranslations` is not supported in Client Components.
    at eval (http://localhost:4455/_next/static/chunks/41356_db1ab835._.js?id=%255Bproject%255D%252FDocuments%252FTest%252FAI%252FAI-Resume-Builder%252Ffrontend%252Fnode_modules%252Fnext-intl%252Fdist%252Fesm%252Fdevelopment%252Fserver%252Freact-client%252Findex.js+%255Bapp-client%255D+%2528ecmascript%2529:32:15)
    at Footer (http://localhost:4455/_next/static/chunks/Documents_Test_AI_AI-Resume-Builder_frontend_a56fb98e._.js?id=%255Bproject%255D%252FDocuments%252FTest%252FAI%252FAI-Resume-Builder%252Ffrontend%252Fcomponents%252FFooter.tsx+%255Bapp-client%255D+%2528ecmascript%2529:17:306)
    at Object.react_stack_bottom_frame (http://localhost:4455/_next/static/chunks/41356_next_dist_compiled_react-dom_fff4b597._.js:14826:24)
    at renderWithHooks (http://localhost:4455/_next/static/chunks/41356_next_dist_compiled_react-dom_fff4b597._.js:4651:24)
    at updateFunctionComponent (http://localhost:4455/_next/static/chunks/41356_next_dist_compiled_react-dom_fff4b597._.js:6112:21)
    at beginWork (http://localhost:4455/_next/static/chunks/41356_next_dist_compiled_react-dom_fff4b597._.js:6708:24)
    at runWithFiberInDEV (http://localhost:4455/_next/static/chunks/41356_next_dist_compiled_react-dom_fff4b597._.js:965:74)
    at performUnitOfWork (http://localhost:4455/_next/static/chunks/41356_next_dist_compiled_react-dom_fff4b597._.js:9562:97)
    at workLoopSync (http://localhost:4455/_next/static/chunks/41356_next_dist_compiled_react-dom_fff4b597._.js:9456:40)
    at renderRootSync (http://localhost:4455/_next/static/chunks/41356_next_dist_compiled_react-dom_fff4b597._.js:9440:13)
    at performWorkOnRoot (http://localhost:4455/_next/static/chunks/41356_next_dist_compiled_react-dom_fff4b597._.js:9068:186)
    at performSyncWorkOnRoot (http://localhost:4455/_next/static/chunks/41356_next_dist_compiled_react-dom_fff4b597._.js:10238:9)
    at flushSyncWorkAcrossRoots_impl (http://localhost:4455/_next/static/chunks/41356_next_dist_compiled_react-dom_fff4b597._.js:10154:316)
    at processRootScheduleInMicrotask (http://localhost:4455/_next/static/chunks/41356_next_dist_compiled_react-dom_fff4b597._.js:10175:106)
    at http://localhost:4455/_next/static/chunks/41356_next_dist_compiled_react-dom_fff4b597._.js:10249:158
[38473907ms] Error: `getTranslations` is not supported in Client Components.
    at eval (http://localhost:4455/_next/static/chunks/41356_db1ab835._.js?id=%255Bproject%255D%252FDocuments%252FTest%252FAI%252FAI-Resume-Builder%252Ffrontend%252Fnode_modules%252Fnext-intl%252Fdist%252Fesm%252Fdevelopment%252Fserver%252Freact-client%252Findex.js+%255Bapp-client%255D+%2528ecmascript%2529:32:15)
    at Footer (http://localhost:4455/_next/static/chunks/Documents_Test_AI_AI-Resume-Builder_frontend_a56fb98e._.js?id=%255Bproject%255D%252FDocuments%252FTest%252FAI%252FAI-Resume-Builder%252Ffrontend%252Fcomponents%252FFooter.tsx+%255Bapp-client%255D+%2528ecmascript%2529:17:306)
    at Object.react_stack_bottom_frame (http://localhost:4455/_next/static/chunks/41356_next_dist_compiled_react-dom_fff4b597._.js:14826:24)
    at renderWithHooks (http://localhost:4455/_next/static/chunks/41356_next_dist_compiled_react-dom_fff4b597._.js:4651:24)
    at updateFunctionComponent (http://localhost:4455/_next/static/chunks/41356_next_dist_compiled_react-dom_fff4b597._.js:6112:21)
    at beginWork (http://localhost:4455/_next/static/chunks/41356_next_dist_compiled_react-dom_fff4b597._.js:6708:24)
    at runWithFiberInDEV (http://localhost:4455/_next/static/chunks/41356_next_dist_compiled_react-dom_fff4b597._.js:965:74)
    at performUnitOfWork (http://localhost:4455/_next/static/chunks/41356_next_dist_compiled_react-dom_fff4b597._.js:9562:97)
    at workLoopSync (http://localhost:4455/_next/static/chunks/41356_next_dist_compiled_react-dom_fff4b597._.js:9456:40)
    at renderRootSync (http://localhost:4455/_next/static/chunks/41356_next_dist_compiled_react-dom_fff4b597._.js:9440:13)
    at performWorkOnRoot (http://localhost:4455/_next/static/chunks/41356_next_dist_compiled_react-dom_fff4b597._.js:9068:186)
    at performSyncWorkOnRoot (http://localhost:4455/_next/static/chunks/41356_next_dist_compiled_react-dom_fff4b597._.js:10238:9)
    at flushSyncWorkAcrossRoots_impl (http://localhost:4455/_next/static/chunks/41356_next_dist_compiled_react-dom_fff4b597._.js:10154:316)
    at processRootScheduleInMicrotask (http://localhost:4455/_next/static/chunks/41356_next_dist_compiled_react-dom_fff4b597._.js:10175:106)
    at http://localhost:4455/_next/static/chunks/41356_next_dist_compiled_react-dom_fff4b597._.js:10249:158
[38473912ms] Error: `getTranslations` is not supported in Client Components.
    at eval (http://localhost:4455/_next/static/chunks/41356_db1ab835._.js?id=%255Bproject%255D%252FDocuments%252FTest%252FAI%252FAI-Resume-Builder%252Ffrontend%252Fnode_modules%252Fnext-intl%252Fdist%252Fesm%252Fdevelopment%252Fserver%252Freact-client%252Findex.js+%255Bapp-client%255D+%2528ecmascript%2529:32:15)
    at Footer (http://localhost:4455/_next/static/chunks/Documents_Test_AI_AI-Resume-Builder_frontend_a56fb98e._.js?id=%255Bproject%255D%252FDocuments%252FTest%252FAI%252FAI-Resume-Builder%252Ffrontend%252Fcomponents%252FFooter.tsx+%255Bapp-client%255D+%2528ecmascript%2529:17:306)
    at Object.react_stack_bottom_frame (http://localhost:4455/_next/static/chunks/41356_next_dist_compiled_react-dom_fff4b597._.js:14826:24)
    at renderWithHooks (http://localhost:4455/_next/static/chunks/41356_next_dist_compiled_react-dom_fff4b597._.js:4651:24)
    at updateFunctionComponent (http://localhost:4455/_next/static/chunks/41356_next_dist_compiled_react-dom_fff4b597._.js:6112:21)
    at beginWork (http://localhost:4455/_next/static/chunks/41356_next_dist_compiled_react-dom_fff4b597._.js:6708:24)
    at runWithFiberInDEV (http://localhost:4455/_next/static/chunks/41356_next_dist_compiled_react-dom_fff4b597._.js:965:74)
    at performUnitOfWork (http://localhost:4455/_next/static/chunks/41356_next_dist_compiled_react-dom_fff4b597._.js:9562:97)
    at workLoopSync (http://localhost:4455/_next/static/chunks/41356_next_dist_compiled_react-dom_fff4b597._.js:9456:40)
    at renderRootSync (http://localhost:4455/_next/static/chunks/41356_next_dist_compiled_react-dom_fff4b597._.js:9440:13)
    at performWorkOnRoot (http://localhost:4455/_next/static/chunks/41356_next_dist_compiled_react-dom_fff4b597._.js:9068:186)
    at performSyncWorkOnRoot (http://localhost:4455/_next/static/chunks/41356_next_dist_compiled_react-dom_fff4b597._.js:10238:9)
    at flushSyncWorkAcrossRoots_impl (http://localhost:4455/_next/static/chunks/41356_next_dist_compiled_react-dom_fff4b597._.js:10154:316)
    at processRootScheduleInMicrotask (http://localhost:4455/_next/static/chunks/41356_next_dist_compiled_react-dom_fff4b597._.js:10175:106)
    at http://localhost:4455/_next/static/chunks/41356_next_dist_compiled_react-dom_fff4b597._.js:10249:158
[38473916ms] Error: `getTranslations` is not supported in Client Components.
    at eval (http://localhost:4455/_next/static/chunks/41356_db1ab835._.js?id=%255Bproject%255D%252FDocuments%252FTest%252FAI%252FAI-Resume-Builder%252Ffrontend%252Fnode_modules%252Fnext-intl%252Fdist%252Fesm%252Fdevelopment%252Fserver%252Freact-client%252Findex.js+%255Bapp-client%255D+%2528ecmascript%2529:32:15)
    at Footer (http://localhost:4455/_next/static/chunks/Documents_Test_AI_AI-Resume-Builder_frontend_a56fb98e._.js?id=%255Bproject%255D%252FDocuments%252FTest%252FAI%252FAI-Resume-Builder%252Ffrontend%252Fcomponents%252FFooter.tsx+%255Bapp-client%255D+%2528ecmascript%2529:17:306)
    at Object.react_stack_bottom_frame (http://localhost:4455/_next/static/chunks/41356_next_dist_compiled_react-dom_fff4b597._.js:14826:24)
    at renderWithHooks (http://localhost:4455/_next/static/chunks/41356_next_dist_compiled_react-dom_fff4b597._.js:4651:24)
    at updateFunctionComponent (http://localhost:4455/_next/static/chunks/41356_next_dist_compiled_react-dom_fff4b597._.js:6112:21)
    at beginWork (http://localhost:4455/_next/static/chunks/41356_next_dist_compiled_react-dom_fff4b597._.js:6708:24)
    at runWithFiberInDEV (http://localhost:4455/_next/static/chunks/41356_next_dist_compiled_react-dom_fff4b597._.js:965:74)
    at performUnitOfWork (http://localhost:4455/_next/static/chunks/41356_next_dist_compiled_react-dom_fff4b597._.js:9562:97)
    at workLoopSync (http://localhost:4455/_next/static/chunks/41356_next_dist_compiled_react-dom_fff4b597._.js:9456:40)
    at renderRootSync (http://localhost:4455/_next/static/chunks/41356_next_dist_compiled_react-dom_fff4b597._.js:9440:13)
    at performWorkOnRoot (http://localhost:4455/_next/static/chunks/41356_next_dist_compiled_react-dom_fff4b597._.js:9068:186)
    at performSyncWorkOnRoot (http://localhost:4455/_next/static/chunks/41356_next_dist_compiled_react-dom_fff4b597._.js:10238:9)
    at flushSyncWorkAcrossRoots_impl (http://localhost:4455/_next/static/chunks/41356_next_dist_compiled_react-dom_fff4b597._.js:10154:316)
    at processRootScheduleInMicrotask (http://localhost:4455/_next/static/chunks/41356_next_dist_compiled_react-dom_fff4b597._.js:10175:106)
    at http://localhost:4455/_next/static/chunks/41356_next_dist_compiled_react-dom_fff4b597._.js:10249:158
[38473919ms] Error: `getTranslations` is not supported in Client Components.
    at eval (http://localhost:4455/_next/static/chunks/41356_db1ab835._.js?id=%255Bproject%255D%252FDocuments%252FTest%252FAI%252FAI-Resume-Builder%252Ffrontend%252Fnode_modules%252Fnext-intl%252Fdist%252Fesm%252Fdevelopment%252Fserver%252Freact-client%252Findex.js+%255Bapp-client%255D+%2528ecmascript%2529:32:15)
    at Footer (http://localhost:4455/_next/static/chunks/Documents_Test_AI_AI-Resume-Builder_frontend_a56fb98e._.js?id=%255Bproject%255D%252FDocuments%252FTest%252FAI%252FAI-Resume-Builder%252Ffrontend%252Fcomponents%252FFooter.tsx+%255Bapp-client%255D+%2528ecmascript%2529:17:306)
    at Object.react_stack_bottom_frame (http://localhost:4455/_next/static/chunks/41356_next_dist_compiled_react-dom_fff4b597._.js:14826:24)
    at renderWithHooks (http://localhost:4455/_next/static/chunks/41356_next_dist_compiled_react-dom_fff4b597._.js:4651:24)
    at updateFunctionComponent (http://localhost:4455/_next/static/chunks/41356_next_dist_compiled_react-dom_fff4b597._.js:6112:21)
    at beginWork (http://localhost:4455/_next/static/chunks/41356_next_dist_compiled_react-dom_fff4b597._.js:6708:24)
    at runWithFiberInDEV (http://localhost:4455/_next/static/chunks/41356_next_dist_compiled_react-dom_fff4b597._.js:965:74)
    at performUnitOfWork (http://localhost:4455/_next/static/chunks/41356_next_dist_compiled_react-dom_fff4b597._.js:9562:97)
    at workLoopSync (http://localhost:4455/_next/static/chunks/41356_next_dist_compiled_react-dom_fff4b597._.js:9456:40)
    at renderRootSync (http://localhost:4455/_next/static/chunks/41356_next_dist_compiled_react-dom_fff4b597._.js:9440:13)
    at performWorkOnRoot (http://localhost:4455/_next/static/chunks/41356_next_dist_compiled_react-dom_fff4b597._.js:9068:186)
    at performSyncWorkOnRoot (http://localhost:4455/_next/static/chunks/41356_next_dist_compiled_react-dom_fff4b597._.js:10238:9)
    at flushSyncWorkAcrossRoots_impl (http://localhost:4455/_next/static/chunks/41356_next_dist_compiled_react-dom_fff4b597._.js:10154:316)
    at processRootScheduleInMicrotask (http://localhost:4455/_next/static/chunks/41356_next_dist_compiled_react-dom_fff4b597._.js:10175:106)
    at http://localhost:4455/_next/static/chunks/41356_next_dist_compiled_react-dom_fff4b597._.js:10249:158
[38473924ms] Error: `getTranslations` is not supported in Client Components.
    at eval (http://localhost:4455/_next/static/chunks/41356_db1ab835._.js?id=%255Bproject%255D%252FDocuments%252FTest%252FAI%252FAI-Resume-Builder%252Ffrontend%252Fnode_modules%252Fnext-intl%252Fdist%252Fesm%252Fdevelopment%252Fserver%252Freact-client%252Findex.js+%255Bapp-client%255D+%2528ecmascript%2529:32:15)
    at Footer (http://localhost:4455/_next/static/chunks/Documents_Test_AI_AI-Resume-Builder_frontend_a56fb98e._.js?id=%255Bproject%255D%252FDocuments%252FTest%252FAI%252FAI-Resume-Builder%252Ffrontend%252Fcomponents%252FFooter.tsx+%255Bapp-client%255D+%2528ecmascript%2529:17:306)
    at Object.react_stack_bottom_frame (http://localhost:4455/_next/static/chunks/41356_next_dist_compiled_react-dom_fff4b597._.js:14826:24)
    at renderWithHooks (http://localhost:4455/_next/static/chunks/41356_next_dist_compiled_react-dom_fff4b597._.js:4651:24)
    at updateFunctionComponent (http://localhost:4455/_next/static/chunks/41356_next_dist_compiled_react-dom_fff4b597._.js:6112:21)
    at beginWork (http://localhost:4455/_next/static/chunks/41356_next_dist_compiled_react-dom_fff4b597._.js:6708:24)
    at runWithFiberInDEV (http://localhost:4455/_next/static/chunks/41356_next_dist_compiled_react-dom_fff4b597._.js:965:74)
    at performUnitOfWork (http://localhost:4455/_next/static/chunks/41356_next_dist_compiled_react-dom_fff4b597._.js:9562:97)
    at workLoopSync (http://localhost:4455/_next/static/chunks/41356_next_dist_compiled_react-dom_fff4b597._.js:9456:40)
    at renderRootSync (http://localhost:4455/_next/static/chunks/41356_next_dist_compiled_react-dom_fff4b597._.js:9440:13)
    at performWorkOnRoot (http://localhost:4455/_next/static/chunks/41356_next_dist_compiled_react-dom_fff4b597._.js:9068:186)
    at performSyncWorkOnRoot (http://localhost:4455/_next/static/chunks/41356_next_dist_compiled_react-dom_fff4b597._.js:10238:9)
    at flushSyncWorkAcrossRoots_impl (http://localhost:4455/_next/static/chunks/41356_next_dist_compiled_react-dom_fff4b597._.js:10154:316)
    at processRootScheduleInMicrotask (http://localhost:4455/_next/static/chunks/41356_next_dist_compiled_react-dom_fff4b597._.js:10175:106)
    at http://localhost:4455/_next/static/chunks/41356_next_dist_compiled_react-dom_fff4b597._.js:10249:158
[38473927ms] Error: `getTranslations` is not supported in Client Components.
    at eval (http://localhost:4455/_next/static/chunks/41356_db1ab835._.js?id=%255Bproject%255D%252FDocuments%252FTest%252FAI%252FAI-Resume-Builder%252Ffrontend%252Fnode_modules%252Fnext-intl%252Fdist%252Fesm%252Fdevelopment%252Fserver%252Freact-client%252Findex.js+%255Bapp-client%255D+%2528ecmascript%2529:32:15)
    at Footer (http://localhost:4455/_next/static/chunks/Documents_Test_AI_AI-Resume-Builder_frontend_a56fb98e._.js?id=%255Bproject%255D%252FDocuments%252FTest%252FAI%252FAI-Resume-Builder%252Ffrontend%252Fcomponents%252FFooter.tsx+%255Bapp-client%255D+%2528ecmascript%2529:17:306)
    at Object.react_stack_bottom_frame (http://localhost:4455/_next/static/chunks/41356_next_dist_compiled_react-dom_fff4b597._.js:14826:24)
    at renderWithHooks (http://localhost:4455/_next/static/chunks/41356_next_dist_compiled_react-dom_fff4b597._.js:4651:24)
    at updateFunctionComponent (http://localhost:4455/_next/static/chunks/41356_next_dist_compiled_react-dom_fff4b597._.js:6112:21)
    at beginWork (http://localhost:4455/_next/static/chunks/41356_next_dist_compiled_react-dom_fff4b597._.js:6708:24)
    at runWithFiberInDEV (http://localhost:4455/_next/static/chunks/41356_next_dist_compiled_react-dom_fff4b597._.js:965:74)
    at performUnitOfWork (http://localhost:4455/_next/static/chunks/41356_next_dist_compiled_react-dom_fff4b597._.js:9562:97)
    at workLoopSync (http://localhost:4455/_next/static/chunks/41356_next_dist_compiled_react-dom_fff4b597._.js:9456:40)
    at renderRootSync (http://localhost:4455/_next/static/chunks/41356_next_dist_compiled_react-dom_fff4b597._.js:9440:13)
    at performWorkOnRoot (http://localhost:4455/_next/static/chunks/41356_next_dist_compiled_react-dom_fff4b597._.js:9068:186)
    at performSyncWorkOnRoot (http://localhost:4455/_next/static/chunks/41356_next_dist_compiled_react-dom_fff4b597._.js:10238:9)
    at flushSyncWorkAcrossRoots_impl (http://localhost:4455/_next/static/chunks/41356_next_dist_compiled_react-dom_fff4b597._.js:10154:316)
    at processRootScheduleInMicrotask (http://localhost:4455/_next/static/chunks/41356_next_dist_compiled_react-dom_fff4b597._.js:10175:106)
    at http://localhost:4455/_next/static/chunks/41356_next_dist_compiled_react-dom_fff4b597._.js:10249:158
[38473936ms] Error: `getTranslations` is not supported in Client Components.
    at eval (http://localhost:4455/_next/static/chunks/41356_db1ab835._.js?id=%255Bproject%255D%252FDocuments%252FTest%252FAI%252FAI-Resume-Builder%252Ffrontend%252Fnode_modules%252Fnext-intl%252Fdist%252Fesm%252Fdevelopment%252Fserver%252Freact-client%252Findex.js+%255Bapp-client%255D+%2528ecmascript%2529:32:15)
    at Footer (http://localhost:4455/_next/static/chunks/Documents_Test_AI_AI-Resume-Builder_frontend_a56fb98e._.js?id=%255Bproject%255D%252FDocuments%252FTest%252FAI%252FAI-Resume-Builder%252Ffrontend%252Fcomponents%252FFooter.tsx+%255Bapp-client%255D+%2528ecmascript%2529:17:306)
    at Object.react_stack_bottom_frame (http://localhost:4455/_next/static/chunks/41356_next_dist_compiled_react-dom_fff4b597._.js:14826:24)
    at renderWithHooks (http://localhost:4455/_next/static/chunks/41356_next_dist_compiled_react-dom_fff4b597._.js:4651:24)
    at updateFunctionComponent (http://localhost:4455/_next/static/chunks/41356_next_dist_compiled_react-dom_fff4b597._.js:6112:21)
    at beginWork (http://localhost:4455/_next/static/chunks/41356_next_dist_compiled_react-dom_fff4b597._.js:6708:24)
    at runWithFiberInDEV (http://localhost:4455/_next/static/chunks/41356_next_dist_compiled_react-dom_fff4b597._.js:965:74)
    at performUnitOfWork (http://localhost:4455/_next/static/chunks/41356_next_dist_compiled_react-dom_fff4b597._.js:9562:97)
    at workLoopSync (http://localhost:4455/_next/static/chunks/41356_next_dist_compiled_react-dom_fff4b597._.js:9456:40)
    at renderRootSync (http://localhost:4455/_next/static/chunks/41356_next_dist_compiled_react-dom_fff4b597._.js:9440:13)
    at performWorkOnRoot (http://localhost:4455/_next/static/chunks/41356_next_dist_compiled_react-dom_fff4b597._.js:9068:186)
    at performSyncWorkOnRoot (http://localhost:4455/_next/static/chunks/41356_next_dist_compiled_react-dom_fff4b597._.js:10238:9)
    at flushSyncWorkAcrossRoots_impl (http://localhost:4455/_next/static/chunks/41356_next_dist_compiled_react-dom_fff4b597._.js:10154:316)
    at processRootScheduleInMicrotask (http://localhost:4455/_next/static/chunks/41356_next_dist_compiled_react-dom_fff4b597._.js:10175:106)
    at http://localhost:4455/_next/static/chunks/41356_next_dist_compiled_react-dom_fff4b597._.js:10249:158
[38473943ms] Error: `getTranslations` is not supported in Client Components.
    at eval (http://localhost:4455/_next/static/chunks/41356_db1ab835._.js?id=%255Bproject%255D%252FDocuments%252FTest%252FAI%252FAI-Resume-Builder%252Ffrontend%252Fnode_modules%252Fnext-intl%252Fdist%252Fesm%252Fdevelopment%252Fserver%252Freact-client%252Findex.js+%255Bapp-client%255D+%2528ecmascript%2529:32:15)
    at Footer (http://localhost:4455/_next/static/chunks/Documents_Test_AI_AI-Resume-Builder_frontend_a56fb98e._.js?id=%255Bproject%255D%252FDocuments%252FTest%252FAI%252FAI-Resume-Builder%252Ffrontend%252Fcomponents%252FFooter.tsx+%255Bapp-client%255D+%2528ecmascript%2529:17:306)
    at Object.react_stack_bottom_frame (http://localhost:4455/_next/static/chunks/41356_next_dist_compiled_react-dom_fff4b597._.js:14826:24)
    at renderWithHooks (http://localhost:4455/_next/static/chunks/41356_next_dist_compiled_react-dom_fff4b597._.js:4651:24)
    at updateFunctionComponent (http://localhost:4455/_next/static/chunks/41356_next_dist_compiled_react-dom_fff4b597._.js:6112:21)
    at beginWork (http://localhost:4455/_next/static/chunks/41356_next_dist_compiled_react-dom_fff4b597._.js:6708:24)
    at runWithFiberInDEV (http://localhost:4455/_next/static/chunks/41356_next_dist_compiled_react-dom_fff4b597._.js:965:74)
    at performUnitOfWork (http://localhost:4455/_next/static/chunks/41356_next_dist_compiled_react-dom_fff4b597._.js:9562:97)
    at workLoopSync (http://localhost:4455/_next/static/chunks/41356_next_dist_compiled_react-dom_fff4b597._.js:9456:40)
    at renderRootSync (http://localhost:4455/_next/static/chunks/41356_next_dist_compiled_react-dom_fff4b597._.js:9440:13)
    at performWorkOnRoot (http://localhost:4455/_next/static/chunks/41356_next_dist_compiled_react-dom_fff4b597._.js:9068:186)
    at performSyncWorkOnRoot (http://localhost:4455/_next/static/chunks/41356_next_dist_compiled_react-dom_fff4b597._.js:10238:9)
    at flushSyncWorkAcrossRoots_impl (http://localhost:4455/_next/static/chunks/41356_next_dist_compiled_react-dom_fff4b597._.js:10154:316)
    at processRootScheduleInMicrotask (http://localhost:4455/_next/static/chunks/41356_next_dist_compiled_react-dom_fff4b597._.js:10175:106)
    at http://localhost:4455/_next/static/chunks/41356_next_dist_compiled_react-dom_fff4b597._.js:10249:158
[38473944ms] Error: `getTranslations` is not supported in Client Components.
    at eval (http://localhost:4455/_next/static/chunks/41356_db1ab835._.js?id=%255Bproject%255D%252FDocuments%252FTest%252FAI%252FAI-Resume-Builder%252Ffrontend%252Fnode_modules%252Fnext-intl%252Fdist%252Fesm%252Fdevelopment%252Fserver%252Freact-client%252Findex.js+%255Bapp-client%255D+%2528ecmascript%2529:32:15)
    at Footer (http://localhost:4455/_next/static/chunks/Documents_Test_AI_AI-Resume-Builder_frontend_a56fb98e._.js?id=%255Bproject%255D%252FDocuments%252FTest%252FAI%252FAI-Resume-Builder%252Ffrontend%252Fcomponents%252FFooter.tsx+%255Bapp-client%255D+%2528ecmascript%2529:17:306)
    at Object.react_stack_bottom_frame (http://localhost:4455/_next/static/chunks/41356_next_dist_compiled_react-dom_fff4b597._.js:14826:24)
    at renderWithHooks (http://localhost:4455/_next/static/chunks/41356_next_dist_compiled_react-dom_fff4b597._.js:4651:24)
    at updateFunctionComponent (http://localhost:4455/_next/static/chunks/41356_next_dist_compiled_react-dom_fff4b597._.js:6112:21)
    at beginWork (http://localhost:4455/_next/static/chunks/41356_next_dist_compiled_react-dom_fff4b597._.js:6708:24)
    at runWithFiberInDEV (http://localhost:4455/_next/static/chunks/41356_next_dist_compiled_react-dom_fff4b597._.js:965:74)
    at performUnitOfWork (http://localhost:4455/_next/static/chunks/41356_next_dist_compiled_react-dom_fff4b597._.js:9562:97)
    at workLoopSync (http://localhost:4455/_next/static/chunks/41356_next_dist_compiled_react-dom_fff4b597._.js:9456:40)
    at renderRootSync (http://localhost:4455/_next/static/chunks/41356_next_dist_compiled_react-dom_fff4b597._.js:9440:13)
    at performWorkOnRoot (http://localhost:4455/_next/static/chunks/41356_next_dist_compiled_react-dom_fff4b597._.js:9068:186)
    at performSyncWorkOnRoot (http://localhost:4455/_next/static/chunks/41356_next_dist_compiled_react-dom_fff4b597._.js:10238:9)
    at flushSyncWorkAcrossRoots_impl (http://localhost:4455/_next/static/chunks/41356_next_dist_compiled_react-dom_fff4b597._.js:10154:316)
    at processRootScheduleInMicrotask (http://localhost:4455/_next/static/chunks/41356_next_dist_compiled_react-dom_fff4b597._.js:10175:106)
    at http://localhost:4455/_next/static/chunks/41356_next_dist_compiled_react-dom_fff4b597._.js:10249:158
[38473947ms] Error: `getTranslations` is not supported in Client Components.
    at eval (http://localhost:4455/_next/static/chunks/41356_db1ab835._.js?id=%255Bproject%255D%252FDocuments%252FTest%252FAI%252FAI-Resume-Builder%252Ffrontend%252Fnode_modules%252Fnext-intl%252Fdist%252Fesm%252Fdevelopment%252Fserver%252Freact-client%252Findex.js+%255Bapp-client%255D+%2528ecmascript%2529:32:15)
    at Footer (http://localhost:4455/_next/static/chunks/Documents_Test_AI_AI-Resume-Builder_frontend_a56fb98e._.js?id=%255Bproject%255D%252FDocuments%252FTest%252FAI%252FAI-Resume-Builder%252Ffrontend%252Fcomponents%252FFooter.tsx+%255Bapp-client%255D+%2528ecmascript%2529:17:306)
    at Object.react_stack_bottom_frame (http://localhost:4455/_next/static/chunks/41356_next_dist_compiled_react-dom_fff4b597._.js:14826:24)
    at renderWithHooks (http://localhost:4455/_next/static/chunks/41356_next_dist_compiled_react-dom_fff4b597._.js:4651:24)
    at updateFunctionComponent (http://localhost:4455/_next/static/chunks/41356_next_dist_compiled_react-dom_fff4b597._.js:6112:21)
    at beginWork (http://localhost:4455/_next/static/chunks/41356_next_dist_compiled_react-dom_fff4b597._.js:6708:24)
    at runWithFiberInDEV (http://localhost:4455/_next/static/chunks/41356_next_dist_compiled_react-dom_fff4b597._.js:965:74)
    at performUnitOfWork (http://localhost:4455/_next/static/chunks/41356_next_dist_compiled_react-dom_fff4b597._.js:9562:97)
    at workLoopSync (http://localhost:4455/_next/static/chunks/41356_next_dist_compiled_react-dom_fff4b597._.js:9456:40)
    at renderRootSync (http://localhost:4455/_next/static/chunks/41356_next_dist_compiled_react-dom_fff4b597._.js:9440:13)
    at performWorkOnRoot (http://localhost:4455/_next/static/chunks/41356_next_dist_compiled_react-dom_fff4b597._.js:9068:186)
    at performSyncWorkOnRoot (http://localhost:4455/_next/static/chunks/41356_next_dist_compiled_react-dom_fff4b597._.js:10238:9)
    at flushSyncWorkAcrossRoots_impl (http://localhost:4455/_next/static/chunks/41356_next_dist_compiled_react-dom_fff4b597._.js:10154:316)
    at processRootScheduleInMicrotask (http://localhost:4455/_next/static/chunks/41356_next_dist_compiled_react-dom_fff4b597._.js:10175:106)
    at http://localhost:4455/_next/static/chunks/41356_next_dist_compiled_react-dom_fff4b597._.js:10249:158
[38473952ms] Error: `getTranslations` is not supported in Client Components.
    at eval (http://localhost:4455/_next/static/chunks/41356_db1ab835._.js?id=%255Bproject%255D%252FDocuments%252FTest%252FAI%252FAI-Resume-Builder%252Ffrontend%252Fnode_modules%252Fnext-intl%252Fdist%252Fesm%252Fdevelopment%252Fserver%252Freact-client%252Findex.js+%255Bapp-client%255D+%2528ecmascript%2529:32:15)
    at Footer (http://localhost:4455/_next/static/chunks/Documents_Test_AI_AI-Resume-Builder_frontend_a56fb98e._.js?id=%255Bproject%255D%252FDocuments%252FTest%252FAI%252FAI-Resume-Builder%252Ffrontend%252Fcomponents%252FFooter.tsx+%255Bapp-client%255D+%2528ecmascript%2529:17:306)
    at Object.react_stack_bottom_frame (http://localhost:4455/_next/static/chunks/41356_next_dist_compiled_react-dom_fff4b597._.js:14826:24)
    at renderWithHooks (http://localhost:4455/_next/static/chunks/41356_next_dist_compiled_react-dom_fff4b597._.js:4651:24)
    at updateFunctionComponent (http://localhost:4455/_next/static/chunks/41356_next_dist_compiled_react-dom_fff4b597._.js:6112:21)
    at beginWork (http://localhost:4455/_next/static/chunks/41356_next_dist_compiled_react-dom_fff4b597._.js:6708:24)
    at runWithFiberInDEV (http://localhost:4455/_next/static/chunks/41356_next_dist_compiled_react-dom_fff4b597._.js:965:74)
    at performUnitOfWork (http://localhost:4455/_next/static/chunks/41356_next_dist_compiled_react-dom_fff4b597._.js:9562:97)
    at workLoopSync (http://localhost:4455/_next/static/chunks/41356_next_dist_compiled_react-dom_fff4b597._.js:9456:40)
    at renderRootSync (http://localhost:4455/_next/static/chunks/41356_next_dist_compiled_react-dom_fff4b597._.js:9440:13)
    at performWorkOnRoot (http://localhost:4455/_next/static/chunks/41356_next_dist_compiled_react-dom_fff4b597._.js:9068:186)
    at performSyncWorkOnRoot (http://localhost:4455/_next/static/chunks/41356_next_dist_compiled_react-dom_fff4b597._.js:10238:9)
    at flushSyncWorkAcrossRoots_impl (http://localhost:4455/_next/static/chunks/41356_next_dist_compiled_react-dom_fff4b597._.js:10154:316)
    at processRootScheduleInMicrotask (http://localhost:4455/_next/static/chunks/41356_next_dist_compiled_react-dom_fff4b597._.js:10175:106)
    at http://localhost:4455/_next/static/chunks/41356_next_dist_compiled_react-dom_fff4b597._.js:10249:158
[38473956ms] Error: `getTranslations` is not supported in Client Components.
    at eval (http://localhost:4455/_next/static/chunks/41356_db1ab835._.js?id=%255Bproject%255D%252FDocuments%252FTest%252FAI%252FAI-Resume-Builder%252Ffrontend%252Fnode_modules%252Fnext-intl%252Fdist%252Fesm%252Fdevelopment%252Fserver%252Freact-client%252Findex.js+%255Bapp-client%255D+%2528ecmascript%2529:32:15)
    at Footer (http://localhost:4455/_next/static/chunks/Documents_Test_AI_AI-Resume-Builder_frontend_a56fb98e._.js?id=%255Bproject%255D%252FDocuments%252FTest%252FAI%252FAI-Resume-Builder%252Ffrontend%252Fcomponents%252FFooter.tsx+%255Bapp-client%255D+%2528ecmascript%2529:17:306)
    at Object.react_stack_bottom_frame (http://localhost:4455/_next/static/chunks/41356_next_dist_compiled_react-dom_fff4b597._.js:14826:24)
    at renderWithHooks (http://localhost:4455/_next/static/chunks/41356_next_dist_compiled_react-dom_fff4b597._.js:4651:24)
    at updateFunctionComponent (http://localhost:4455/_next/static/chunks/41356_next_dist_compiled_react-dom_fff4b597._.js:6112:21)
    at beginWork (http://localhost:4455/_next/static/chunks/41356_next_dist_compiled_react-dom_fff4b597._.js:6708:24)
    at runWithFiberInDEV (http://localhost:4455/_next/static/chunks/41356_next_dist_compiled_react-dom_fff4b597._.js:965:74)
    at performUnitOfWork (http://localhost:4455/_next/static/chunks/41356_next_dist_compiled_react-dom_fff4b597._.js:9562:97)
    at workLoopSync (http://localhost:4455/_next/static/chunks/41356_next_dist_compiled_react-dom_fff4b597._.js:9456:40)
    at renderRootSync (http://localhost:4455/_next/static/chunks/41356_next_dist_compiled_react-dom_fff4b597._.js:9440:13)
    at performWorkOnRoot (http://localhost:4455/_next/static/chunks/41356_next_dist_compiled_react-dom_fff4b597._.js:9068:186)
    at performSyncWorkOnRoot (http://localhost:4455/_next/static/chunks/41356_next_dist_compiled_react-dom_fff4b597._.js:10238:9)
    at flushSyncWorkAcrossRoots_impl (http://localhost:4455/_next/static/chunks/41356_next_dist_compiled_react-dom_fff4b597._.js:10154:316)
    at processRootScheduleInMicrotask (http://localhost:4455/_next/static/chunks/41356_next_dist_compiled_react-dom_fff4b597._.js:10175:106)
    at http://localhost:4455/_next/static/chunks/41356_next_dist_compiled_react-dom_fff4b597._.js:10249:158
[38473961ms] Error: `getTranslations` is not supported in Client Components.
    at eval (http://localhost:4455/_next/static/chunks/41356_db1ab835._.js?id=%255Bproject%255D%252FDocuments%252FTest%252FAI%252FAI-Resume-Builder%252Ffrontend%252Fnode_modules%252Fnext-intl%252Fdist%252Fesm%252Fdevelopment%252Fserver%252Freact-client%252Findex.js+%255Bapp-client%255D+%2528ecmascript%2529:32:15)
    at Footer (http://localhost:4455/_next/static/chunks/Documents_Test_AI_AI-Resume-Builder_frontend_a56fb98e._.js?id=%255Bproject%255D%252FDocuments%252FTest%252FAI%252FAI-Resume-Builder%252Ffrontend%252Fcomponents%252FFooter.tsx+%255Bapp-client%255D+%2528ecmascript%2529:17:306)
    at Object.react_stack_bottom_frame (http://localhost:4455/_next/static/chunks/41356_next_dist_compiled_react-dom_fff4b597._.js:14826:24)
    at renderWithHooks (http://localhost:4455/_next/static/chunks/41356_next_dist_compiled_react-dom_fff4b597._.js:4651:24)
    at updateFunctionComponent (http://localhost:4455/_next/static/chunks/41356_next_dist_compiled_react-dom_fff4b597._.js:6112:21)
    at beginWork (http://localhost:4455/_next/static/chunks/41356_next_dist_compiled_react-dom_fff4b597._.js:6708:24)
    at runWithFiberInDEV (http://localhost:4455/_next/static/chunks/41356_next_dist_compiled_react-dom_fff4b597._.js:965:74)
    at performUnitOfWork (http://localhost:4455/_next/static/chunks/41356_next_dist_compiled_react-dom_fff4b597._.js:9562:97)
    at workLoopSync (http://localhost:4455/_next/static/chunks/41356_next_dist_compiled_react-dom_fff4b597._.js:9456:40)
    at renderRootSync (http://localhost:4455/_next/static/chunks/41356_next_dist_compiled_react-dom_fff4b597._.js:9440:13)
    at performWorkOnRoot (http://localhost:4455/_next/static/chunks/41356_next_dist_compiled_react-dom_fff4b597._.js:9068:186)
    at performSyncWorkOnRoot (http://localhost:4455/_next/static/chunks/41356_next_dist_compiled_react-dom_fff4b597._.js:10238:9)
    at flushSyncWorkAcrossRoots_impl (http://localhost:4455/_next/static/chunks/41356_next_dist_compiled_react-dom_fff4b597._.js:10154:316)
    at processRootScheduleInMicrotask (http://localhost:4455/_next/static/chunks/41356_next_dist_compiled_react-dom_fff4b597._.js:10175:106)
    at http://localhost:4455/_next/static/chunks/41356_next_dist_compiled_react-dom_fff4b597._.js:10249:158
[38473965ms] Error: `getTranslations` is not supported in Client Components.
    at eval (http://localhost:4455/_next/static/chunks/41356_db1ab835._.js?id=%255Bproject%255D%252FDocuments%252FTest%252FAI%252FAI-Resume-Builder%252Ffrontend%252Fnode_modules%252Fnext-intl%252Fdist%252Fesm%252Fdevelopment%252Fserver%252Freact-client%252Findex.js+%255Bapp-client%255D+%2528ecmascript%2529:32:15)
    at Footer (http://localhost:4455/_next/static/chunks/Documents_Test_AI_AI-Resume-Builder_frontend_a56fb98e._.js?id=%255Bproject%255D%252FDocuments%252FTest%252FAI%252FAI-Resume-Builder%252Ffrontend%252Fcomponents%252FFooter.tsx+%255Bapp-client%255D+%2528ecmascript%2529:17:306)
    at Object.react_stack_bottom_frame (http://localhost:4455/_next/static/chunks/41356_next_dist_compiled_react-dom_fff4b597._.js:14826:24)
    at renderWithHooks (http://localhost:4455/_next/static/chunks/41356_next_dist_compiled_react-dom_fff4b597._.js:4651:24)
    at updateFunctionComponent (http://localhost:4455/_next/static/chunks/41356_next_dist_compiled_react-dom_fff4b597._.js:6112:21)
    at beginWork (http://localhost:4455/_next/static/chunks/41356_next_dist_compiled_react-dom_fff4b597._.js:6708:24)
    at runWithFiberInDEV (http://localhost:4455/_next/static/chunks/41356_next_dist_compiled_react-dom_fff4b597._.js:965:74)
    at performUnitOfWork (http://localhost:4455/_next/static/chunks/41356_next_dist_compiled_react-dom_fff4b597._.js:9562:97)
    at workLoopSync (http://localhost:4455/_next/static/chunks/41356_next_dist_compiled_react-dom_fff4b597._.js:9456:40)
    at renderRootSync (http://localhost:4455/_next/static/chunks/41356_next_dist_compiled_react-dom_fff4b597._.js:9440:13)
    at performWorkOnRoot (http://localhost:4455/_next/static/chunks/41356_next_dist_compiled_react-dom_fff4b597._.js:9068:186)
    at performSyncWorkOnRoot (http://localhost:4455/_next/static/chunks/41356_next_dist_compiled_react-dom_fff4b597._.js:10238:9)
    at flushSyncWorkAcrossRoots_impl (http://localhost:4455/_next/static/chunks/41356_next_dist_compiled_react-dom_fff4b597._.js:10154:316)
    at processRootScheduleInMicrotask (http://localhost:4455/_next/static/chunks/41356_next_dist_compiled_react-dom_fff4b597._.js:10175:106)
    at http://localhost:4455/_next/static/chunks/41356_next_dist_compiled_react-dom_fff4b597._.js:10249:158
[38473969ms] Error: `getTranslations` is not supported in Client Components.
    at eval (http://localhost:4455/_next/static/chunks/41356_db1ab835._.js?id=%255Bproject%255D%252FDocuments%252FTest%252FAI%252FAI-Resume-Builder%252Ffrontend%252Fnode_modules%252Fnext-intl%252Fdist%252Fesm%252Fdevelopment%252Fserver%252Freact-client%252Findex.js+%255Bapp-client%255D+%2528ecmascript%2529:32:15)
    at Footer (http://localhost:4455/_next/static/chunks/Documents_Test_AI_AI-Resume-Builder_frontend_a56fb98e._.js?id=%255Bproject%255D%252FDocuments%252FTest%252FAI%252FAI-Resume-Builder%252Ffrontend%252Fcomponents%252FFooter.tsx+%255Bapp-client%255D+%2528ecmascript%2529:17:306)
    at Object.react_stack_bottom_frame (http://localhost:4455/_next/static/chunks/41356_next_dist_compiled_react-dom_fff4b597._.js:14826:24)
    at renderWithHooks (http://localhost:4455/_next/static/chunks/41356_next_dist_compiled_react-dom_fff4b597._.js:4651:24)
    at updateFunctionComponent (http://localhost:4455/_next/static/chunks/41356_next_dist_compiled_react-dom_fff4b597._.js:6112:21)
    at beginWork (http://localhost:4455/_next/static/chunks/41356_next_dist_compiled_react-dom_fff4b597._.js:6708:24)
    at runWithFiberInDEV (http://localhost:4455/_next/static/chunks/41356_next_dist_compiled_react-dom_fff4b597._.js:965:74)
    at performUnitOfWork (http://localhost:4455/_next/static/chunks/41356_next_dist_compiled_react-dom_fff4b597._.js:9562:97)
    at workLoopSync (http://localhost:4455/_next/static/chunks/41356_next_dist_compiled_react-dom_fff4b597._.js:9456:40)
    at renderRootSync (http://localhost:4455/_next/static/chunks/41356_next_dist_compiled_react-dom_fff4b597._.js:9440:13)
    at performWorkOnRoot (http://localhost:4455/_next/static/chunks/41356_next_dist_compiled_react-dom_fff4b597._.js:9068:186)
    at performSyncWorkOnRoot (http://localhost:4455/_next/static/chunks/41356_next_dist_compiled_react-dom_fff4b597._.js:10238:9)
    at flushSyncWorkAcrossRoots_impl (http://localhost:4455/_next/static/chunks/41356_next_dist_compiled_react-dom_fff4b597._.js:10154:316)
    at processRootScheduleInMicrotask (http://localhost:4455/_next/static/chunks/41356_next_dist_compiled_react-dom_fff4b597._.js:10175:106)
    at http://localhost:4455/_next/static/chunks/41356_next_dist_compiled_react-dom_fff4b597._.js:10249:158
[38473973ms] Error: `getTranslations` is not supported in Client Components.
    at eval (http://localhost:4455/_next/static/chunks/41356_db1ab835._.js?id=%255Bproject%255D%252FDocuments%252FTest%252FAI%252FAI-Resume-Builder%252Ffrontend%252Fnode_modules%252Fnext-intl%252Fdist%252Fesm%252Fdevelopment%252Fserver%252Freact-client%252Findex.js+%255Bapp-client%255D+%2528ecmascript%2529:32:15)
    at Footer (http://localhost:4455/_next/static/chunks/Documents_Test_AI_AI-Resume-Builder_frontend_a56fb98e._.js?id=%255Bproject%255D%252FDocuments%252FTest%252FAI%252FAI-Resume-Builder%252Ffrontend%252Fcomponents%252FFooter.tsx+%255Bapp-client%255D+%2528ecmascript%2529:17:306)
    at Object.react_stack_bottom_frame (http://localhost:4455/_next/static/chunks/41356_next_dist_compiled_react-dom_fff4b597._.js:14826:24)
    at renderWithHooks (http://localhost:4455/_next/static/chunks/41356_next_dist_compiled_react-dom_fff4b597._.js:4651:24)
    at updateFunctionComponent (http://localhost:4455/_next/static/chunks/41356_next_dist_compiled_react-dom_fff4b597._.js:6112:21)
    at beginWork (http://localhost:4455/_next/static/chunks/41356_next_dist_compiled_react-dom_fff4b597._.js:6708:24)
    at runWithFiberInDEV (http://localhost:4455/_next/static/chunks/41356_next_dist_compiled_react-dom_fff4b597._.js:965:74)
    at performUnitOfWork (http://localhost:4455/_next/static/chunks/41356_next_dist_compiled_react-dom_fff4b597._.js:9562:97)
    at workLoopSync (http://localhost:4455/_next/static/chunks/41356_next_dist_compiled_react-dom_fff4b597._.js:9456:40)
    at renderRootSync (http://localhost:4455/_next/static/chunks/41356_next_dist_compiled_react-dom_fff4b597._.js:9440:13)
    at performWorkOnRoot (http://localhost:4455/_next/static/chunks/41356_next_dist_compiled_react-dom_fff4b597._.js:9068:186)
    at performSyncWorkOnRoot (http://localhost:4455/_next/static/chunks/41356_next_dist_compiled_react-dom_fff4b597._.js:10238:9)
    at flushSyncWorkAcrossRoots_impl (http://localhost:4455/_next/static/chunks/41356_next_dist_compiled_react-dom_fff4b597._.js:10154:316)
    at processRootScheduleInMicrotask (http://localhost:4455/_next/static/chunks/41356_next_dist_compiled_react-dom_fff4b597._.js:10175:106)
    at http://localhost:4455/_next/static/chunks/41356_next_dist_compiled_react-dom_fff4b597._.js:10249:158
[38473977ms] Error: `getTranslations` is not supported in Client Components.
    at eval (http://localhost:4455/_next/static/chunks/41356_db1ab835._.js?id=%255Bproject%255D%252FDocuments%252FTest%252FAI%252FAI-Resume-Builder%252Ffrontend%252Fnode_modules%252Fnext-intl%252Fdist%252Fesm%252Fdevelopment%252Fserver%252Freact-client%252Findex.js+%255Bapp-client%255D+%2528ecmascript%2529:32:15)
    at Footer (http://localhost:4455/_next/static/chunks/Documents_Test_AI_AI-Resume-Builder_frontend_a56fb98e._.js?id=%255Bproject%255D%252FDocuments%252FTest%252FAI%252FAI-Resume-Builder%252Ffrontend%252Fcomponents%252FFooter.tsx+%255Bapp-client%255D+%2528ecmascript%2529:17:306)
    at Object.react_stack_bottom_frame (http://localhost:4455/_next/static/chunks/41356_next_dist_compiled_react-dom_fff4b597._.js:14826:24)
    at renderWithHooks (http://localhost:4455/_next/static/chunks/41356_next_dist_compiled_react-dom_fff4b597._.js:4651:24)
    at updateFunctionComponent (http://localhost:4455/_next/static/chunks/41356_next_dist_compiled_react-dom_fff4b597._.js:6112:21)
    at beginWork (http://localhost:4455/_next/static/chunks/41356_next_dist_compiled_react-dom_fff4b597._.js:6708:24)
    at runWithFiberInDEV (http://localhost:4455/_next/static/chunks/41356_next_dist_compiled_react-dom_fff4b597._.js:965:74)
    at performUnitOfWork (http://localhost:4455/_next/static/chunks/41356_next_dist_compiled_react-dom_fff4b597._.js:9562:97)
    at workLoopSync (http://localhost:4455/_next/static/chunks/41356_next_dist_compiled_react-dom_fff4b597._.js:9456:40)
    at renderRootSync (http://localhost:4455/_next/static/chunks/41356_next_dist_compiled_react-dom_fff4b597._.js:9440:13)
    at performWorkOnRoot (http://localhost:4455/_next/static/chunks/41356_next_dist_compiled_react-dom_fff4b597._.js:9068:186)
    at performSyncWorkOnRoot (http://localhost:4455/_next/static/chunks/41356_next_dist_compiled_react-dom_fff4b597._.js:10238:9)
    at flushSyncWorkAcrossRoots_impl (http://localhost:4455/_next/static/chunks/41356_next_dist_compiled_react-dom_fff4b597._.js:10154:316)
    at processRootScheduleInMicrotask (http://localhost:4455/_next/static/chunks/41356_next_dist_compiled_react-dom_fff4b597._.js:10175:106)
    at http://localhost:4455/_next/static/chunks/41356_next_dist_compiled_react-dom_fff4b597._.js:10249:158
[38473981ms] Error: `getTranslations` is not supported in Client Components.
    at eval (http://localhost:4455/_next/static/chunks/41356_db1ab835._.js?id=%255Bproject%255D%252FDocuments%252FTest%252FAI%252FAI-Resume-Builder%252Ffrontend%252Fnode_modules%252Fnext-intl%252Fdist%252Fesm%252Fdevelopment%252Fserver%252Freact-client%252Findex.js+%255Bapp-client%255D+%2528ecmascript%2529:32:15)
    at Footer (http://localhost:4455/_next/static/chunks/Documents_Test_AI_AI-Resume-Builder_frontend_a56fb98e._.js?id=%255Bproject%255D%252FDocuments%252FTest%252FAI%252FAI-Resume-Builder%252Ffrontend%252Fcomponents%252FFooter.tsx+%255Bapp-client%255D+%2528ecmascript%2529:17:306)
    at Object.react_stack_bottom_frame (http://localhost:4455/_next/static/chunks/41356_next_dist_compiled_react-dom_fff4b597._.js:14826:24)
    at renderWithHooks (http://localhost:4455/_next/static/chunks/41356_next_dist_compiled_react-dom_fff4b597._.js:4651:24)
    at updateFunctionComponent (http://localhost:4455/_next/static/chunks/41356_next_dist_compiled_react-dom_fff4b597._.js:6112:21)
    at beginWork (http://localhost:4455/_next/static/chunks/41356_next_dist_compiled_react-dom_fff4b597._.js:6708:24)
    at runWithFiberInDEV (http://localhost:4455/_next/static/chunks/41356_next_dist_compiled_react-dom_fff4b597._.js:965:74)
    at performUnitOfWork (http://localhost:4455/_next/static/chunks/41356_next_dist_compiled_react-dom_fff4b597._.js:9562:97)
    at workLoopSync (http://localhost:4455/_next/static/chunks/41356_next_dist_compiled_react-dom_fff4b597._.js:9456:40)
    at renderRootSync (http://localhost:4455/_next/static/chunks/41356_next_dist_compiled_react-dom_fff4b597._.js:9440:13)
    at performWorkOnRoot (http://localhost:4455/_next/static/chunks/41356_next_dist_compiled_react-dom_fff4b597._.js:9068:186)
    at performSyncWorkOnRoot (http://localhost:4455/_next/static/chunks/41356_next_dist_compiled_react-dom_fff4b597._.js:10238:9)
    at flushSyncWorkAcrossRoots_impl (http://localhost:4455/_next/static/chunks/41356_next_dist_compiled_react-dom_fff4b597._.js:10154:316)
    at processRootScheduleInMicrotask (http://localhost:4455/_next/static/chunks/41356_next_dist_compiled_react-dom_fff4b597._.js:10175:106)
    at http://localhost:4455/_next/static/chunks/41356_next_dist_compiled_react-dom_fff4b597._.js:10249:158
[38473986ms] Error: `getTranslations` is not supported in Client Components.
    at eval (http://localhost:4455/_next/static/chunks/41356_db1ab835._.js?id=%255Bproject%255D%252FDocuments%252FTest%252FAI%252FAI-Resume-Builder%252Ffrontend%252Fnode_modules%252Fnext-intl%252Fdist%252Fesm%252Fdevelopment%252Fserver%252Freact-client%252Findex.js+%255Bapp-client%255D+%2528ecmascript%2529:32:15)
    at Footer (http://localhost:4455/_next/static/chunks/Documents_Test_AI_AI-Resume-Builder_frontend_a56fb98e._.js?id=%255Bproject%255D%252FDocuments%252FTest%252FAI%252FAI-Resume-Builder%252Ffrontend%252Fcomponents%252FFooter.tsx+%255Bapp-client%255D+%2528ecmascript%2529:17:306)
    at Object.react_stack_bottom_frame (http://localhost:4455/_next/static/chunks/41356_next_dist_compiled_react-dom_fff4b597._.js:14826:24)
    at renderWithHooks (http://localhost:4455/_next/static/chunks/41356_next_dist_compiled_react-dom_fff4b597._.js:4651:24)
    at updateFunctionComponent (http://localhost:4455/_next/static/chunks/41356_next_dist_compiled_react-dom_fff4b597._.js:6112:21)
    at beginWork (http://localhost:4455/_next/static/chunks/41356_next_dist_compiled_react-dom_fff4b597._.js:6708:24)
    at runWithFiberInDEV (http://localhost:4455/_next/static/chunks/41356_next_dist_compiled_react-dom_fff4b597._.js:965:74)
    at performUnitOfWork (http://localhost:4455/_next/static/chunks/41356_next_dist_compiled_react-dom_fff4b597._.js:9562:97)
    at workLoopSync (http://localhost:4455/_next/static/chunks/41356_next_dist_compiled_react-dom_fff4b597._.js:9456:40)
    at renderRootSync (http://localhost:4455/_next/static/chunks/41356_next_dist_compiled_react-dom_fff4b597._.js:9440:13)
    at performWorkOnRoot (http://localhost:4455/_next/static/chunks/41356_next_dist_compiled_react-dom_fff4b597._.js:9068:186)
    at performSyncWorkOnRoot (http://localhost:4455/_next/static/chunks/41356_next_dist_compiled_react-dom_fff4b597._.js:10238:9)
    at flushSyncWorkAcrossRoots_impl (http://localhost:4455/_next/static/chunks/41356_next_dist_compiled_react-dom_fff4b597._.js:10154:316)
    at processRootScheduleInMicrotask (http://localhost:4455/_next/static/chunks/41356_next_dist_compiled_react-dom_fff4b597._.js:10175:106)
    at http://localhost:4455/_next/static/chunks/41356_next_dist_compiled_react-dom_fff4b597._.js:10249:158
[38473990ms] Error: `getTranslations` is not supported in Client Components.
    at eval (http://localhost:4455/_next/static/chunks/41356_db1ab835._.js?id=%255Bproject%255D%252FDocuments%252FTest%252FAI%252FAI-Resume-Builder%252Ffrontend%252Fnode_modules%252Fnext-intl%252Fdist%252Fesm%252Fdevelopment%252Fserver%252Freact-client%252Findex.js+%255Bapp-client%255D+%2528ecmascript%2529:32:15)
    at Footer (http://localhost:4455/_next/static/chunks/Documents_Test_AI_AI-Resume-Builder_frontend_a56fb98e._.js?id=%255Bproject%255D%252FDocuments%252FTest%252FAI%252FAI-Resume-Builder%252Ffrontend%252Fcomponents%252FFooter.tsx+%255Bapp-client%255D+%2528ecmascript%2529:17:306)
    at Object.react_stack_bottom_frame (http://localhost:4455/_next/static/chunks/41356_next_dist_compiled_react-dom_fff4b597._.js:14826:24)
    at renderWithHooks (http://localhost:4455/_next/static/chunks/41356_next_dist_compiled_react-dom_fff4b597._.js:4651:24)
    at updateFunctionComponent (http://localhost:4455/_next/static/chunks/41356_next_dist_compiled_react-dom_fff4b597._.js:6112:21)
    at beginWork (http://localhost:4455/_next/static/chunks/41356_next_dist_compiled_react-dom_fff4b597._.js:6708:24)
    at runWithFiberInDEV (http://localhost:4455/_next/static/chunks/41356_next_dist_compiled_react-dom_fff4b597._.js:965:74)
    at performUnitOfWork (http://localhost:4455/_next/static/chunks/41356_next_dist_compiled_react-dom_fff4b597._.js:9562:97)
    at workLoopSync (http://localhost:4455/_next/static/chunks/41356_next_dist_compiled_react-dom_fff4b597._.js:9456:40)
    at renderRootSync (http://localhost:4455/_next/static/chunks/41356_next_dist_compiled_react-dom_fff4b597._.js:9440:13)
    at performWorkOnRoot (http://localhost:4455/_next/static/chunks/41356_next_dist_compiled_react-dom_fff4b597._.js:9068:186)
    at performSyncWorkOnRoot (http://localhost:4455/_next/static/chunks/41356_next_dist_compiled_react-dom_fff4b597._.js:10238:9)
    at flushSyncWorkAcrossRoots_impl (http://localhost:4455/_next/static/chunks/41356_next_dist_compiled_react-dom_fff4b597._.js:10154:316)
    at processRootScheduleInMicrotask (http://localhost:4455/_next/static/chunks/41356_next_dist_compiled_react-dom_fff4b597._.js:10175:106)
    at http://localhost:4455/_next/static/chunks/41356_next_dist_compiled_react-dom_fff4b597._.js:10249:158
[38473994ms] Error: `getTranslations` is not supported in Client Components.
    at eval (http://localhost:4455/_next/static/chunks/41356_db1ab835._.js?id=%255Bproject%255D%252FDocuments%252FTest%252FAI%252FAI-Resume-Builder%252Ffrontend%252Fnode_modules%252Fnext-intl%252Fdist%252Fesm%252Fdevelopment%252Fserver%252Freact-client%252Findex.js+%255Bapp-client%255D+%2528ecmascript%2529:32:15)
    at Footer (http://localhost:4455/_next/static/chunks/Documents_Test_AI_AI-Resume-Builder_frontend_a56fb98e._.js?id=%255Bproject%255D%252FDocuments%252FTest%252FAI%252FAI-Resume-Builder%252Ffrontend%252Fcomponents%252FFooter.tsx+%255Bapp-client%255D+%2528ecmascript%2529:17:306)
    at Object.react_stack_bottom_frame (http://localhost:4455/_next/static/chunks/41356_next_dist_compiled_react-dom_fff4b597._.js:14826:24)
    at renderWithHooks (http://localhost:4455/_next/static/chunks/41356_next_dist_compiled_react-dom_fff4b597._.js:4651:24)
    at updateFunctionComponent (http://localhost:4455/_next/static/chunks/41356_next_dist_compiled_react-dom_fff4b597._.js:6112:21)
    at beginWork (http://localhost:4455/_next/static/chunks/41356_next_dist_compiled_react-dom_fff4b597._.js:6708:24)
    at runWithFiberInDEV (http://localhost:4455/_next/static/chunks/41356_next_dist_compiled_react-dom_fff4b597._.js:965:74)
    at performUnitOfWork (http://localhost:4455/_next/static/chunks/41356_next_dist_compiled_react-dom_fff4b597._.js:9562:97)
    at workLoopSync (http://localhost:4455/_next/static/chunks/41356_next_dist_compiled_react-dom_fff4b597._.js:9456:40)
    at renderRootSync (http://localhost:4455/_next/static/chunks/41356_next_dist_compiled_react-dom_fff4b597._.js:9440:13)
    at performWorkOnRoot (http://localhost:4455/_next/static/chunks/41356_next_dist_compiled_react-dom_fff4b597._.js:9068:186)
    at performSyncWorkOnRoot (http://localhost:4455/_next/static/chunks/41356_next_dist_compiled_react-dom_fff4b597._.js:10238:9)
    at flushSyncWorkAcrossRoots_impl (http://localhost:4455/_next/static/chunks/41356_next_dist_compiled_react-dom_fff4b597._.js:10154:316)
    at processRootScheduleInMicrotask (http://localhost:4455/_next/static/chunks/41356_next_dist_compiled_react-dom_fff4b597._.js:10175:106)
    at http://localhost:4455/_next/static/chunks/41356_next_dist_compiled_react-dom_fff4b597._.js:10249:158
[38473998ms] Error: `getTranslations` is not supported in Client Components.
    at eval (http://localhost:4455/_next/static/chunks/41356_db1ab835._.js?id=%255Bproject%255D%252FDocuments%252FTest%252FAI%252FAI-Resume-Builder%252Ffrontend%252Fnode_modules%252Fnext-intl%252Fdist%252Fesm%252Fdevelopment%252Fserver%252Freact-client%252Findex.js+%255Bapp-client%255D+%2528ecmascript%2529:32:15)
    at Footer (http://localhost:4455/_next/static/chunks/Documents_Test_AI_AI-Resume-Builder_frontend_a56fb98e._.js?id=%255Bproject%255D%252FDocuments%252FTest%252FAI%252FAI-Resume-Builder%252Ffrontend%252Fcomponents%252FFooter.tsx+%255Bapp-client%255D+%2528ecmascript%2529:17:306)
    at Object.react_stack_bottom_frame (http://localhost:4455/_next/static/chunks/41356_next_dist_compiled_react-dom_fff4b597._.js:14826:24)
    at renderWithHooks (http://localhost:4455/_next/static/chunks/41356_next_dist_compiled_react-dom_fff4b597._.js:4651:24)
    at updateFunctionComponent (http://localhost:4455/_next/static/chunks/41356_next_dist_compiled_react-dom_fff4b597._.js:6112:21)
    at beginWork (http://localhost:4455/_next/static/chunks/41356_next_dist_compiled_react-dom_fff4b597._.js:6708:24)
    at runWithFiberInDEV (http://localhost:4455/_next/static/chunks/41356_next_dist_compiled_react-dom_fff4b597._.js:965:74)
    at performUnitOfWork (http://localhost:4455/_next/static/chunks/41356_next_dist_compiled_react-dom_fff4b597._.js:9562:97)
    at workLoopSync (http://localhost:4455/_next/static/chunks/41356_next_dist_compiled_react-dom_fff4b597._.js:9456:40)
    at renderRootSync (http://localhost:4455/_next/static/chunks/41356_next_dist_compiled_react-dom_fff4b597._.js:9440:13)
    at performWorkOnRoot (http://localhost:4455/_next/static/chunks/41356_next_dist_compiled_react-dom_fff4b597._.js:9068:186)
    at performSyncWorkOnRoot (http://localhost:4455/_next/static/chunks/41356_next_dist_compiled_react-dom_fff4b597._.js:10238:9)
    at flushSyncWorkAcrossRoots_impl (http://localhost:4455/_next/static/chunks/41356_next_dist_compiled_react-dom_fff4b597._.js:10154:316)
    at processRootScheduleInMicrotask (http://localhost:4455/_next/static/chunks/41356_next_dist_compiled_react-dom_fff4b597._.js:10175:106)
    at http://localhost:4455/_next/static/chunks/41356_next_dist_compiled_react-dom_fff4b597._.js:10249:158
[38474003ms] Error: `getTranslations` is not supported in Client Components.
    at eval (http://localhost:4455/_next/static/chunks/41356_db1ab835._.js?id=%255Bproject%255D%252FDocuments%252FTest%252FAI%252FAI-Resume-Builder%252Ffrontend%252Fnode_modules%252Fnext-intl%252Fdist%252Fesm%252Fdevelopment%252Fserver%252Freact-client%252Findex.js+%255Bapp-client%255D+%2528ecmascript%2529:32:15)
    at Footer (http://localhost:4455/_next/static/chunks/Documents_Test_AI_AI-Resume-Builder_frontend_a56fb98e._.js?id=%255Bproject%255D%252FDocuments%252FTest%252FAI%252FAI-Resume-Builder%252Ffrontend%252Fcomponents%252FFooter.tsx+%255Bapp-client%255D+%2528ecmascript%2529:17:306)
    at Object.react_stack_bottom_frame (http://localhost:4455/_next/static/chunks/41356_next_dist_compiled_react-dom_fff4b597._.js:14826:24)
    at renderWithHooks (http://localhost:4455/_next/static/chunks/41356_next_dist_compiled_react-dom_fff4b597._.js:4651:24)
    at updateFunctionComponent (http://localhost:4455/_next/static/chunks/41356_next_dist_compiled_react-dom_fff4b597._.js:6112:21)
    at beginWork (http://localhost:4455/_next/static/chunks/41356_next_dist_compiled_react-dom_fff4b597._.js:6708:24)
    at runWithFiberInDEV (http://localhost:4455/_next/static/chunks/41356_next_dist_compiled_react-dom_fff4b597._.js:965:74)
    at performUnitOfWork (http://localhost:4455/_next/static/chunks/41356_next_dist_compiled_react-dom_fff4b597._.js:9562:97)
    at workLoopSync (http://localhost:4455/_next/static/chunks/41356_next_dist_compiled_react-dom_fff4b597._.js:9456:40)
    at renderRootSync (http://localhost:4455/_next/static/chunks/41356_next_dist_compiled_react-dom_fff4b597._.js:9440:13)
    at performWorkOnRoot (http://localhost:4455/_next/static/chunks/41356_next_dist_compiled_react-dom_fff4b597._.js:9068:186)
    at performSyncWorkOnRoot (http://localhost:4455/_next/static/chunks/41356_next_dist_compiled_react-dom_fff4b597._.js:10238:9)
    at flushSyncWorkAcrossRoots_impl (http://localhost:4455/_next/static/chunks/41356_next_dist_compiled_react-dom_fff4b597._.js:10154:316)
    at processRootScheduleInMicrotask (http://localhost:4455/_next/static/chunks/41356_next_dist_compiled_react-dom_fff4b597._.js:10175:106)
    at http://localhost:4455/_next/static/chunks/41356_next_dist_compiled_react-dom_fff4b597._.js:10249:158
[38474006ms] Error: `getTranslations` is not supported in Client Components.
    at eval (http://localhost:4455/_next/static/chunks/41356_db1ab835._.js?id=%255Bproject%255D%252FDocuments%252FTest%252FAI%252FAI-Resume-Builder%252Ffrontend%252Fnode_modules%252Fnext-intl%252Fdist%252Fesm%252Fdevelopment%252Fserver%252Freact-client%252Findex.js+%255Bapp-client%255D+%2528ecmascript%2529:32:15)
    at Footer (http://localhost:4455/_next/static/chunks/Documents_Test_AI_AI-Resume-Builder_frontend_a56fb98e._.js?id=%255Bproject%255D%252FDocuments%252FTest%252FAI%252FAI-Resume-Builder%252Ffrontend%252Fcomponents%252FFooter.tsx+%255Bapp-client%255D+%2528ecmascript%2529:17:306)
    at Object.react_stack_bottom_frame (http://localhost:4455/_next/static/chunks/41356_next_dist_compiled_react-dom_fff4b597._.js:14826:24)
    at renderWithHooks (http://localhost:4455/_next/static/chunks/41356_next_dist_compiled_react-dom_fff4b597._.js:4651:24)
    at updateFunctionComponent (http://localhost:4455/_next/static/chunks/41356_next_dist_compiled_react-dom_fff4b597._.js:6112:21)
    at beginWork (http://localhost:4455/_next/static/chunks/41356_next_dist_compiled_react-dom_fff4b597._.js:6708:24)
    at runWithFiberInDEV (http://localhost:4455/_next/static/chunks/41356_next_dist_compiled_react-dom_fff4b597._.js:965:74)
    at performUnitOfWork (http://localhost:4455/_next/static/chunks/41356_next_dist_compiled_react-dom_fff4b597._.js:9562:97)
    at workLoopSync (http://localhost:4455/_next/static/chunks/41356_next_dist_compiled_react-dom_fff4b597._.js:9456:40)
    at renderRootSync (http://localhost:4455/_next/static/chunks/41356_next_dist_compiled_react-dom_fff4b597._.js:9440:13)
    at performWorkOnRoot (http://localhost:4455/_next/static/chunks/41356_next_dist_compiled_react-dom_fff4b597._.js:9068:186)
    at performSyncWorkOnRoot (http://localhost:4455/_next/static/chunks/41356_next_dist_compiled_react-dom_fff4b597._.js:10238:9)
    at flushSyncWorkAcrossRoots_impl (http://localhost:4455/_next/static/chunks/41356_next_dist_compiled_react-dom_fff4b597._.js:10154:316)
    at processRootScheduleInMicrotask (http://localhost:4455/_next/static/chunks/41356_next_dist_compiled_react-dom_fff4b597._.js:10175:106)
    at http://localhost:4455/_next/static/chunks/41356_next_dist_compiled_react-dom_fff4b597._.js:10249:158
[38474010ms] Error: `getTranslations` is not supported in Client Components.
    at eval (http://localhost:4455/_next/static/chunks/41356_db1ab835._.js?id=%255Bproject%255D%252FDocuments%252FTest%252FAI%252FAI-Resume-Builder%252Ffrontend%252Fnode_modules%252Fnext-intl%252Fdist%252Fesm%252Fdevelopment%252Fserver%252Freact-client%252Findex.js+%255Bapp-client%255D+%2528ecmascript%2529:32:15)
    at Footer (http://localhost:4455/_next/static/chunks/Documents_Test_AI_AI-Resume-Builder_frontend_a56fb98e._.js?id=%255Bproject%255D%252FDocuments%252FTest%252FAI%252FAI-Resume-Builder%252Ffrontend%252Fcomponents%252FFooter.tsx+%255Bapp-client%255D+%2528ecmascript%2529:17:306)
    at Object.react_stack_bottom_frame (http://localhost:4455/_next/static/chunks/41356_next_dist_compiled_react-dom_fff4b597._.js:14826:24)
    at renderWithHooks (http://localhost:4455/_next/static/chunks/41356_next_dist_compiled_react-dom_fff4b597._.js:4651:24)
    at updateFunctionComponent (http://localhost:4455/_next/static/chunks/41356_next_dist_compiled_react-dom_fff4b597._.js:6112:21)
    at beginWork (http://localhost:4455/_next/static/chunks/41356_next_dist_compiled_react-dom_fff4b597._.js:6708:24)
    at runWithFiberInDEV (http://localhost:4455/_next/static/chunks/41356_next_dist_compiled_react-dom_fff4b597._.js:965:74)
    at performUnitOfWork (http://localhost:4455/_next/static/chunks/41356_next_dist_compiled_react-dom_fff4b597._.js:9562:97)
    at workLoopSync (http://localhost:4455/_next/static/chunks/41356_next_dist_compiled_react-dom_fff4b597._.js:9456:40)
    at renderRootSync (http://localhost:4455/_next/static/chunks/41356_next_dist_compiled_react-dom_fff4b597._.js:9440:13)
    at performWorkOnRoot (http://localhost:4455/_next/static/chunks/41356_next_dist_compiled_react-dom_fff4b597._.js:9068:186)
    at performSyncWorkOnRoot (http://localhost:4455/_next/static/chunks/41356_next_dist_compiled_react-dom_fff4b597._.js:10238:9)
    at flushSyncWorkAcrossRoots_impl (http://localhost:4455/_next/static/chunks/41356_next_dist_compiled_react-dom_fff4b597._.js:10154:316)
    at processRootScheduleInMicrotask (http://localhost:4455/_next/static/chunks/41356_next_dist_compiled_react-dom_fff4b597._.js:10175:106)
    at http://localhost:4455/_next/static/chunks/41356_next_dist_compiled_react-dom_fff4b597._.js:10249:158
[38474014ms] Error: `getTranslations` is not supported in Client Components.
    at eval (http://localhost:4455/_next/static/chunks/41356_db1ab835._.js?id=%255Bproject%255D%252FDocuments%252FTest%252FAI%252FAI-Resume-Builder%252Ffrontend%252Fnode_modules%252Fnext-intl%252Fdist%252Fesm%252Fdevelopment%252Fserver%252Freact-client%252Findex.js+%255Bapp-client%255D+%2528ecmascript%2529:32:15)
    at Footer (http://localhost:4455/_next/static/chunks/Documents_Test_AI_AI-Resume-Builder_frontend_a56fb98e._.js?id=%255Bproject%255D%252FDocuments%252FTest%252FAI%252FAI-Resume-Builder%252Ffrontend%252Fcomponents%252FFooter.tsx+%255Bapp-client%255D+%2528ecmascript%2529:17:306)
    at Object.react_stack_bottom_frame (http://localhost:4455/_next/static/chunks/41356_next_dist_compiled_react-dom_fff4b597._.js:14826:24)
    at renderWithHooks (http://localhost:4455/_next/static/chunks/41356_next_dist_compiled_react-dom_fff4b597._.js:4651:24)
    at updateFunctionComponent (http://localhost:4455/_next/static/chunks/41356_next_dist_compiled_react-dom_fff4b597._.js:6112:21)
    at beginWork (http://localhost:4455/_next/static/chunks/41356_next_dist_compiled_react-dom_fff4b597._.js:6708:24)
    at runWithFiberInDEV (http://localhost:4455/_next/static/chunks/41356_next_dist_compiled_react-dom_fff4b597._.js:965:74)
    at performUnitOfWork (http://localhost:4455/_next/static/chunks/41356_next_dist_compiled_react-dom_fff4b597._.js:9562:97)
    at workLoopSync (http://localhost:4455/_next/static/chunks/41356_next_dist_compiled_react-dom_fff4b597._.js:9456:40)
    at renderRootSync (http://localhost:4455/_next/static/chunks/41356_next_dist_compiled_react-dom_fff4b597._.js:9440:13)
    at performWorkOnRoot (http://localhost:4455/_next/static/chunks/41356_next_dist_compiled_react-dom_fff4b597._.js:9068:186)
    at performSyncWorkOnRoot (http://localhost:4455/_next/static/chunks/41356_next_dist_compiled_react-dom_fff4b597._.js:10238:9)
    at flushSyncWorkAcrossRoots_impl (http://localhost:4455/_next/static/chunks/41356_next_dist_compiled_react-dom_fff4b597._.js:10154:316)
    at processRootScheduleInMicrotask (http://localhost:4455/_next/static/chunks/41356_next_dist_compiled_react-dom_fff4b597._.js:10175:106)
    at http://localhost:4455/_next/static/chunks/41356_next_dist_compiled_react-dom_fff4b597._.js:10249:158
[38474018ms] Error: `getTranslations` is not supported in Client Components.
    at eval (http://localhost:4455/_next/static/chunks/41356_db1ab835._.js?id=%255Bproject%255D%252FDocuments%252FTest%252FAI%252FAI-Resume-Builder%252Ffrontend%252Fnode_modules%252Fnext-intl%252Fdist%252Fesm%252Fdevelopment%252Fserver%252Freact-client%252Findex.js+%255Bapp-client%255D+%2528ecmascript%2529:32:15)
    at Footer (http://localhost:4455/_next/static/chunks/Documents_Test_AI_AI-Resume-Builder_frontend_a56fb98e._.js?id=%255Bproject%255D%252FDocuments%252FTest%252FAI%252FAI-Resume-Builder%252Ffrontend%252Fcomponents%252FFooter.tsx+%255Bapp-client%255D+%2528ecmascript%2529:17:306)
    at Object.react_stack_bottom_frame (http://localhost:4455/_next/static/chunks/41356_next_dist_compiled_react-dom_fff4b597._.js:14826:24)
    at renderWithHooks (http://localhost:4455/_next/static/chunks/41356_next_dist_compiled_react-dom_fff4b597._.js:4651:24)
    at updateFunctionComponent (http://localhost:4455/_next/static/chunks/41356_next_dist_compiled_react-dom_fff4b597._.js:6112:21)
    at beginWork (http://localhost:4455/_next/static/chunks/41356_next_dist_compiled_react-dom_fff4b597._.js:6708:24)
    at runWithFiberInDEV (http://localhost:4455/_next/static/chunks/41356_next_dist_compiled_react-dom_fff4b597._.js:965:74)
    at performUnitOfWork (http://localhost:4455/_next/static/chunks/41356_next_dist_compiled_react-dom_fff4b597._.js:9562:97)
    at workLoopSync (http://localhost:4455/_next/static/chunks/41356_next_dist_compiled_react-dom_fff4b597._.js:9456:40)
    at renderRootSync (http://localhost:4455/_next/static/chunks/41356_next_dist_compiled_react-dom_fff4b597._.js:9440:13)
    at performWorkOnRoot (http://localhost:4455/_next/static/chunks/41356_next_dist_compiled_react-dom_fff4b597._.js:9068:186)
    at performSyncWorkOnRoot (http://localhost:4455/_next/static/chunks/41356_next_dist_compiled_react-dom_fff4b597._.js:10238:9)
    at flushSyncWorkAcrossRoots_impl (http://localhost:4455/_next/static/chunks/41356_next_dist_compiled_react-dom_fff4b597._.js:10154:316)
    at processRootScheduleInMicrotask (http://localhost:4455/_next/static/chunks/41356_next_dist_compiled_react-dom_fff4b597._.js:10175:106)
    at http://localhost:4455/_next/static/chunks/41356_next_dist_compiled_react-dom_fff4b597._.js:10249:158
[38474022ms] Error: `getTranslations` is not supported in Client Components.
    at eval (http://localhost:4455/_next/static/chunks/41356_db1ab835._.js?id=%255Bproject%255D%252FDocuments%252FTest%252FAI%252FAI-Resume-Builder%252Ffrontend%252Fnode_modules%252Fnext-intl%252Fdist%252Fesm%252Fdevelopment%252Fserver%252Freact-client%252Findex.js+%255Bapp-client%255D+%2528ecmascript%2529:32:15)
    at Footer (http://localhost:4455/_next/static/chunks/Documents_Test_AI_AI-Resume-Builder_frontend_a56fb98e._.js?id=%255Bproject%255D%252FDocuments%252FTest%252FAI%252FAI-Resume-Builder%252Ffrontend%252Fcomponents%252FFooter.tsx+%255Bapp-client%255D+%2528ecmascript%2529:17:306)
    at Object.react_stack_bottom_frame (http://localhost:4455/_next/static/chunks/41356_next_dist_compiled_react-dom_fff4b597._.js:14826:24)
    at renderWithHooks (http://localhost:4455/_next/static/chunks/41356_next_dist_compiled_react-dom_fff4b597._.js:4651:24)
    at updateFunctionComponent (http://localhost:4455/_next/static/chunks/41356_next_dist_compiled_react-dom_fff4b597._.js:6112:21)
    at beginWork (http://localhost:4455/_next/static/chunks/41356_next_dist_compiled_react-dom_fff4b597._.js:6708:24)
    at runWithFiberInDEV (http://localhost:4455/_next/static/chunks/41356_next_dist_compiled_react-dom_fff4b597._.js:965:74)
    at performUnitOfWork (http://localhost:4455/_next/static/chunks/41356_next_dist_compiled_react-dom_fff4b597._.js:9562:97)
    at workLoopSync (http://localhost:4455/_next/static/chunks/41356_next_dist_compiled_react-dom_fff4b597._.js:9456:40)
    at renderRootSync (http://localhost:4455/_next/static/chunks/41356_next_dist_compiled_react-dom_fff4b597._.js:9440:13)
    at performWorkOnRoot (http://localhost:4455/_next/static/chunks/41356_next_dist_compiled_react-dom_fff4b597._.js:9068:186)
    at performSyncWorkOnRoot (http://localhost:4455/_next/static/chunks/41356_next_dist_compiled_react-dom_fff4b597._.js:10238:9)
    at flushSyncWorkAcrossRoots_impl (http://localhost:4455/_next/static/chunks/41356_next_dist_compiled_react-dom_fff4b597._.js:10154:316)
    at processRootScheduleInMicrotask (http://localhost:4455/_next/static/chunks/41356_next_dist_compiled_react-dom_fff4b597._.js:10175:106)
    at http://localhost:4455/_next/static/chunks/41356_next_dist_compiled_react-dom_fff4b597._.js:10249:158
[38474028ms] Error: `getTranslations` is not supported in Client Components.
    at eval (http://localhost:4455/_next/static/chunks/41356_db1ab835._.js?id=%255Bproject%255D%252FDocuments%252FTest%252FAI%252FAI-Resume-Builder%252Ffrontend%252Fnode_modules%252Fnext-intl%252Fdist%252Fesm%252Fdevelopment%252Fserver%252Freact-client%252Findex.js+%255Bapp-client%255D+%2528ecmascript%2529:32:15)
    at Footer (http://localhost:4455/_next/static/chunks/Documents_Test_AI_AI-Resume-Builder_frontend_a56fb98e._.js?id=%255Bproject%255D%252FDocuments%252FTest%252FAI%252FAI-Resume-Builder%252Ffrontend%252Fcomponents%252FFooter.tsx+%255Bapp-client%255D+%2528ecmascript%2529:17:306)
    at Object.react_stack_bottom_frame (http://localhost:4455/_next/static/chunks/41356_next_dist_compiled_react-dom_fff4b597._.js:14826:24)
    at renderWithHooks (http://localhost:4455/_next/static/chunks/41356_next_dist_compiled_react-dom_fff4b597._.js:4651:24)
    at updateFunctionComponent (http://localhost:4455/_next/static/chunks/41356_next_dist_compiled_react-dom_fff4b597._.js:6112:21)
    at beginWork (http://localhost:4455/_next/static/chunks/41356_next_dist_compiled_react-dom_fff4b597._.js:6708:24)
    at runWithFiberInDEV (http://localhost:4455/_next/static/chunks/41356_next_dist_compiled_react-dom_fff4b597._.js:965:74)
    at performUnitOfWork (http://localhost:4455/_next/static/chunks/41356_next_dist_compiled_react-dom_fff4b597._.js:9562:97)
    at workLoopSync (http://localhost:4455/_next/static/chunks/41356_next_dist_compiled_react-dom_fff4b597._.js:9456:40)
    at renderRootSync (http://localhost:4455/_next/static/chunks/41356_next_dist_compiled_react-dom_fff4b597._.js:9440:13)
    at performWorkOnRoot (http://localhost:4455/_next/static/chunks/41356_next_dist_compiled_react-dom_fff4b597._.js:9068:186)
    at performSyncWorkOnRoot (http://localhost:4455/_next/static/chunks/41356_next_dist_compiled_react-dom_fff4b597._.js:10238:9)
    at flushSyncWorkAcrossRoots_impl (http://localhost:4455/_next/static/chunks/41356_next_dist_compiled_react-dom_fff4b597._.js:10154:316)
    at processRootScheduleInMicrotask (http://localhost:4455/_next/static/chunks/41356_next_dist_compiled_react-dom_fff4b597._.js:10175:106)
    at http://localhost:4455/_next/static/chunks/41356_next_dist_compiled_react-dom_fff4b597._.js:10249:158
[38474031ms] Error: `getTranslations` is not supported in Client Components.
    at eval (http://localhost:4455/_next/static/chunks/41356_db1ab835._.js?id=%255Bproject%255D%252FDocuments%252FTest%252FAI%252FAI-Resume-Builder%252Ffrontend%252Fnode_modules%252Fnext-intl%252Fdist%252Fesm%252Fdevelopment%252Fserver%252Freact-client%252Findex.js+%255Bapp-client%255D+%2528ecmascript%2529:32:15)
    at Footer (http://localhost:4455/_next/static/chunks/Documents_Test_AI_AI-Resume-Builder_frontend_a56fb98e._.js?id=%255Bproject%255D%252FDocuments%252FTest%252FAI%252FAI-Resume-Builder%252Ffrontend%252Fcomponents%252FFooter.tsx+%255Bapp-client%255D+%2528ecmascript%2529:17:306)
    at Object.react_stack_bottom_frame (http://localhost:4455/_next/static/chunks/41356_next_dist_compiled_react-dom_fff4b597._.js:14826:24)
    at renderWithHooks (http://localhost:4455/_next/static/chunks/41356_next_dist_compiled_react-dom_fff4b597._.js:4651:24)
    at updateFunctionComponent (http://localhost:4455/_next/static/chunks/41356_next_dist_compiled_react-dom_fff4b597._.js:6112:21)
    at beginWork (http://localhost:4455/_next/static/chunks/41356_next_dist_compiled_react-dom_fff4b597._.js:6708:24)
    at runWithFiberInDEV (http://localhost:4455/_next/static/chunks/41356_next_dist_compiled_react-dom_fff4b597._.js:965:74)
    at performUnitOfWork (http://localhost:4455/_next/static/chunks/41356_next_dist_compiled_react-dom_fff4b597._.js:9562:97)
    at workLoopSync (http://localhost:4455/_next/static/chunks/41356_next_dist_compiled_react-dom_fff4b597._.js:9456:40)
    at renderRootSync (http://localhost:4455/_next/static/chunks/41356_next_dist_compiled_react-dom_fff4b597._.js:9440:13)
    at performWorkOnRoot (http://localhost:4455/_next/static/chunks/41356_next_dist_compiled_react-dom_fff4b597._.js:9068:186)
    at performSyncWorkOnRoot (http://localhost:4455/_next/static/chunks/41356_next_dist_compiled_react-dom_fff4b597._.js:10238:9)
    at flushSyncWorkAcrossRoots_impl (http://localhost:4455/_next/static/chunks/41356_next_dist_compiled_react-dom_fff4b597._.js:10154:316)
    at processRootScheduleInMicrotask (http://localhost:4455/_next/static/chunks/41356_next_dist_compiled_react-dom_fff4b597._.js:10175:106)
    at http://localhost:4455/_next/static/chunks/41356_next_dist_compiled_react-dom_fff4b597._.js:10249:158
[38474035ms] Error: `getTranslations` is not supported in Client Components.
    at eval (http://localhost:4455/_next/static/chunks/41356_db1ab835._.js?id=%255Bproject%255D%252FDocuments%252FTest%252FAI%252FAI-Resume-Builder%252Ffrontend%252Fnode_modules%252Fnext-intl%252Fdist%252Fesm%252Fdevelopment%252Fserver%252Freact-client%252Findex.js+%255Bapp-client%255D+%2528ecmascript%2529:32:15)
    at Footer (http://localhost:4455/_next/static/chunks/Documents_Test_AI_AI-Resume-Builder_frontend_a56fb98e._.js?id=%255Bproject%255D%252FDocuments%252FTest%252FAI%252FAI-Resume-Builder%252Ffrontend%252Fcomponents%252FFooter.tsx+%255Bapp-client%255D+%2528ecmascript%2529:17:306)
    at Object.react_stack_bottom_frame (http://localhost:4455/_next/static/chunks/41356_next_dist_compiled_react-dom_fff4b597._.js:14826:24)
    at renderWithHooks (http://localhost:4455/_next/static/chunks/41356_next_dist_compiled_react-dom_fff4b597._.js:4651:24)
    at updateFunctionComponent (http://localhost:4455/_next/static/chunks/41356_next_dist_compiled_react-dom_fff4b597._.js:6112:21)
    at beginWork (http://localhost:4455/_next/static/chunks/41356_next_dist_compiled_react-dom_fff4b597._.js:6708:24)
    at runWithFiberInDEV (http://localhost:4455/_next/static/chunks/41356_next_dist_compiled_react-dom_fff4b597._.js:965:74)
    at performUnitOfWork (http://localhost:4455/_next/static/chunks/41356_next_dist_compiled_react-dom_fff4b597._.js:9562:97)
    at workLoopSync (http://localhost:4455/_next/static/chunks/41356_next_dist_compiled_react-dom_fff4b597._.js:9456:40)
    at renderRootSync (http://localhost:4455/_next/static/chunks/41356_next_dist_compiled_react-dom_fff4b597._.js:9440:13)
    at performWorkOnRoot (http://localhost:4455/_next/static/chunks/41356_next_dist_compiled_react-dom_fff4b597._.js:9068:186)
    at performSyncWorkOnRoot (http://localhost:4455/_next/static/chunks/41356_next_dist_compiled_react-dom_fff4b597._.js:10238:9)
    at flushSyncWorkAcrossRoots_impl (http://localhost:4455/_next/static/chunks/41356_next_dist_compiled_react-dom_fff4b597._.js:10154:316)
    at processRootScheduleInMicrotask (http://localhost:4455/_next/static/chunks/41356_next_dist_compiled_react-dom_fff4b597._.js:10175:106)
    at http://localhost:4455/_next/static/chunks/41356_next_dist_compiled_react-dom_fff4b597._.js:10249:158
[38474039ms] Error: `getTranslations` is not supported in Client Components.
    at eval (http://localhost:4455/_next/static/chunks/41356_db1ab835._.js?id=%255Bproject%255D%252FDocuments%252FTest%252FAI%252FAI-Resume-Builder%252Ffrontend%252Fnode_modules%252Fnext-intl%252Fdist%252Fesm%252Fdevelopment%252Fserver%252Freact-client%252Findex.js+%255Bapp-client%255D+%2528ecmascript%2529:32:15)
    at Footer (http://localhost:4455/_next/static/chunks/Documents_Test_AI_AI-Resume-Builder_frontend_a56fb98e._.js?id=%255Bproject%255D%252FDocuments%252FTest%252FAI%252FAI-Resume-Builder%252Ffrontend%252Fcomponents%252FFooter.tsx+%255Bapp-client%255D+%2528ecmascript%2529:17:306)
    at Object.react_stack_bottom_frame (http://localhost:4455/_next/static/chunks/41356_next_dist_compiled_react-dom_fff4b597._.js:14826:24)
    at renderWithHooks (http://localhost:4455/_next/static/chunks/41356_next_dist_compiled_react-dom_fff4b597._.js:4651:24)
    at updateFunctionComponent (http://localhost:4455/_next/static/chunks/41356_next_dist_compiled_react-dom_fff4b597._.js:6112:21)
    at beginWork (http://localhost:4455/_next/static/chunks/41356_next_dist_compiled_react-dom_fff4b597._.js:6708:24)
    at runWithFiberInDEV (http://localhost:4455/_next/static/chunks/41356_next_dist_compiled_react-dom_fff4b597._.js:965:74)
    at performUnitOfWork (http://localhost:4455/_next/static/chunks/41356_next_dist_compiled_react-dom_fff4b597._.js:9562:97)
    at workLoopSync (http://localhost:4455/_next/static/chunks/41356_next_dist_compiled_react-dom_fff4b597._.js:9456:40)
    at renderRootSync (http://localhost:4455/_next/static/chunks/41356_next_dist_compiled_react-dom_fff4b597._.js:9440:13)
    at performWorkOnRoot (http://localhost:4455/_next/static/chunks/41356_next_dist_compiled_react-dom_fff4b597._.js:9068:186)
    at performSyncWorkOnRoot (http://localhost:4455/_next/static/chunks/41356_next_dist_compiled_react-dom_fff4b597._.js:10238:9)
    at flushSyncWorkAcrossRoots_impl (http://localhost:4455/_next/static/chunks/41356_next_dist_compiled_react-dom_fff4b597._.js:10154:316)
    at processRootScheduleInMicrotask (http://localhost:4455/_next/static/chunks/41356_next_dist_compiled_react-dom_fff4b597._.js:10175:106)
    at http://localhost:4455/_next/static/chunks/41356_next_dist_compiled_react-dom_fff4b597._.js:10249:158
[38474044ms] Error: `getTranslations` is not supported in Client Components.
    at eval (http://localhost:4455/_next/static/chunks/41356_db1ab835._.js?id=%255Bproject%255D%252FDocuments%252FTest%252FAI%252FAI-Resume-Builder%252Ffrontend%252Fnode_modules%252Fnext-intl%252Fdist%252Fesm%252Fdevelopment%252Fserver%252Freact-client%252Findex.js+%255Bapp-client%255D+%2528ecmascript%2529:32:15)
    at Footer (http://localhost:4455/_next/static/chunks/Documents_Test_AI_AI-Resume-Builder_frontend_a56fb98e._.js?id=%255Bproject%255D%252FDocuments%252FTest%252FAI%252FAI-Resume-Builder%252Ffrontend%252Fcomponents%252FFooter.tsx+%255Bapp-client%255D+%2528ecmascript%2529:17:306)
    at Object.react_stack_bottom_frame (http://localhost:4455/_next/static/chunks/41356_next_dist_compiled_react-dom_fff4b597._.js:14826:24)
    at renderWithHooks (http://localhost:4455/_next/static/chunks/41356_next_dist_compiled_react-dom_fff4b597._.js:4651:24)
    at updateFunctionComponent (http://localhost:4455/_next/static/chunks/41356_next_dist_compiled_react-dom_fff4b597._.js:6112:21)
    at beginWork (http://localhost:4455/_next/static/chunks/41356_next_dist_compiled_react-dom_fff4b597._.js:6708:24)
    at runWithFiberInDEV (http://localhost:4455/_next/static/chunks/41356_next_dist_compiled_react-dom_fff4b597._.js:965:74)
    at performUnitOfWork (http://localhost:4455/_next/static/chunks/41356_next_dist_compiled_react-dom_fff4b597._.js:9562:97)
    at workLoopSync (http://localhost:4455/_next/static/chunks/41356_next_dist_compiled_react-dom_fff4b597._.js:9456:40)
    at renderRootSync (http://localhost:4455/_next/static/chunks/41356_next_dist_compiled_react-dom_fff4b597._.js:9440:13)
    at performWorkOnRoot (http://localhost:4455/_next/static/chunks/41356_next_dist_compiled_react-dom_fff4b597._.js:9068:186)
    at performSyncWorkOnRoot (http://localhost:4455/_next/static/chunks/41356_next_dist_compiled_react-dom_fff4b597._.js:10238:9)
    at flushSyncWorkAcrossRoots_impl (http://localhost:4455/_next/static/chunks/41356_next_dist_compiled_react-dom_fff4b597._.js:10154:316)
    at processRootScheduleInMicrotask (http://localhost:4455/_next/static/chunks/41356_next_dist_compiled_react-dom_fff4b597._.js:10175:106)
    at http://localhost:4455/_next/static/chunks/41356_next_dist_compiled_react-dom_fff4b597._.js:10249:158
[38474047ms] Error: `getTranslations` is not supported in Client Components.
    at eval (http://localhost:4455/_next/static/chunks/41356_db1ab835._.js?id=%255Bproject%255D%252FDocuments%252FTest%252FAI%252FAI-Resume-Builder%252Ffrontend%252Fnode_modules%252Fnext-intl%252Fdist%252Fesm%252Fdevelopment%252Fserver%252Freact-client%252Findex.js+%255Bapp-client%255D+%2528ecmascript%2529:32:15)
    at Footer (http://localhost:4455/_next/static/chunks/Documents_Test_AI_AI-Resume-Builder_frontend_a56fb98e._.js?id=%255Bproject%255D%252FDocuments%252FTest%252FAI%252FAI-Resume-Builder%252Ffrontend%252Fcomponents%252FFooter.tsx+%255Bapp-client%255D+%2528ecmascript%2529:17:306)
    at Object.react_stack_bottom_frame (http://localhost:4455/_next/static/chunks/41356_next_dist_compiled_react-dom_fff4b597._.js:14826:24)
    at renderWithHooks (http://localhost:4455/_next/static/chunks/41356_next_dist_compiled_react-dom_fff4b597._.js:4651:24)
    at updateFunctionComponent (http://localhost:4455/_next/static/chunks/41356_next_dist_compiled_react-dom_fff4b597._.js:6112:21)
    at beginWork (http://localhost:4455/_next/static/chunks/41356_next_dist_compiled_react-dom_fff4b597._.js:6708:24)
    at runWithFiberInDEV (http://localhost:4455/_next/static/chunks/41356_next_dist_compiled_react-dom_fff4b597._.js:965:74)
    at performUnitOfWork (http://localhost:4455/_next/static/chunks/41356_next_dist_compiled_react-dom_fff4b597._.js:9562:97)
    at workLoopSync (http://localhost:4455/_next/static/chunks/41356_next_dist_compiled_react-dom_fff4b597._.js:9456:40)
    at renderRootSync (http://localhost:4455/_next/static/chunks/41356_next_dist_compiled_react-dom_fff4b597._.js:9440:13)
    at performWorkOnRoot (http://localhost:4455/_next/static/chunks/41356_next_dist_compiled_react-dom_fff4b597._.js:9068:186)
    at performSyncWorkOnRoot (http://localhost:4455/_next/static/chunks/41356_next_dist_compiled_react-dom_fff4b597._.js:10238:9)
    at flushSyncWorkAcrossRoots_impl (http://localhost:4455/_next/static/chunks/41356_next_dist_compiled_react-dom_fff4b597._.js:10154:316)
    at processRootScheduleInMicrotask (http://localhost:4455/_next/static/chunks/41356_next_dist_compiled_react-dom_fff4b597._.js:10175:106)
    at http://localhost:4455/_next/static/chunks/41356_next_dist_compiled_react-dom_fff4b597._.js:10249:158
[38474051ms] Error: `getTranslations` is not supported in Client Components.
    at eval (http://localhost:4455/_next/static/chunks/41356_db1ab835._.js?id=%255Bproject%255D%252FDocuments%252FTest%252FAI%252FAI-Resume-Builder%252Ffrontend%252Fnode_modules%252Fnext-intl%252Fdist%252Fesm%252Fdevelopment%252Fserver%252Freact-client%252Findex.js+%255Bapp-client%255D+%2528ecmascript%2529:32:15)
    at Footer (http://localhost:4455/_next/static/chunks/Documents_Test_AI_AI-Resume-Builder_frontend_a56fb98e._.js?id=%255Bproject%255D%252FDocuments%252FTest%252FAI%252FAI-Resume-Builder%252Ffrontend%252Fcomponents%252FFooter.tsx+%255Bapp-client%255D+%2528ecmascript%2529:17:306)
    at Object.react_stack_bottom_frame (http://localhost:4455/_next/static/chunks/41356_next_dist_compiled_react-dom_fff4b597._.js:14826:24)
    at renderWithHooks (http://localhost:4455/_next/static/chunks/41356_next_dist_compiled_react-dom_fff4b597._.js:4651:24)
    at updateFunctionComponent (http://localhost:4455/_next/static/chunks/41356_next_dist_compiled_react-dom_fff4b597._.js:6112:21)
    at beginWork (http://localhost:4455/_next/static/chunks/41356_next_dist_compiled_react-dom_fff4b597._.js:6708:24)
    at runWithFiberInDEV (http://localhost:4455/_next/static/chunks/41356_next_dist_compiled_react-dom_fff4b597._.js:965:74)
    at performUnitOfWork (http://localhost:4455/_next/static/chunks/41356_next_dist_compiled_react-dom_fff4b597._.js:9562:97)
    at workLoopSync (http://localhost:4455/_next/static/chunks/41356_next_dist_compiled_react-dom_fff4b597._.js:9456:40)
    at renderRootSync (http://localhost:4455/_next/static/chunks/41356_next_dist_compiled_react-dom_fff4b597._.js:9440:13)
    at performWorkOnRoot (http://localhost:4455/_next/static/chunks/41356_next_dist_compiled_react-dom_fff4b597._.js:9068:186)
    at performSyncWorkOnRoot (http://localhost:4455/_next/static/chunks/41356_next_dist_compiled_react-dom_fff4b597._.js:10238:9)
    at flushSyncWorkAcrossRoots_impl (http://localhost:4455/_next/static/chunks/41356_next_dist_compiled_react-dom_fff4b597._.js:10154:316)
    at processRootScheduleInMicrotask (http://localhost:4455/_next/static/chunks/41356_next_dist_compiled_react-dom_fff4b597._.js:10175:106)
    at http://localhost:4455/_next/static/chunks/41356_next_dist_compiled_react-dom_fff4b597._.js:10249:158
[38474055ms] Error: `getTranslations` is not supported in Client Components.
    at eval (http://localhost:4455/_next/static/chunks/41356_db1ab835._.js?id=%255Bproject%255D%252FDocuments%252FTest%252FAI%252FAI-Resume-Builder%252Ffrontend%252Fnode_modules%252Fnext-intl%252Fdist%252Fesm%252Fdevelopment%252Fserver%252Freact-client%252Findex.js+%255Bapp-client%255D+%2528ecmascript%2529:32:15)
    at Footer (http://localhost:4455/_next/static/chunks/Documents_Test_AI_AI-Resume-Builder_frontend_a56fb98e._.js?id=%255Bproject%255D%252FDocuments%252FTest%252FAI%252FAI-Resume-Builder%252Ffrontend%252Fcomponents%252FFooter.tsx+%255Bapp-client%255D+%2528ecmascript%2529:17:306)
    at Object.react_stack_bottom_frame (http://localhost:4455/_next/static/chunks/41356_next_dist_compiled_react-dom_fff4b597._.js:14826:24)
    at renderWithHooks (http://localhost:4455/_next/static/chunks/41356_next_dist_compiled_react-dom_fff4b597._.js:4651:24)
    at updateFunctionComponent (http://localhost:4455/_next/static/chunks/41356_next_dist_compiled_react-dom_fff4b597._.js:6112:21)
    at beginWork (http://localhost:4455/_next/static/chunks/41356_next_dist_compiled_react-dom_fff4b597._.js:6708:24)
    at runWithFiberInDEV (http://localhost:4455/_next/static/chunks/41356_next_dist_compiled_react-dom_fff4b597._.js:965:74)
    at performUnitOfWork (http://localhost:4455/_next/static/chunks/41356_next_dist_compiled_react-dom_fff4b597._.js:9562:97)
    at workLoopSync (http://localhost:4455/_next/static/chunks/41356_next_dist_compiled_react-dom_fff4b597._.js:9456:40)
    at renderRootSync (http://localhost:4455/_next/static/chunks/41356_next_dist_compiled_react-dom_fff4b597._.js:9440:13)
    at performWorkOnRoot (http://localhost:4455/_next/static/chunks/41356_next_dist_compiled_react-dom_fff4b597._.js:9068:186)
    at performSyncWorkOnRoot (http://localhost:4455/_next/static/chunks/41356_next_dist_compiled_react-dom_fff4b597._.js:10238:9)
    at flushSyncWorkAcrossRoots_impl (http://localhost:4455/_next/static/chunks/41356_next_dist_compiled_react-dom_fff4b597._.js:10154:316)
    at processRootScheduleInMicrotask (http://localhost:4455/_next/static/chunks/41356_next_dist_compiled_react-dom_fff4b597._.js:10175:106)
    at http://localhost:4455/_next/static/chunks/41356_next_dist_compiled_react-dom_fff4b597._.js:10249:158
[38474060ms] Error: `getTranslations` is not supported in Client Components.
    at eval (http://localhost:4455/_next/static/chunks/41356_db1ab835._.js?id=%255Bproject%255D%252FDocuments%252FTest%252FAI%252FAI-Resume-Builder%252Ffrontend%252Fnode_modules%252Fnext-intl%252Fdist%252Fesm%252Fdevelopment%252Fserver%252Freact-client%252Findex.js+%255Bapp-client%255D+%2528ecmascript%2529:32:15)
    at Footer (http://localhost:4455/_next/static/chunks/Documents_Test_AI_AI-Resume-Builder_frontend_a56fb98e._.js?id=%255Bproject%255D%252FDocuments%252FTest%252FAI%252FAI-Resume-Builder%252Ffrontend%252Fcomponents%252FFooter.tsx+%255Bapp-client%255D+%2528ecmascript%2529:17:306)
    at Object.react_stack_bottom_frame (http://localhost:4455/_next/static/chunks/41356_next_dist_compiled_react-dom_fff4b597._.js:14826:24)
    at renderWithHooks (http://localhost:4455/_next/static/chunks/41356_next_dist_compiled_react-dom_fff4b597._.js:4651:24)
    at updateFunctionComponent (http://localhost:4455/_next/static/chunks/41356_next_dist_compiled_react-dom_fff4b597._.js:6112:21)
    at beginWork (http://localhost:4455/_next/static/chunks/41356_next_dist_compiled_react-dom_fff4b597._.js:6708:24)
    at runWithFiberInDEV (http://localhost:4455/_next/static/chunks/41356_next_dist_compiled_react-dom_fff4b597._.js:965:74)
    at performUnitOfWork (http://localhost:4455/_next/static/chunks/41356_next_dist_compiled_react-dom_fff4b597._.js:9562:97)
    at workLoopSync (http://localhost:4455/_next/static/chunks/41356_next_dist_compiled_react-dom_fff4b597._.js:9456:40)
    at renderRootSync (http://localhost:4455/_next/static/chunks/41356_next_dist_compiled_react-dom_fff4b597._.js:9440:13)
    at performWorkOnRoot (http://localhost:4455/_next/static/chunks/41356_next_dist_compiled_react-dom_fff4b597._.js:9068:186)
    at performSyncWorkOnRoot (http://localhost:4455/_next/static/chunks/41356_next_dist_compiled_react-dom_fff4b597._.js:10238:9)
    at flushSyncWorkAcrossRoots_impl (http://localhost:4455/_next/static/chunks/41356_next_dist_compiled_react-dom_fff4b597._.js:10154:316)
    at processRootScheduleInMicrotask (http://localhost:4455/_next/static/chunks/41356_next_dist_compiled_react-dom_fff4b597._.js:10175:106)
    at http://localhost:4455/_next/static/chunks/41356_next_dist_compiled_react-dom_fff4b597._.js:10249:158
[38474063ms] Error: `getTranslations` is not supported in Client Components.
    at eval (http://localhost:4455/_next/static/chunks/41356_db1ab835._.js?id=%255Bproject%255D%252FDocuments%252FTest%252FAI%252FAI-Resume-Builder%252Ffrontend%252Fnode_modules%252Fnext-intl%252Fdist%252Fesm%252Fdevelopment%252Fserver%252Freact-client%252Findex.js+%255Bapp-client%255D+%2528ecmascript%2529:32:15)
    at Footer (http://localhost:4455/_next/static/chunks/Documents_Test_AI_AI-Resume-Builder_frontend_a56fb98e._.js?id=%255Bproject%255D%252FDocuments%252FTest%252FAI%252FAI-Resume-Builder%252Ffrontend%252Fcomponents%252FFooter.tsx+%255Bapp-client%255D+%2528ecmascript%2529:17:306)
    at Object.react_stack_bottom_frame (http://localhost:4455/_next/static/chunks/41356_next_dist_compiled_react-dom_fff4b597._.js:14826:24)
    at renderWithHooks (http://localhost:4455/_next/static/chunks/41356_next_dist_compiled_react-dom_fff4b597._.js:4651:24)
    at updateFunctionComponent (http://localhost:4455/_next/static/chunks/41356_next_dist_compiled_react-dom_fff4b597._.js:6112:21)
    at beginWork (http://localhost:4455/_next/static/chunks/41356_next_dist_compiled_react-dom_fff4b597._.js:6708:24)
    at runWithFiberInDEV (http://localhost:4455/_next/static/chunks/41356_next_dist_compiled_react-dom_fff4b597._.js:965:74)
    at performUnitOfWork (http://localhost:4455/_next/static/chunks/41356_next_dist_compiled_react-dom_fff4b597._.js:9562:97)
    at workLoopSync (http://localhost:4455/_next/static/chunks/41356_next_dist_compiled_react-dom_fff4b597._.js:9456:40)
    at renderRootSync (http://localhost:4455/_next/static/chunks/41356_next_dist_compiled_react-dom_fff4b597._.js:9440:13)
    at performWorkOnRoot (http://localhost:4455/_next/static/chunks/41356_next_dist_compiled_react-dom_fff4b597._.js:9068:186)
    at performSyncWorkOnRoot (http://localhost:4455/_next/static/chunks/41356_next_dist_compiled_react-dom_fff4b597._.js:10238:9)
    at flushSyncWorkAcrossRoots_impl (http://localhost:4455/_next/static/chunks/41356_next_dist_compiled_react-dom_fff4b597._.js:10154:316)
    at processRootScheduleInMicrotask (http://localhost:4455/_next/static/chunks/41356_next_dist_compiled_react-dom_fff4b597._.js:10175:106)
    at http://localhost:4455/_next/static/chunks/41356_next_dist_compiled_react-dom_fff4b597._.js:10249:158
[38474067ms] Error: `getTranslations` is not supported in Client Components.
    at eval (http://localhost:4455/_next/static/chunks/41356_db1ab835._.js?id=%255Bproject%255D%252FDocuments%252FTest%252FAI%252FAI-Resume-Builder%252Ffrontend%252Fnode_modules%252Fnext-intl%252Fdist%252Fesm%252Fdevelopment%252Fserver%252Freact-client%252Findex.js+%255Bapp-client%255D+%2528ecmascript%2529:32:15)
    at Footer (http://localhost:4455/_next/static/chunks/Documents_Test_AI_AI-Resume-Builder_frontend_a56fb98e._.js?id=%255Bproject%255D%252FDocuments%252FTest%252FAI%252FAI-Resume-Builder%252Ffrontend%252Fcomponents%252FFooter.tsx+%255Bapp-client%255D+%2528ecmascript%2529:17:306)
    at Object.react_stack_bottom_frame (http://localhost:4455/_next/static/chunks/41356_next_dist_compiled_react-dom_fff4b597._.js:14826:24)
    at renderWithHooks (http://localhost:4455/_next/static/chunks/41356_next_dist_compiled_react-dom_fff4b597._.js:4651:24)
    at updateFunctionComponent (http://localhost:4455/_next/static/chunks/41356_next_dist_compiled_react-dom_fff4b597._.js:6112:21)
    at beginWork (http://localhost:4455/_next/static/chunks/41356_next_dist_compiled_react-dom_fff4b597._.js:6708:24)
    at runWithFiberInDEV (http://localhost:4455/_next/static/chunks/41356_next_dist_compiled_react-dom_fff4b597._.js:965:74)
    at performUnitOfWork (http://localhost:4455/_next/static/chunks/41356_next_dist_compiled_react-dom_fff4b597._.js:9562:97)
    at workLoopSync (http://localhost:4455/_next/static/chunks/41356_next_dist_compiled_react-dom_fff4b597._.js:9456:40)
    at renderRootSync (http://localhost:4455/_next/static/chunks/41356_next_dist_compiled_react-dom_fff4b597._.js:9440:13)
    at performWorkOnRoot (http://localhost:4455/_next/static/chunks/41356_next_dist_compiled_react-dom_fff4b597._.js:9068:186)
    at performSyncWorkOnRoot (http://localhost:4455/_next/static/chunks/41356_next_dist_compiled_react-dom_fff4b597._.js:10238:9)
    at flushSyncWorkAcrossRoots_impl (http://localhost:4455/_next/static/chunks/41356_next_dist_compiled_react-dom_fff4b597._.js:10154:316)
    at processRootScheduleInMicrotask (http://localhost:4455/_next/static/chunks/41356_next_dist_compiled_react-dom_fff4b597._.js:10175:106)
    at http://localhost:4455/_next/static/chunks/41356_next_dist_compiled_react-dom_fff4b597._.js:10249:158
[38474073ms] Error: `getTranslations` is not supported in Client Components.
    at eval (http://localhost:4455/_next/static/chunks/41356_db1ab835._.js?id=%255Bproject%255D%252FDocuments%252FTest%252FAI%252FAI-Resume-Builder%252Ffrontend%252Fnode_modules%252Fnext-intl%252Fdist%252Fesm%252Fdevelopment%252Fserver%252Freact-client%252Findex.js+%255Bapp-client%255D+%2528ecmascript%2529:32:15)
    at Footer (http://localhost:4455/_next/static/chunks/Documents_Test_AI_AI-Resume-Builder_frontend_a56fb98e._.js?id=%255Bproject%255D%252FDocuments%252FTest%252FAI%252FAI-Resume-Builder%252Ffrontend%252Fcomponents%252FFooter.tsx+%255Bapp-client%255D+%2528ecmascript%2529:17:306)
    at Object.react_stack_bottom_frame (http://localhost:4455/_next/static/chunks/41356_next_dist_compiled_react-dom_fff4b597._.js:14826:24)
    at renderWithHooks (http://localhost:4455/_next/static/chunks/41356_next_dist_compiled_react-dom_fff4b597._.js:4651:24)
    at updateFunctionComponent (http://localhost:4455/_next/static/chunks/41356_next_dist_compiled_react-dom_fff4b597._.js:6112:21)
    at beginWork (http://localhost:4455/_next/static/chunks/41356_next_dist_compiled_react-dom_fff4b597._.js:6708:24)
    at runWithFiberInDEV (http://localhost:4455/_next/static/chunks/41356_next_dist_compiled_react-dom_fff4b597._.js:965:74)
    at performUnitOfWork (http://localhost:4455/_next/static/chunks/41356_next_dist_compiled_react-dom_fff4b597._.js:9562:97)
    at workLoopSync (http://localhost:4455/_next/static/chunks/41356_next_dist_compiled_react-dom_fff4b597._.js:9456:40)
    at renderRootSync (http://localhost:4455/_next/static/chunks/41356_next_dist_compiled_react-dom_fff4b597._.js:9440:13)
    at performWorkOnRoot (http://localhost:4455/_next/static/chunks/41356_next_dist_compiled_react-dom_fff4b597._.js:9068:186)
    at performSyncWorkOnRoot (http://localhost:4455/_next/static/chunks/41356_next_dist_compiled_react-dom_fff4b597._.js:10238:9)
    at flushSyncWorkAcrossRoots_impl (http://localhost:4455/_next/static/chunks/41356_next_dist_compiled_react-dom_fff4b597._.js:10154:316)
    at processRootScheduleInMicrotask (http://localhost:4455/_next/static/chunks/41356_next_dist_compiled_react-dom_fff4b597._.js:10175:106)
    at http://localhost:4455/_next/static/chunks/41356_next_dist_compiled_react-dom_fff4b597._.js:10249:158
[38474077ms] Error: `getTranslations` is not supported in Client Components.
    at eval (http://localhost:4455/_next/static/chunks/41356_db1ab835._.js?id=%255Bproject%255D%252FDocuments%252FTest%252FAI%252FAI-Resume-Builder%252Ffrontend%252Fnode_modules%252Fnext-intl%252Fdist%252Fesm%252Fdevelopment%252Fserver%252Freact-client%252Findex.js+%255Bapp-client%255D+%2528ecmascript%2529:32:15)
    at Footer (http://localhost:4455/_next/static/chunks/Documents_Test_AI_AI-Resume-Builder_frontend_a56fb98e._.js?id=%255Bproject%255D%252FDocuments%252FTest%252FAI%252FAI-Resume-Builder%252Ffrontend%252Fcomponents%252FFooter.tsx+%255Bapp-client%255D+%2528ecmascript%2529:17:306)
    at Object.react_stack_bottom_frame (http://localhost:4455/_next/static/chunks/41356_next_dist_compiled_react-dom_fff4b597._.js:14826:24)
    at renderWithHooks (http://localhost:4455/_next/static/chunks/41356_next_dist_compiled_react-dom_fff4b597._.js:4651:24)
    at updateFunctionComponent (http://localhost:4455/_next/static/chunks/41356_next_dist_compiled_react-dom_fff4b597._.js:6112:21)
    at beginWork (http://localhost:4455/_next/static/chunks/41356_next_dist_compiled_react-dom_fff4b597._.js:6708:24)
    at runWithFiberInDEV (http://localhost:4455/_next/static/chunks/41356_next_dist_compiled_react-dom_fff4b597._.js:965:74)
    at performUnitOfWork (http://localhost:4455/_next/static/chunks/41356_next_dist_compiled_react-dom_fff4b597._.js:9562:97)
    at workLoopSync (http://localhost:4455/_next/static/chunks/41356_next_dist_compiled_react-dom_fff4b597._.js:9456:40)
    at renderRootSync (http://localhost:4455/_next/static/chunks/41356_next_dist_compiled_react-dom_fff4b597._.js:9440:13)
    at performWorkOnRoot (http://localhost:4455/_next/static/chunks/41356_next_dist_compiled_react-dom_fff4b597._.js:9068:186)
    at performSyncWorkOnRoot (http://localhost:4455/_next/static/chunks/41356_next_dist_compiled_react-dom_fff4b597._.js:10238:9)
    at flushSyncWorkAcrossRoots_impl (http://localhost:4455/_next/static/chunks/41356_next_dist_compiled_react-dom_fff4b597._.js:10154:316)
    at processRootScheduleInMicrotask (http://localhost:4455/_next/static/chunks/41356_next_dist_compiled_react-dom_fff4b597._.js:10175:106)
    at http://localhost:4455/_next/static/chunks/41356_next_dist_compiled_react-dom_fff4b597._.js:10249:158
[38474081ms] Error: `getTranslations` is not supported in Client Components.
    at eval (http://localhost:4455/_next/static/chunks/41356_db1ab835._.js?id=%255Bproject%255D%252FDocuments%252FTest%252FAI%252FAI-Resume-Builder%252Ffrontend%252Fnode_modules%252Fnext-intl%252Fdist%252Fesm%252Fdevelopment%252Fserver%252Freact-client%252Findex.js+%255Bapp-client%255D+%2528ecmascript%2529:32:15)
    at Footer (http://localhost:4455/_next/static/chunks/Documents_Test_AI_AI-Resume-Builder_frontend_a56fb98e._.js?id=%255Bproject%255D%252FDocuments%252FTest%252FAI%252FAI-Resume-Builder%252Ffrontend%252Fcomponents%252FFooter.tsx+%255Bapp-client%255D+%2528ecmascript%2529:17:306)
    at Object.react_stack_bottom_frame (http://localhost:4455/_next/static/chunks/41356_next_dist_compiled_react-dom_fff4b597._.js:14826:24)
    at renderWithHooks (http://localhost:4455/_next/static/chunks/41356_next_dist_compiled_react-dom_fff4b597._.js:4651:24)
    at updateFunctionComponent (http://localhost:4455/_next/static/chunks/41356_next_dist_compiled_react-dom_fff4b597._.js:6112:21)
    at beginWork (http://localhost:4455/_next/static/chunks/41356_next_dist_compiled_react-dom_fff4b597._.js:6708:24)
    at runWithFiberInDEV (http://localhost:4455/_next/static/chunks/41356_next_dist_compiled_react-dom_fff4b597._.js:965:74)
    at performUnitOfWork (http://localhost:4455/_next/static/chunks/41356_next_dist_compiled_react-dom_fff4b597._.js:9562:97)
    at workLoopSync (http://localhost:4455/_next/static/chunks/41356_next_dist_compiled_react-dom_fff4b597._.js:9456:40)
    at renderRootSync (http://localhost:4455/_next/static/chunks/41356_next_dist_compiled_react-dom_fff4b597._.js:9440:13)
    at performWorkOnRoot (http://localhost:4455/_next/static/chunks/41356_next_dist_compiled_react-dom_fff4b597._.js:9068:186)
    at performSyncWorkOnRoot (http://localhost:4455/_next/static/chunks/41356_next_dist_compiled_react-dom_fff4b597._.js:10238:9)
    at flushSyncWorkAcrossRoots_impl (http://localhost:4455/_next/static/chunks/41356_next_dist_compiled_react-dom_fff4b597._.js:10154:316)
    at processRootScheduleInMicrotask (http://localhost:4455/_next/static/chunks/41356_next_dist_compiled_react-dom_fff4b597._.js:10175:106)
    at http://localhost:4455/_next/static/chunks/41356_next_dist_compiled_react-dom_fff4b597._.js:10249:158
[38474085ms] Error: `getTranslations` is not supported in Client Components.
    at eval (http://localhost:4455/_next/static/chunks/41356_db1ab835._.js?id=%255Bproject%255D%252FDocuments%252FTest%252FAI%252FAI-Resume-Builder%252Ffrontend%252Fnode_modules%252Fnext-intl%252Fdist%252Fesm%252Fdevelopment%252Fserver%252Freact-client%252Findex.js+%255Bapp-client%255D+%2528ecmascript%2529:32:15)
    at Footer (http://localhost:4455/_next/static/chunks/Documents_Test_AI_AI-Resume-Builder_frontend_a56fb98e._.js?id=%255Bproject%255D%252FDocuments%252FTest%252FAI%252FAI-Resume-Builder%252Ffrontend%252Fcomponents%252FFooter.tsx+%255Bapp-client%255D+%2528ecmascript%2529:17:306)
    at Object.react_stack_bottom_frame (http://localhost:4455/_next/static/chunks/41356_next_dist_compiled_react-dom_fff4b597._.js:14826:24)
    at renderWithHooks (http://localhost:4455/_next/static/chunks/41356_next_dist_compiled_react-dom_fff4b597._.js:4651:24)
    at updateFunctionComponent (http://localhost:4455/_next/static/chunks/41356_next_dist_compiled_react-dom_fff4b597._.js:6112:21)
    at beginWork (http://localhost:4455/_next/static/chunks/41356_next_dist_compiled_react-dom_fff4b597._.js:6708:24)
    at runWithFiberInDEV (http://localhost:4455/_next/static/chunks/41356_next_dist_compiled_react-dom_fff4b597._.js:965:74)
    at performUnitOfWork (http://localhost:4455/_next/static/chunks/41356_next_dist_compiled_react-dom_fff4b597._.js:9562:97)
    at workLoopSync (http://localhost:4455/_next/static/chunks/41356_next_dist_compiled_react-dom_fff4b597._.js:9456:40)
    at renderRootSync (http://localhost:4455/_next/static/chunks/41356_next_dist_compiled_react-dom_fff4b597._.js:9440:13)
    at performWorkOnRoot (http://localhost:4455/_next/static/chunks/41356_next_dist_compiled_react-dom_fff4b597._.js:9068:186)
    at performSyncWorkOnRoot (http://localhost:4455/_next/static/chunks/41356_next_dist_compiled_react-dom_fff4b597._.js:10238:9)
    at flushSyncWorkAcrossRoots_impl (http://localhost:4455/_next/static/chunks/41356_next_dist_compiled_react-dom_fff4b597._.js:10154:316)
    at processRootScheduleInMicrotask (http://localhost:4455/_next/static/chunks/41356_next_dist_compiled_react-dom_fff4b597._.js:10175:106)
    at http://localhost:4455/_next/static/chunks/41356_next_dist_compiled_react-dom_fff4b597._.js:10249:158
[38474090ms] Error: `getTranslations` is not supported in Client Components.
    at eval (http://localhost:4455/_next/static/chunks/41356_db1ab835._.js?id=%255Bproject%255D%252FDocuments%252FTest%252FAI%252FAI-Resume-Builder%252Ffrontend%252Fnode_modules%252Fnext-intl%252Fdist%252Fesm%252Fdevelopment%252Fserver%252Freact-client%252Findex.js+%255Bapp-client%255D+%2528ecmascript%2529:32:15)
    at Footer (http://localhost:4455/_next/static/chunks/Documents_Test_AI_AI-Resume-Builder_frontend_a56fb98e._.js?id=%255Bproject%255D%252FDocuments%252FTest%252FAI%252FAI-Resume-Builder%252Ffrontend%252Fcomponents%252FFooter.tsx+%255Bapp-client%255D+%2528ecmascript%2529:17:306)
    at Object.react_stack_bottom_frame (http://localhost:4455/_next/static/chunks/41356_next_dist_compiled_react-dom_fff4b597._.js:14826:24)
    at renderWithHooks (http://localhost:4455/_next/static/chunks/41356_next_dist_compiled_react-dom_fff4b597._.js:4651:24)
    at updateFunctionComponent (http://localhost:4455/_next/static/chunks/41356_next_dist_compiled_react-dom_fff4b597._.js:6112:21)
    at beginWork (http://localhost:4455/_next/static/chunks/41356_next_dist_compiled_react-dom_fff4b597._.js:6708:24)
    at runWithFiberInDEV (http://localhost:4455/_next/static/chunks/41356_next_dist_compiled_react-dom_fff4b597._.js:965:74)
    at performUnitOfWork (http://localhost:4455/_next/static/chunks/41356_next_dist_compiled_react-dom_fff4b597._.js:9562:97)
    at workLoopSync (http://localhost:4455/_next/static/chunks/41356_next_dist_compiled_react-dom_fff4b597._.js:9456:40)
    at renderRootSync (http://localhost:4455/_next/static/chunks/41356_next_dist_compiled_react-dom_fff4b597._.js:9440:13)
    at performWorkOnRoot (http://localhost:4455/_next/static/chunks/41356_next_dist_compiled_react-dom_fff4b597._.js:9068:186)
    at performSyncWorkOnRoot (http://localhost:4455/_next/static/chunks/41356_next_dist_compiled_react-dom_fff4b597._.js:10238:9)
    at flushSyncWorkAcrossRoots_impl (http://localhost:4455/_next/static/chunks/41356_next_dist_compiled_react-dom_fff4b597._.js:10154:316)
    at processRootScheduleInMicrotask (http://localhost:4455/_next/static/chunks/41356_next_dist_compiled_react-dom_fff4b597._.js:10175:106)
    at http://localhost:4455/_next/static/chunks/41356_next_dist_compiled_react-dom_fff4b597._.js:10249:158
[38474113ms] Error: An unknown Component is an async Client Component. Only Server Components can be async at the moment. This error is often caused by accidentally adding `'use client'` to a module that was originally written for the server.
    at trackUsedThenable (http://localhost:4455/_next/static/chunks/41356_next_dist_compiled_react-dom_fff4b597._.js:3865:98)
    at unwrapThenable (http://localhost:4455/_next/static/chunks/41356_next_dist_compiled_react-dom_fff4b597._.js:3942:16)
    at reconcileChildFibersImpl (http://localhost:4455/_next/static/chunks/41356_next_dist_compiled_react-dom_fff4b597._.js:4278:188)
    at http://localhost:4455/_next/static/chunks/41356_next_dist_compiled_react-dom_fff4b597._.js:4292:39
    at reconcileChildren (http://localhost:4455/_next/static/chunks/41356_next_dist_compiled_react-dom_fff4b597._.js:5929:51)
    at updateFunctionComponent (http://localhost:4455/_next/static/chunks/41356_next_dist_compiled_react-dom_fff4b597._.js:6117:9)
    at beginWork (http://localhost:4455/_next/static/chunks/41356_next_dist_compiled_react-dom_fff4b597._.js:6708:24)
    at runWithFiberInDEV (http://localhost:4455/_next/static/chunks/41356_next_dist_compiled_react-dom_fff4b597._.js:965:74)
    at performUnitOfWork (http://localhost:4455/_next/static/chunks/41356_next_dist_compiled_react-dom_fff4b597._.js:9562:97)
    at workLoopSync (http://localhost:4455/_next/static/chunks/41356_next_dist_compiled_react-dom_fff4b597._.js:9456:40)
    at renderRootSync (http://localhost:4455/_next/static/chunks/41356_next_dist_compiled_react-dom_fff4b597._.js:9440:13)
    at performWorkOnRoot (http://localhost:4455/_next/static/chunks/41356_next_dist_compiled_react-dom_fff4b597._.js:9068:186)
    at performSyncWorkOnRoot (http://localhost:4455/_next/static/chunks/41356_next_dist_compiled_react-dom_fff4b597._.js:10238:9)
    at flushSyncWorkAcrossRoots_impl (http://localhost:4455/_next/static/chunks/41356_next_dist_compiled_react-dom_fff4b597._.js:10154:316)
    at processRootScheduleInMicrotask (http://localhost:4455/_next/static/chunks/41356_next_dist_compiled_react-dom_fff4b597._.js:10175:106)
    at http://localhost:4455/_next/static/chunks/41356_next_dist_compiled_react-dom_fff4b597._.js:10249:158
[38474191ms] Error: `getTranslations` is not supported in Client Components.
    at eval (http://localhost:4455/_next/static/chunks/41356_db1ab835._.js?id=%255Bproject%255D%252FDocuments%252FTest%252FAI%252FAI-Resume-Builder%252Ffrontend%252Fnode_modules%252Fnext-intl%252Fdist%252Fesm%252Fdevelopment%252Fserver%252Freact-client%252Findex.js+%255Bapp-client%255D+%2528ecmascript%2529:32:15)
    at Footer (http://localhost:4455/_next/static/chunks/Documents_Test_AI_AI-Resume-Builder_frontend_a56fb98e._.js?id=%255Bproject%255D%252FDocuments%252FTest%252FAI%252FAI-Resume-Builder%252Ffrontend%252Fcomponents%252FFooter.tsx+%255Bapp-client%255D+%2528ecmascript%2529:17:306)
    at Object.react_stack_bottom_frame (http://localhost:4455/_next/static/chunks/41356_next_dist_compiled_react-dom_fff4b597._.js:14826:24)
    at renderWithHooks (http://localhost:4455/_next/static/chunks/41356_next_dist_compiled_react-dom_fff4b597._.js:4651:24)
    at updateFunctionComponent (http://localhost:4455/_next/static/chunks/41356_next_dist_compiled_react-dom_fff4b597._.js:6112:21)
    at beginWork (http://localhost:4455/_next/static/chunks/41356_next_dist_compiled_react-dom_fff4b597._.js:6708:24)
    at runWithFiberInDEV (http://localhost:4455/_next/static/chunks/41356_next_dist_compiled_react-dom_fff4b597._.js:965:74)
    at performUnitOfWork (http://localhost:4455/_next/static/chunks/41356_next_dist_compiled_react-dom_fff4b597._.js:9562:97)
    at workLoopSync (http://localhost:4455/_next/static/chunks/41356_next_dist_compiled_react-dom_fff4b597._.js:9456:40)
    at renderRootSync (http://localhost:4455/_next/static/chunks/41356_next_dist_compiled_react-dom_fff4b597._.js:9440:13)
    at performWorkOnRoot (http://localhost:4455/_next/static/chunks/41356_next_dist_compiled_react-dom_fff4b597._.js:9068:186)
    at performSyncWorkOnRoot (http://localhost:4455/_next/static/chunks/41356_next_dist_compiled_react-dom_fff4b597._.js:10238:9)
    at flushSyncWorkAcrossRoots_impl (http://localhost:4455/_next/static/chunks/41356_next_dist_compiled_react-dom_fff4b597._.js:10154:316)
    at processRootScheduleInMicrotask (http://localhost:4455/_next/static/chunks/41356_next_dist_compiled_react-dom_fff4b597._.js:10175:106)
    at http://localhost:4455/_next/static/chunks/41356_next_dist_compiled_react-dom_fff4b597._.js:10249:158
[38556753ms] [WARNING] [Fast Refresh] performing full reload because your application had an unrecoverable error @ http://localhost:4455/_next/static/chunks/41356_next_dist_bdce7b59._.js:2297
[38564158ms] [WARNING] Image with src "/logo.png" has either width or height modified, but not the other. If you use CSS to change the size of your image, also include the styles 'width: "auto"' or 'height: "auto"' to maintain the aspect ratio. @ http://localhost:4455/_next/static/chunks/41356_next_dist_bdce7b59._.js:2297
